Algoritmo;Paralelo;TamanhoArray;Distribuicao;Threads;Amostra;TempoNanos;TempoMillis
Merge Sort Serial;false;100;RANDOM;1;1;84600;0.0846
Merge Sort Serial;false;100;RANDOM;1;2;53500;0.0535
Merge Sort Serial;false;100;RANDOM;1;3;88300;0.0883
Merge Sort Serial;false;100;RANDOM;1;4;53400;0.0534
Merge Sort Serial;false;100;RANDOM;1;5;40700;0.0407
Merge Sort Paralelo (ForkJoin);true;100;RANDOM;2;1;1168800;1.1688
Merge Sort Paralelo (ForkJoin);true;100;RANDOM;2;2;1552200;1.5522
Merge Sort Paralelo (ForkJoin);true;100;RANDOM;2;3;954600;0.9546
Merge Sort Paralelo (ForkJoin);true;100;RANDOM;2;4;1023000;1.0230
Merge Sort Paralelo (ForkJoin);true;100;RANDOM;2;5;1130900;1.1309
Merge Sort Paralelo (ForkJoin);true;100;RANDOM;4;1;955000;0.9550
Merge Sort Paralelo (ForkJoin);true;100;RANDOM;4;2;925200;0.9252
Merge Sort Paralelo (ForkJoin);true;100;RANDOM;4;3;954800;0.9548
Merge Sort Paralelo (ForkJoin);true;100;RANDOM;4;4;1922000;1.9220
Merge Sort Paralelo (ForkJoin);true;100;RANDOM;4;5;1475800;1.4758
Merge Sort Paralelo (ForkJoin);true;100;RANDOM;8;1;897200;0.8972
Merge Sort Paralelo (ForkJoin);true;100;RANDOM;8;2;838800;0.8388
Merge Sort Paralelo (ForkJoin);true;100;RANDOM;8;3;1056800;1.0568
Merge Sort Paralelo (ForkJoin);true;100;RANDOM;8;4;873200;0.8732
Merge Sort Paralelo (ForkJoin);true;100;RANDOM;8;5;3487300;3.4873
Merge Sort Serial;false;500;RANDOM;1;1;327300;0.3273
Merge Sort Serial;false;500;RANDOM;1;2;129600;0.1296
Merge Sort Serial;false;500;RANDOM;1;3;103100;0.1031
Merge Sort Serial;false;500;RANDOM;1;4;129300;0.1293
Merge Sort Serial;false;500;RANDOM;1;5;142200;0.1422
Merge Sort Paralelo (ForkJoin);true;500;RANDOM;2;1;1049600;1.0496
Merge Sort Paralelo (ForkJoin);true;500;RANDOM;2;2;1748600;1.7486
Merge Sort Paralelo (ForkJoin);true;500;RANDOM;2;3;978700;0.9787
Merge Sort Paralelo (ForkJoin);true;500;RANDOM;2;4;886500;0.8865
Merge Sort Paralelo (ForkJoin);true;500;RANDOM;2;5;977300;0.9773
Merge Sort Paralelo (ForkJoin);true;500;RANDOM;4;1;1333000;1.3330
Merge Sort Paralelo (ForkJoin);true;500;RANDOM;4;2;904900;0.9049
Merge Sort Paralelo (ForkJoin);true;500;RANDOM;4;3;943400;0.9434
Merge Sort Paralelo (ForkJoin);true;500;RANDOM;4;4;1067100;1.0671
Merge Sort Paralelo (ForkJoin);true;500;RANDOM;4;5;1086400;1.0864
Merge Sort Paralelo (ForkJoin);true;500;RANDOM;8;1;2701300;2.7013
Merge Sort Paralelo (ForkJoin);true;500;RANDOM;8;2;1053500;1.0535
Merge Sort Paralelo (ForkJoin);true;500;RANDOM;8;3;1258200;1.2582
Merge Sort Paralelo (ForkJoin);true;500;RANDOM;8;4;4401700;4.4017
Merge Sort Paralelo (ForkJoin);true;500;RANDOM;8;5;1105200;1.1052
Merge Sort Serial;false;100;NEARLY_SORTED;1;1;37800;0.0378
Merge Sort Serial;false;100;NEARLY_SORTED;1;2;53300;0.0533
Merge Sort Serial;false;100;NEARLY_SORTED;1;3;46400;0.0464
Merge Sort Serial;false;100;NEARLY_SORTED;1;4;41100;0.0411
Merge Sort Serial;false;100;NEARLY_SORTED;1;5;35200;0.0352
Merge Sort Paralelo (ForkJoin);true;100;NEARLY_SORTED;2;1;891100;0.8911
Merge Sort Paralelo (ForkJoin);true;100;NEARLY_SORTED;2;2;847100;0.8471
Merge Sort Paralelo (ForkJoin);true;100;NEARLY_SORTED;2;3;685300;0.6853
Merge Sort Paralelo (ForkJoin);true;100;NEARLY_SORTED;2;4;778600;0.7786
Merge Sort Paralelo (ForkJoin);true;100;NEARLY_SORTED;2;5;885500;0.8855
Merge Sort Paralelo (ForkJoin);true;100;NEARLY_SORTED;4;1;888900;0.8889
Merge Sort Paralelo (ForkJoin);true;100;NEARLY_SORTED;4;2;811600;0.8116
Merge Sort Paralelo (ForkJoin);true;100;NEARLY_SORTED;4;3;858500;0.8585
Merge Sort Paralelo (ForkJoin);true;100;NEARLY_SORTED;4;4;1049200;1.0492
Merge Sort Paralelo (ForkJoin);true;100;NEARLY_SORTED;4;5;1661700;1.6617
Merge Sort Paralelo (ForkJoin);true;100;NEARLY_SORTED;8;1;1230700;1.2307
Merge Sort Paralelo (ForkJoin);true;100;NEARLY_SORTED;8;2;1076000;1.0760
Merge Sort Paralelo (ForkJoin);true;100;NEARLY_SORTED;8;3;834500;0.8345
Merge Sort Paralelo (ForkJoin);true;100;NEARLY_SORTED;8;4;821700;0.8217
Merge Sort Paralelo (ForkJoin);true;100;NEARLY_SORTED;8;5;879700;0.8797
Merge Sort Serial;false;500;NEARLY_SORTED;1;1;107700;0.1077
Merge Sort Serial;false;500;NEARLY_SORTED;1;2;116800;0.1168
Merge Sort Serial;false;500;NEARLY_SORTED;1;3;105500;0.1055
Merge Sort Serial;false;500;NEARLY_SORTED;1;4;98100;0.0981
Merge Sort Serial;false;500;NEARLY_SORTED;1;5;103300;0.1033
Merge Sort Paralelo (ForkJoin);true;500;NEARLY_SORTED;2;1;1406800;1.4068
Merge Sort Paralelo (ForkJoin);true;500;NEARLY_SORTED;2;2;816800;0.8168
Merge Sort Paralelo (ForkJoin);true;500;NEARLY_SORTED;2;3;1087900;1.0879
Merge Sort Paralelo (ForkJoin);true;500;NEARLY_SORTED;2;4;1019900;1.0199
Merge Sort Paralelo (ForkJoin);true;500;NEARLY_SORTED;2;5;947500;0.9475
Merge Sort Paralelo (ForkJoin);true;500;NEARLY_SORTED;4;1;994900;0.9949
Merge Sort Paralelo (ForkJoin);true;500;NEARLY_SORTED;4;2;849900;0.8499
Merge Sort Paralelo (ForkJoin);true;500;NEARLY_SORTED;4;3;932600;0.9326
Merge Sort Paralelo (ForkJoin);true;500;NEARLY_SORTED;4;4;1029400;1.0294
Merge Sort Paralelo (ForkJoin);true;500;NEARLY_SORTED;4;5;966500;0.9665
Merge Sort Paralelo (ForkJoin);true;500;NEARLY_SORTED;8;1;1013500;1.0135
Merge Sort Paralelo (ForkJoin);true;500;NEARLY_SORTED;8;2;1233700;1.2337
Merge Sort Paralelo (ForkJoin);true;500;NEARLY_SORTED;8;3;1032100;1.0321
Merge Sort Paralelo (ForkJoin);true;500;NEARLY_SORTED;8;4;1298500;1.2985
Merge Sort Paralelo (ForkJoin);true;500;NEARLY_SORTED;8;5;858300;0.8583
Merge Sort Serial;false;100;REVERSED;1;1;37300;0.0373
Merge Sort Serial;false;100;REVERSED;1;2;32500;0.0325
Merge Sort Serial;false;100;REVERSED;1;3;30000;0.0300
Merge Sort Serial;false;100;REVERSED;1;4;34100;0.0341
Merge Sort Serial;false;100;REVERSED;1;5;34400;0.0344
Merge Sort Paralelo (ForkJoin);true;100;REVERSED;2;1;921000;0.9210
Merge Sort Paralelo (ForkJoin);true;100;REVERSED;2;2;1596500;1.5965
Merge Sort Paralelo (ForkJoin);true;100;REVERSED;2;3;1750900;1.7509
Merge Sort Paralelo (ForkJoin);true;100;REVERSED;2;4;2167600;2.1676
Merge Sort Paralelo (ForkJoin);true;100;REVERSED;2;5;1117500;1.1175
Merge Sort Paralelo (ForkJoin);true;100;REVERSED;4;1;1310100;1.3101
Merge Sort Paralelo (ForkJoin);true;100;REVERSED;4;2;1257800;1.2578
Merge Sort Paralelo (ForkJoin);true;100;REVERSED;4;3;817700;0.8177
Merge Sort Paralelo (ForkJoin);true;100;REVERSED;4;4;2580300;2.5803
Merge Sort Paralelo (ForkJoin);true;100;REVERSED;4;5;6282300;6.2823
Merge Sort Paralelo (ForkJoin);true;100;REVERSED;8;1;1481000;1.4810
Merge Sort Paralelo (ForkJoin);true;100;REVERSED;8;2;767700;0.7677
Merge Sort Paralelo (ForkJoin);true;100;REVERSED;8;3;1085800;1.0858
Merge Sort Paralelo (ForkJoin);true;100;REVERSED;8;4;898400;0.8984
Merge Sort Paralelo (ForkJoin);true;100;REVERSED;8;5;798500;0.7985
Merge Sort Serial;false;500;REVERSED;1;1;83300;0.0833
Merge Sort Serial;false;500;REVERSED;1;2;87300;0.0873
Merge Sort Serial;false;500;REVERSED;1;3;80700;0.0807
Merge Sort Serial;false;500;REVERSED;1;4;62100;0.0621
Merge Sort Serial;false;500;REVERSED;1;5;131000;0.1310
Merge Sort Paralelo (ForkJoin);true;500;REVERSED;2;1;1043700;1.0437
Merge Sort Paralelo (ForkJoin);true;500;REVERSED;2;2;1013500;1.0135
Merge Sort Paralelo (ForkJoin);true;500;REVERSED;2;3;963100;0.9631
Merge Sort Paralelo (ForkJoin);true;500;REVERSED;2;4;974600;0.9746
Merge Sort Paralelo (ForkJoin);true;500;REVERSED;2;5;945600;0.9456
Merge Sort Paralelo (ForkJoin);true;500;REVERSED;4;1;862100;0.8621
Merge Sort Paralelo (ForkJoin);true;500;REVERSED;4;2;937800;0.9378
Merge Sort Paralelo (ForkJoin);true;500;REVERSED;4;3;935600;0.9356
Merge Sort Paralelo (ForkJoin);true;500;REVERSED;4;4;1747900;1.7479
Merge Sort Paralelo (ForkJoin);true;500;REVERSED;4;5;1329000;1.3290
Merge Sort Paralelo (ForkJoin);true;500;REVERSED;8;1;950700;0.9507
Merge Sort Paralelo (ForkJoin);true;500;REVERSED;8;2;905100;0.9051
Merge Sort Paralelo (ForkJoin);true;500;REVERSED;8;3;1865200;1.8652
Merge Sort Paralelo (ForkJoin);true;500;REVERSED;8;4;835300;0.8353
Merge Sort Paralelo (ForkJoin);true;500;REVERSED;8;5;956500;0.9565
Bubble Sort Serial;false;100;RANDOM;1;1;174400;0.1744
Bubble Sort Serial;false;100;RANDOM;1;2;54400;0.0544
Bubble Sort Serial;false;100;RANDOM;1;3;201600;0.2016
Bubble Sort Serial;false;100;RANDOM;1;4;49400;0.0494
Bubble Sort Serial;false;100;RANDOM;1;5;193500;0.1935
Bubble Sort Paralelo (Odd-Even);true;100;RANDOM;2;1;922100;0.9221
Bubble Sort Paralelo (Odd-Even);true;100;RANDOM;2;2;1491200;1.4912
Bubble Sort Paralelo (Odd-Even);true;100;RANDOM;2;3;832900;0.8329
Bubble Sort Paralelo (Odd-Even);true;100;RANDOM;2;4;871400;0.8714
Bubble Sort Paralelo (Odd-Even);true;100;RANDOM;2;5;1043900;1.0439
Bubble Sort Paralelo (Odd-Even);true;100;RANDOM;4;1;1908000;1.9080
Bubble Sort Paralelo (Odd-Even);true;100;RANDOM;4;2;3530100;3.5301
Bubble Sort Paralelo (Odd-Even);true;100;RANDOM;4;3;1544000;1.5440
Bubble Sort Paralelo (Odd-Even);true;100;RANDOM;4;4;1837400;1.8374
Bubble Sort Paralelo (Odd-Even);true;100;RANDOM;4;5;1500000;1.5000
Bubble Sort Paralelo (Odd-Even);true;100;RANDOM;8;1;9259800;9.2598
Bubble Sort Paralelo (Odd-Even);true;100;RANDOM;8;2;7699200;7.6992
Bubble Sort Paralelo (Odd-Even);true;100;RANDOM;8;3;12675500;12.6755
Bubble Sort Paralelo (Odd-Even);true;100;RANDOM;8;4;27592400;27.5924
Bubble Sort Paralelo (Odd-Even);true;100;RANDOM;8;5;11862600;11.8626
Insertion Sort Serial;false;100;RANDOM;1;1;23800;0.0238
Insertion Sort Serial;false;100;RANDOM;1;2;19900;0.0199
Insertion Sort Serial;false;100;RANDOM;1;3;20900;0.0209
Insertion Sort Serial;false;100;RANDOM;1;4;13600;0.0136
Insertion Sort Serial;false;100;RANDOM;1;5;17400;0.0174
Insertion Sort Paralelo (ForkJoin);true;100;RANDOM;2;1;977800;0.9778
Insertion Sort Paralelo (ForkJoin);true;100;RANDOM;2;2;1731700;1.7317
Insertion Sort Paralelo (ForkJoin);true;100;RANDOM;2;3;2074000;2.0740
Insertion Sort Paralelo (ForkJoin);true;100;RANDOM;2;4;1307300;1.3073
Insertion Sort Paralelo (ForkJoin);true;100;RANDOM;2;5;1417100;1.4171
Insertion Sort Paralelo (ForkJoin);true;100;RANDOM;4;1;1583900;1.5839
Insertion Sort Paralelo (ForkJoin);true;100;RANDOM;4;2;1261000;1.2610
Insertion Sort Paralelo (ForkJoin);true;100;RANDOM;4;3;1773800;1.7738
Insertion Sort Paralelo (ForkJoin);true;100;RANDOM;4;4;1365300;1.3653
Insertion Sort Paralelo (ForkJoin);true;100;RANDOM;4;5;1009100;1.0091
Insertion Sort Paralelo (ForkJoin);true;100;RANDOM;8;1;993100;0.9931
Insertion Sort Paralelo (ForkJoin);true;100;RANDOM;8;2;1049000;1.0490
Insertion Sort Paralelo (ForkJoin);true;100;RANDOM;8;3;1094800;1.0948
Insertion Sort Paralelo (ForkJoin);true;100;RANDOM;8;4;1239000;1.2390
Insertion Sort Paralelo (ForkJoin);true;100;RANDOM;8;5;2807500;2.8075
Quick Sort Serial;false;100;RANDOM;1;1;62200;0.0622
Quick Sort Serial;false;100;RANDOM;1;2;17700;0.0177
Quick Sort Serial;false;100;RANDOM;1;3;12700;0.0127
Quick Sort Serial;false;100;RANDOM;1;4;12300;0.0123
Quick Sort Serial;false;100;RANDOM;1;5;14200;0.0142
Quick Sort Paralelo (ForkJoin);true;100;RANDOM;2;1;911400;0.9114
Quick Sort Paralelo (ForkJoin);true;100;RANDOM;2;2;824600;0.8246
Quick Sort Paralelo (ForkJoin);true;100;RANDOM;2;3;1140300;1.1403
Quick Sort Paralelo (ForkJoin);true;100;RANDOM;2;4;2001300;2.0013
Quick Sort Paralelo (ForkJoin);true;100;RANDOM;2;5;1068300;1.0683
Quick Sort Paralelo (ForkJoin);true;100;RANDOM;4;1;902800;0.9028
Quick Sort Paralelo (ForkJoin);true;100;RANDOM;4;2;837100;0.8371
Quick Sort Paralelo (ForkJoin);true;100;RANDOM;4;3;2266700;2.2667
Quick Sort Paralelo (ForkJoin);true;100;RANDOM;4;4;1348700;1.3487
Quick Sort Paralelo (ForkJoin);true;100;RANDOM;4;5;1324200;1.3242
Quick Sort Paralelo (ForkJoin);true;100;RANDOM;8;1;2847500;2.8475
Quick Sort Paralelo (ForkJoin);true;100;RANDOM;8;2;1287400;1.2874
Quick Sort Paralelo (ForkJoin);true;100;RANDOM;8;3;1941600;1.9416
Quick Sort Paralelo (ForkJoin);true;100;RANDOM;8;4;1394800;1.3948
Quick Sort Paralelo (ForkJoin);true;100;RANDOM;8;5;91790800;91.7908
Merge Sort Serial;false;100;RANDOM;1;1;101500;0.1015
Merge Sort Serial;false;100;RANDOM;1;2;46700;0.0467
Merge Sort Serial;false;100;RANDOM;1;3;47700;0.0477
Merge Sort Serial;false;100;RANDOM;1;4;61500;0.0615
Merge Sort Serial;false;100;RANDOM;1;5;52600;0.0526
Merge Sort Paralelo (ForkJoin);true;100;RANDOM;2;1;1219000;1.2190
Merge Sort Paralelo (ForkJoin);true;100;RANDOM;2;2;1671800;1.6718
Merge Sort Paralelo (ForkJoin);true;100;RANDOM;2;3;1325000;1.3250
Merge Sort Paralelo (ForkJoin);true;100;RANDOM;2;4;1602700;1.6027
Merge Sort Paralelo (ForkJoin);true;100;RANDOM;2;5;1153700;1.1537
Merge Sort Paralelo (ForkJoin);true;100;RANDOM;4;1;823700;0.8237
Merge Sort Paralelo (ForkJoin);true;100;RANDOM;4;2;812000;0.8120
Merge Sort Paralelo (ForkJoin);true;100;RANDOM;4;3;922200;0.9222
Merge Sort Paralelo (ForkJoin);true;100;RANDOM;4;4;673100;0.6731
Merge Sort Paralelo (ForkJoin);true;100;RANDOM;4;5;683600;0.6836
Merge Sort Paralelo (ForkJoin);true;100;RANDOM;8;1;683700;0.6837
Merge Sort Paralelo (ForkJoin);true;100;RANDOM;8;2;819500;0.8195
Merge Sort Paralelo (ForkJoin);true;100;RANDOM;8;3;1019600;1.0196
Merge Sort Paralelo (ForkJoin);true;100;RANDOM;8;4;741500;0.7415
Merge Sort Paralelo (ForkJoin);true;100;RANDOM;8;5;733000;0.7330
Bubble Sort Serial;false;500;RANDOM;1;1;618200;0.6182
Bubble Sort Serial;false;500;RANDOM;1;2;645900;0.6459
Bubble Sort Serial;false;500;RANDOM;1;3;506600;0.5066
Bubble Sort Serial;false;500;RANDOM;1;4;689800;0.6898
Bubble Sort Serial;false;500;RANDOM;1;5;370500;0.3705
Bubble Sort Paralelo (Odd-Even);true;500;RANDOM;2;1;4497100;4.4971
Bubble Sort Paralelo (Odd-Even);true;500;RANDOM;2;2;4778200;4.7782
Bubble Sort Paralelo (Odd-Even);true;500;RANDOM;2;3;4667600;4.6676
Bubble Sort Paralelo (Odd-Even);true;500;RANDOM;2;4;2647200;2.6472
Bubble Sort Paralelo (Odd-Even);true;500;RANDOM;2;5;2415100;2.4151
Bubble Sort Paralelo (Odd-Even);true;500;RANDOM;4;1;3615500;3.6155
Bubble Sort Paralelo (Odd-Even);true;500;RANDOM;4;2;1302500;1.3025
Bubble Sort Paralelo (Odd-Even);true;500;RANDOM;4;3;1177300;1.1773
Bubble Sort Paralelo (Odd-Even);true;500;RANDOM;4;4;1130700;1.1307
Bubble Sort Paralelo (Odd-Even);true;500;RANDOM;4;5;1211400;1.2114
Bubble Sort Paralelo (Odd-Even);true;500;RANDOM;8;1;5383700;5.3837
Bubble Sort Paralelo (Odd-Even);true;500;RANDOM;8;2;2083700;2.0837
Bubble Sort Paralelo (Odd-Even);true;500;RANDOM;8;3;22974600;22.9746
Bubble Sort Paralelo (Odd-Even);true;500;RANDOM;8;4;22413700;22.4137
Bubble Sort Paralelo (Odd-Even);true;500;RANDOM;8;5;16078000;16.0780
Insertion Sort Serial;false;500;RANDOM;1;1;40000;0.0400
Insertion Sort Serial;false;500;RANDOM;1;2;40300;0.0403
Insertion Sort Serial;false;500;RANDOM;1;3;39500;0.0395
Insertion Sort Serial;false;500;RANDOM;1;4;39700;0.0397
Insertion Sort Serial;false;500;RANDOM;1;5;38600;0.0386
Insertion Sort Paralelo (ForkJoin);true;500;RANDOM;2;1;1040600;1.0406
Insertion Sort Paralelo (ForkJoin);true;500;RANDOM;2;2;1014700;1.0147
Insertion Sort Paralelo (ForkJoin);true;500;RANDOM;2;3;1282200;1.2822
Insertion Sort Paralelo (ForkJoin);true;500;RANDOM;2;4;1462400;1.4624
Insertion Sort Paralelo (ForkJoin);true;500;RANDOM;2;5;1052300;1.0523
Insertion Sort Paralelo (ForkJoin);true;500;RANDOM;4;1;1115200;1.1152
Insertion Sort Paralelo (ForkJoin);true;500;RANDOM;4;2;853900;0.8539
Insertion Sort Paralelo (ForkJoin);true;500;RANDOM;4;3;818700;0.8187
Insertion Sort Paralelo (ForkJoin);true;500;RANDOM;4;4;841200;0.8412
Insertion Sort Paralelo (ForkJoin);true;500;RANDOM;4;5;810900;0.8109
Insertion Sort Paralelo (ForkJoin);true;500;RANDOM;8;1;968500;0.9685
Insertion Sort Paralelo (ForkJoin);true;500;RANDOM;8;2;1065800;1.0658
Insertion Sort Paralelo (ForkJoin);true;500;RANDOM;8;3;805000;0.8050
Insertion Sort Paralelo (ForkJoin);true;500;RANDOM;8;4;941300;0.9413
Insertion Sort Paralelo (ForkJoin);true;500;RANDOM;8;5;933800;0.9338
Quick Sort Serial;false;500;RANDOM;1;1;43700;0.0437
Quick Sort Serial;false;500;RANDOM;1;2;47500;0.0475
Quick Sort Serial;false;500;RANDOM;1;3;43400;0.0434
Quick Sort Serial;false;500;RANDOM;1;4;43700;0.0437
Quick Sort Serial;false;500;RANDOM;1;5;39800;0.0398
Quick Sort Paralelo (ForkJoin);true;500;RANDOM;2;1;951100;0.9511
Quick Sort Paralelo (ForkJoin);true;500;RANDOM;2;2;1099200;1.0992
Quick Sort Paralelo (ForkJoin);true;500;RANDOM;2;3;724400;0.7244
Quick Sort Paralelo (ForkJoin);true;500;RANDOM;2;4;826700;0.8267
Quick Sort Paralelo (ForkJoin);true;500;RANDOM;2;5;857700;0.8577
Quick Sort Paralelo (ForkJoin);true;500;RANDOM;4;1;957400;0.9574
Quick Sort Paralelo (ForkJoin);true;500;RANDOM;4;2;1039100;1.0391
Quick Sort Paralelo (ForkJoin);true;500;RANDOM;4;3;1211800;1.2118
Quick Sort Paralelo (ForkJoin);true;500;RANDOM;4;4;687400;0.6874
Quick Sort Paralelo (ForkJoin);true;500;RANDOM;4;5;835600;0.8356
Quick Sort Paralelo (ForkJoin);true;500;RANDOM;8;1;728500;0.7285
Quick Sort Paralelo (ForkJoin);true;500;RANDOM;8;2;730400;0.7304
Quick Sort Paralelo (ForkJoin);true;500;RANDOM;8;3;1126100;1.1261
Quick Sort Paralelo (ForkJoin);true;500;RANDOM;8;4;753200;0.7532
Quick Sort Paralelo (ForkJoin);true;500;RANDOM;8;5;839600;0.8396
Merge Sort Serial;false;500;RANDOM;1;1;99800;0.0998
Merge Sort Serial;false;500;RANDOM;1;2;96900;0.0969
Merge Sort Serial;false;500;RANDOM;1;3;133500;0.1335
Merge Sort Serial;false;500;RANDOM;1;4;162800;0.1628
Merge Sort Serial;false;500;RANDOM;1;5;96700;0.0967
Merge Sort Paralelo (ForkJoin);true;500;RANDOM;2;1;1017400;1.0174
Merge Sort Paralelo (ForkJoin);true;500;RANDOM;2;2;1073200;1.0732
Merge Sort Paralelo (ForkJoin);true;500;RANDOM;2;3;707600;0.7076
Merge Sort Paralelo (ForkJoin);true;500;RANDOM;2;4;939400;0.9394
Merge Sort Paralelo (ForkJoin);true;500;RANDOM;2;5;961700;0.9617
Merge Sort Paralelo (ForkJoin);true;500;RANDOM;4;1;1313700;1.3137
Merge Sort Paralelo (ForkJoin);true;500;RANDOM;4;2;959200;0.9592
Merge Sort Paralelo (ForkJoin);true;500;RANDOM;4;3;1005300;1.0053
Merge Sort Paralelo (ForkJoin);true;500;RANDOM;4;4;1405000;1.4050
Merge Sort Paralelo (ForkJoin);true;500;RANDOM;4;5;866100;0.8661
Merge Sort Paralelo (ForkJoin);true;500;RANDOM;8;1;1140400;1.1404
Merge Sort Paralelo (ForkJoin);true;500;RANDOM;8;2;1113200;1.1132
Merge Sort Paralelo (ForkJoin);true;500;RANDOM;8;3;1048200;1.0482
Merge Sort Paralelo (ForkJoin);true;500;RANDOM;8;4;793400;0.7934
Merge Sort Paralelo (ForkJoin);true;500;RANDOM;8;5;1078800;1.0788
Bubble Sort Serial;false;100;NEARLY_SORTED;1;1;11300;0.0113
Bubble Sort Serial;false;100;NEARLY_SORTED;1;2;11800;0.0118
Bubble Sort Serial;false;100;NEARLY_SORTED;1;3;9000;0.0090
Bubble Sort Serial;false;100;NEARLY_SORTED;1;4;17100;0.0171
Bubble Sort Serial;false;100;NEARLY_SORTED;1;5;9800;0.0098
Bubble Sort Paralelo (Odd-Even);true;100;NEARLY_SORTED;2;1;885200;0.8852
Bubble Sort Paralelo (Odd-Even);true;100;NEARLY_SORTED;2;2;722900;0.7229
Bubble Sort Paralelo (Odd-Even);true;100;NEARLY_SORTED;2;3;734400;0.7344
Bubble Sort Paralelo (Odd-Even);true;100;NEARLY_SORTED;2;4;699000;0.6990
Bubble Sort Paralelo (Odd-Even);true;100;NEARLY_SORTED;2;5;874300;0.8743
Bubble Sort Paralelo (Odd-Even);true;100;NEARLY_SORTED;4;1;1092800;1.0928
Bubble Sort Paralelo (Odd-Even);true;100;NEARLY_SORTED;4;2;1344200;1.3442
Bubble Sort Paralelo (Odd-Even);true;100;NEARLY_SORTED;4;3;890200;0.8902
Bubble Sort Paralelo (Odd-Even);true;100;NEARLY_SORTED;4;4;1216300;1.2163
Bubble Sort Paralelo (Odd-Even);true;100;NEARLY_SORTED;4;5;920700;0.9207
Bubble Sort Paralelo (Odd-Even);true;100;NEARLY_SORTED;8;1;2557800;2.5578
Bubble Sort Paralelo (Odd-Even);true;100;NEARLY_SORTED;8;2;4853500;4.8535
Bubble Sort Paralelo (Odd-Even);true;100;NEARLY_SORTED;8;3;2796200;2.7962
Bubble Sort Paralelo (Odd-Even);true;100;NEARLY_SORTED;8;4;13288500;13.2885
Bubble Sort Paralelo (Odd-Even);true;100;NEARLY_SORTED;8;5;9114100;9.1141
Insertion Sort Serial;false;100;NEARLY_SORTED;1;1;6300;0.0063
Insertion Sort Serial;false;100;NEARLY_SORTED;1;2;6400;0.0064
Insertion Sort Serial;false;100;NEARLY_SORTED;1;3;7500;0.0075
Insertion Sort Serial;false;100;NEARLY_SORTED;1;4;7500;0.0075
Insertion Sort Serial;false;100;NEARLY_SORTED;1;5;6100;0.0061
Insertion Sort Paralelo (ForkJoin);true;100;NEARLY_SORTED;2;1;936100;0.9361
Insertion Sort Paralelo (ForkJoin);true;100;NEARLY_SORTED;2;2;711100;0.7111
Insertion Sort Paralelo (ForkJoin);true;100;NEARLY_SORTED;2;3;842500;0.8425
Insertion Sort Paralelo (ForkJoin);true;100;NEARLY_SORTED;2;4;743500;0.7435
Insertion Sort Paralelo (ForkJoin);true;100;NEARLY_SORTED;2;5;848100;0.8481
Insertion Sort Paralelo (ForkJoin);true;100;NEARLY_SORTED;4;1;1174700;1.1747
Insertion Sort Paralelo (ForkJoin);true;100;NEARLY_SORTED;4;2;1011200;1.0112
Insertion Sort Paralelo (ForkJoin);true;100;NEARLY_SORTED;4;3;856400;0.8564
Insertion Sort Paralelo (ForkJoin);true;100;NEARLY_SORTED;4;4;831500;0.8315
Insertion Sort Paralelo (ForkJoin);true;100;NEARLY_SORTED;4;5;1202600;1.2026
Insertion Sort Paralelo (ForkJoin);true;100;NEARLY_SORTED;8;1;781300;0.7813
Insertion Sort Paralelo (ForkJoin);true;100;NEARLY_SORTED;8;2;871200;0.8712
Insertion Sort Paralelo (ForkJoin);true;100;NEARLY_SORTED;8;3;1112500;1.1125
Insertion Sort Paralelo (ForkJoin);true;100;NEARLY_SORTED;8;4;638900;0.6389
Insertion Sort Paralelo (ForkJoin);true;100;NEARLY_SORTED;8;5;690000;0.6900
Quick Sort Serial;false;100;NEARLY_SORTED;1;1;18100;0.0181
Quick Sort Serial;false;100;NEARLY_SORTED;1;2;20300;0.0203
Quick Sort Serial;false;100;NEARLY_SORTED;1;3;19900;0.0199
Quick Sort Serial;false;100;NEARLY_SORTED;1;4;20500;0.0205
Quick Sort Serial;false;100;NEARLY_SORTED;1;5;21600;0.0216
Quick Sort Paralelo (ForkJoin);true;100;NEARLY_SORTED;2;1;868400;0.8684
Quick Sort Paralelo (ForkJoin);true;100;NEARLY_SORTED;2;2;877500;0.8775
Quick Sort Paralelo (ForkJoin);true;100;NEARLY_SORTED;2;3;870100;0.8701
Quick Sort Paralelo (ForkJoin);true;100;NEARLY_SORTED;2;4;801800;0.8018
Quick Sort Paralelo (ForkJoin);true;100;NEARLY_SORTED;2;5;878400;0.8784
Quick Sort Paralelo (ForkJoin);true;100;NEARLY_SORTED;4;1;1143900;1.1439
Quick Sort Paralelo (ForkJoin);true;100;NEARLY_SORTED;4;2;906600;0.9066
Quick Sort Paralelo (ForkJoin);true;100;NEARLY_SORTED;4;3;1059900;1.0599
Quick Sort Paralelo (ForkJoin);true;100;NEARLY_SORTED;4;4;930300;0.9303
Quick Sort Paralelo (ForkJoin);true;100;NEARLY_SORTED;4;5;904800;0.9048
Quick Sort Paralelo (ForkJoin);true;100;NEARLY_SORTED;8;1;881100;0.8811
Quick Sort Paralelo (ForkJoin);true;100;NEARLY_SORTED;8;2;765700;0.7657
Quick Sort Paralelo (ForkJoin);true;100;NEARLY_SORTED;8;3;755000;0.7550
Quick Sort Paralelo (ForkJoin);true;100;NEARLY_SORTED;8;4;890500;0.8905
Quick Sort Paralelo (ForkJoin);true;100;NEARLY_SORTED;8;5;814000;0.8140
Merge Sort Serial;false;100;NEARLY_SORTED;1;1;33200;0.0332
Merge Sort Serial;false;100;NEARLY_SORTED;1;2;32600;0.0326
Merge Sort Serial;false;100;NEARLY_SORTED;1;3;34800;0.0348
Merge Sort Serial;false;100;NEARLY_SORTED;1;4;31800;0.0318
Merge Sort Serial;false;100;NEARLY_SORTED;1;5;31800;0.0318
Merge Sort Paralelo (ForkJoin);true;100;NEARLY_SORTED;2;1;1022400;1.0224
Merge Sort Paralelo (ForkJoin);true;100;NEARLY_SORTED;2;2;816400;0.8164
Merge Sort Paralelo (ForkJoin);true;100;NEARLY_SORTED;2;3;727800;0.7278
Merge Sort Paralelo (ForkJoin);true;100;NEARLY_SORTED;2;4;835200;0.8352
Merge Sort Paralelo (ForkJoin);true;100;NEARLY_SORTED;2;5;808100;0.8081
Merge Sort Paralelo (ForkJoin);true;100;NEARLY_SORTED;4;1;1052000;1.0520
Merge Sort Paralelo (ForkJoin);true;100;NEARLY_SORTED;4;2;1263400;1.2634
Merge Sort Paralelo (ForkJoin);true;100;NEARLY_SORTED;4;3;833600;0.8336
Merge Sort Paralelo (ForkJoin);true;100;NEARLY_SORTED;4;4;773300;0.7733
Merge Sort Paralelo (ForkJoin);true;100;NEARLY_SORTED;4;5;898200;0.8982
Merge Sort Paralelo (ForkJoin);true;100;NEARLY_SORTED;8;1;930100;0.9301
Merge Sort Paralelo (ForkJoin);true;100;NEARLY_SORTED;8;2;814900;0.8149
Merge Sort Paralelo (ForkJoin);true;100;NEARLY_SORTED;8;3;775500;0.7755
Merge Sort Paralelo (ForkJoin);true;100;NEARLY_SORTED;8;4;822000;0.8220
Merge Sort Paralelo (ForkJoin);true;100;NEARLY_SORTED;8;5;1165700;1.1657
Bubble Sort Serial;false;500;NEARLY_SORTED;1;1;120000;0.1200
Bubble Sort Serial;false;500;NEARLY_SORTED;1;2;116200;0.1162
Bubble Sort Serial;false;500;NEARLY_SORTED;1;3;178100;0.1781
Bubble Sort Serial;false;500;NEARLY_SORTED;1;4;140600;0.1406
Bubble Sort Serial;false;500;NEARLY_SORTED;1;5;139300;0.1393
Bubble Sort Paralelo (Odd-Even);true;500;NEARLY_SORTED;2;1;1524100;1.5241
Bubble Sort Paralelo (Odd-Even);true;500;NEARLY_SORTED;2;2;1512500;1.5125
Bubble Sort Paralelo (Odd-Even);true;500;NEARLY_SORTED;2;3;838900;0.8389
Bubble Sort Paralelo (Odd-Even);true;500;NEARLY_SORTED;2;4;1077100;1.0771
Bubble Sort Paralelo (Odd-Even);true;500;NEARLY_SORTED;2;5;1058200;1.0582
Bubble Sort Paralelo (Odd-Even);true;500;NEARLY_SORTED;4;1;4877300;4.8773
Bubble Sort Paralelo (Odd-Even);true;500;NEARLY_SORTED;4;2;1450400;1.4504
Bubble Sort Paralelo (Odd-Even);true;500;NEARLY_SORTED;4;3;1333600;1.3336
Bubble Sort Paralelo (Odd-Even);true;500;NEARLY_SORTED;4;4;1352800;1.3528
Bubble Sort Paralelo (Odd-Even);true;500;NEARLY_SORTED;4;5;1202800;1.2028
Bubble Sort Paralelo (Odd-Even);true;500;NEARLY_SORTED;8;1;2039300;2.0393
Bubble Sort Paralelo (Odd-Even);true;500;NEARLY_SORTED;8;2;13979800;13.9798
Bubble Sort Paralelo (Odd-Even);true;500;NEARLY_SORTED;8;3;2005200;2.0052
Bubble Sort Paralelo (Odd-Even);true;500;NEARLY_SORTED;8;4;26803500;26.8035
Bubble Sort Paralelo (Odd-Even);true;500;NEARLY_SORTED;8;5;21937700;21.9377
Insertion Sort Serial;false;500;NEARLY_SORTED;1;1;19500;0.0195
Insertion Sort Serial;false;500;NEARLY_SORTED;1;2;18600;0.0186
Insertion Sort Serial;false;500;NEARLY_SORTED;1;3;11600;0.0116
Insertion Sort Serial;false;500;NEARLY_SORTED;1;4;12100;0.0121
Insertion Sort Serial;false;500;NEARLY_SORTED;1;5;11600;0.0116
Insertion Sort Paralelo (ForkJoin);true;500;NEARLY_SORTED;2;1;907500;0.9075
Insertion Sort Paralelo (ForkJoin);true;500;NEARLY_SORTED;2;2;1030000;1.0300
Insertion Sort Paralelo (ForkJoin);true;500;NEARLY_SORTED;2;3;1020300;1.0203
Insertion Sort Paralelo (ForkJoin);true;500;NEARLY_SORTED;2;4;1002400;1.0024
Insertion Sort Paralelo (ForkJoin);true;500;NEARLY_SORTED;2;5;1061900;1.0619
Insertion Sort Paralelo (ForkJoin);true;500;NEARLY_SORTED;4;1;1031100;1.0311
Insertion Sort Paralelo (ForkJoin);true;500;NEARLY_SORTED;4;2;1127800;1.1278
Insertion Sort Paralelo (ForkJoin);true;500;NEARLY_SORTED;4;3;910300;0.9103
Insertion Sort Paralelo (ForkJoin);true;500;NEARLY_SORTED;4;4;817700;0.8177
Insertion Sort Paralelo (ForkJoin);true;500;NEARLY_SORTED;4;5;816900;0.8169
Insertion Sort Paralelo (ForkJoin);true;500;NEARLY_SORTED;8;1;798900;0.7989
Insertion Sort Paralelo (ForkJoin);true;500;NEARLY_SORTED;8;2;902100;0.9021
Insertion Sort Paralelo (ForkJoin);true;500;NEARLY_SORTED;8;3;755000;0.7550
Insertion Sort Paralelo (ForkJoin);true;500;NEARLY_SORTED;8;4;774800;0.7748
Insertion Sort Paralelo (ForkJoin);true;500;NEARLY_SORTED;8;5;854200;0.8542
Quick Sort Serial;false;500;NEARLY_SORTED;1;1;37000;0.0370
Quick Sort Serial;false;500;NEARLY_SORTED;1;2;46600;0.0466
Quick Sort Serial;false;500;NEARLY_SORTED;1;3;44900;0.0449
Quick Sort Serial;false;500;NEARLY_SORTED;1;4;36900;0.0369
Quick Sort Serial;false;500;NEARLY_SORTED;1;5;35300;0.0353
Quick Sort Paralelo (ForkJoin);true;500;NEARLY_SORTED;2;1;966600;0.9666
Quick Sort Paralelo (ForkJoin);true;500;NEARLY_SORTED;2;2;779200;0.7792
Quick Sort Paralelo (ForkJoin);true;500;NEARLY_SORTED;2;3;754500;0.7545
Quick Sort Paralelo (ForkJoin);true;500;NEARLY_SORTED;2;4;795700;0.7957
Quick Sort Paralelo (ForkJoin);true;500;NEARLY_SORTED;2;5;800100;0.8001
Quick Sort Paralelo (ForkJoin);true;500;NEARLY_SORTED;4;1;2839300;2.8393
Quick Sort Paralelo (ForkJoin);true;500;NEARLY_SORTED;4;2;768200;0.7682
Quick Sort Paralelo (ForkJoin);true;500;NEARLY_SORTED;4;3;1097200;1.0972
Quick Sort Paralelo (ForkJoin);true;500;NEARLY_SORTED;4;4;870200;0.8702
Quick Sort Paralelo (ForkJoin);true;500;NEARLY_SORTED;4;5;771400;0.7714
Quick Sort Paralelo (ForkJoin);true;500;NEARLY_SORTED;8;1;832400;0.8324
Quick Sort Paralelo (ForkJoin);true;500;NEARLY_SORTED;8;2;759400;0.7594
Quick Sort Paralelo (ForkJoin);true;500;NEARLY_SORTED;8;3;1442200;1.4422
Quick Sort Paralelo (ForkJoin);true;500;NEARLY_SORTED;8;4;867100;0.8671
Quick Sort Paralelo (ForkJoin);true;500;NEARLY_SORTED;8;5;945300;0.9453
Merge Sort Serial;false;500;NEARLY_SORTED;1;1;75800;0.0758
Merge Sort Serial;false;500;NEARLY_SORTED;1;2;123900;0.1239
Merge Sort Serial;false;500;NEARLY_SORTED;1;3;78400;0.0784
Merge Sort Serial;false;500;NEARLY_SORTED;1;4;75200;0.0752
Merge Sort Serial;false;500;NEARLY_SORTED;1;5;99600;0.0996
Merge Sort Paralelo (ForkJoin);true;500;NEARLY_SORTED;2;1;904000;0.9040
Merge Sort Paralelo (ForkJoin);true;500;NEARLY_SORTED;2;2;802500;0.8025
Merge Sort Paralelo (ForkJoin);true;500;NEARLY_SORTED;2;3;1169700;1.1697
Merge Sort Paralelo (ForkJoin);true;500;NEARLY_SORTED;2;4;825200;0.8252
Merge Sort Paralelo (ForkJoin);true;500;NEARLY_SORTED;2;5;932900;0.9329
Merge Sort Paralelo (ForkJoin);true;500;NEARLY_SORTED;4;1;841800;0.8418
Merge Sort Paralelo (ForkJoin);true;500;NEARLY_SORTED;4;2;756800;0.7568
Merge Sort Paralelo (ForkJoin);true;500;NEARLY_SORTED;4;3;1072500;1.0725
Merge Sort Paralelo (ForkJoin);true;500;NEARLY_SORTED;4;4;704800;0.7048
Merge Sort Paralelo (ForkJoin);true;500;NEARLY_SORTED;4;5;1238400;1.2384
Merge Sort Paralelo (ForkJoin);true;500;NEARLY_SORTED;8;1;1005800;1.0058
Merge Sort Paralelo (ForkJoin);true;500;NEARLY_SORTED;8;2;862200;0.8622
Merge Sort Paralelo (ForkJoin);true;500;NEARLY_SORTED;8;3;851800;0.8518
Merge Sort Paralelo (ForkJoin);true;500;NEARLY_SORTED;8;4;1139300;1.1393
Merge Sort Paralelo (ForkJoin);true;500;NEARLY_SORTED;8;5;1066500;1.0665
Bubble Sort Serial;false;100;REVERSED;1;1;77100;0.0771
Bubble Sort Serial;false;100;REVERSED;1;2;163700;0.1637
Bubble Sort Serial;false;100;REVERSED;1;3;115500;0.1155
Bubble Sort Serial;false;100;REVERSED;1;4;123400;0.1234
Bubble Sort Serial;false;100;REVERSED;1;5;183900;0.1839
Bubble Sort Paralelo (Odd-Even);true;100;REVERSED;2;1;1069800;1.0698
Bubble Sort Paralelo (Odd-Even);true;100;REVERSED;2;2;906100;0.9061
Bubble Sort Paralelo (Odd-Even);true;100;REVERSED;2;3;857900;0.8579
Bubble Sort Paralelo (Odd-Even);true;100;REVERSED;2;4;844500;0.8445
Bubble Sort Paralelo (Odd-Even);true;100;REVERSED;2;5;2703700;2.7037
Bubble Sort Paralelo (Odd-Even);true;100;REVERSED;4;1;2216800;2.2168
Bubble Sort Paralelo (Odd-Even);true;100;REVERSED;4;2;2183400;2.1834
Bubble Sort Paralelo (Odd-Even);true;100;REVERSED;4;3;958300;0.9583
Bubble Sort Paralelo (Odd-Even);true;100;REVERSED;4;4;975700;0.9757
Bubble Sort Paralelo (Odd-Even);true;100;REVERSED;4;5;1006500;1.0065
Bubble Sort Paralelo (Odd-Even);true;100;REVERSED;8;1;3659600;3.6596
Bubble Sort Paralelo (Odd-Even);true;100;REVERSED;8;2;4593200;4.5932
Bubble Sort Paralelo (Odd-Even);true;100;REVERSED;8;3;5156500;5.1565
Bubble Sort Paralelo (Odd-Even);true;100;REVERSED;8;4;6782100;6.7821
Bubble Sort Paralelo (Odd-Even);true;100;REVERSED;8;5;1455000;1.4550
Insertion Sort Serial;false;100;REVERSED;1;1;9100;0.0091
Insertion Sort Serial;false;100;REVERSED;1;2;9400;0.0094
Insertion Sort Serial;false;100;REVERSED;1;3;9300;0.0093
Insertion Sort Serial;false;100;REVERSED;1;4;10600;0.0106
Insertion Sort Serial;false;100;REVERSED;1;5;9200;0.0092
Insertion Sort Paralelo (ForkJoin);true;100;REVERSED;2;1;962300;0.9623
Insertion Sort Paralelo (ForkJoin);true;100;REVERSED;2;2;996700;0.9967
Insertion Sort Paralelo (ForkJoin);true;100;REVERSED;2;3;1170000;1.1700
Insertion Sort Paralelo (ForkJoin);true;100;REVERSED;2;4;952800;0.9528
Insertion Sort Paralelo (ForkJoin);true;100;REVERSED;2;5;1236200;1.2362
Insertion Sort Paralelo (ForkJoin);true;100;REVERSED;4;1;1914600;1.9146
Insertion Sort Paralelo (ForkJoin);true;100;REVERSED;4;2;721500;0.7215
Insertion Sort Paralelo (ForkJoin);true;100;REVERSED;4;3;972400;0.9724
Insertion Sort Paralelo (ForkJoin);true;100;REVERSED;4;4;1048300;1.0483
Insertion Sort Paralelo (ForkJoin);true;100;REVERSED;4;5;858800;0.8588
Insertion Sort Paralelo (ForkJoin);true;100;REVERSED;8;1;892900;0.8929
Insertion Sort Paralelo (ForkJoin);true;100;REVERSED;8;2;806100;0.8061
Insertion Sort Paralelo (ForkJoin);true;100;REVERSED;8;3;932000;0.9320
Insertion Sort Paralelo (ForkJoin);true;100;REVERSED;8;4;728100;0.7281
Insertion Sort Paralelo (ForkJoin);true;100;REVERSED;8;5;846300;0.8463
Quick Sort Serial;false;100;REVERSED;1;1;17300;0.0173
Quick Sort Serial;false;100;REVERSED;1;2;19900;0.0199
Quick Sort Serial;false;100;REVERSED;1;3;19200;0.0192
Quick Sort Serial;false;100;REVERSED;1;4;16900;0.0169
Quick Sort Serial;false;100;REVERSED;1;5;17100;0.0171
Quick Sort Paralelo (ForkJoin);true;100;REVERSED;2;1;946200;0.9462
Quick Sort Paralelo (ForkJoin);true;100;REVERSED;2;2;1033800;1.0338
Quick Sort Paralelo (ForkJoin);true;100;REVERSED;2;3;949900;0.9499
Quick Sort Paralelo (ForkJoin);true;100;REVERSED;2;4;820200;0.8202
Quick Sort Paralelo (ForkJoin);true;100;REVERSED;2;5;917000;0.9170
Quick Sort Paralelo (ForkJoin);true;100;REVERSED;4;1;1163200;1.1632
Quick Sort Paralelo (ForkJoin);true;100;REVERSED;4;2;1021600;1.0216
Quick Sort Paralelo (ForkJoin);true;100;REVERSED;4;3;831400;0.8314
Quick Sort Paralelo (ForkJoin);true;100;REVERSED;4;4;817800;0.8178
Quick Sort Paralelo (ForkJoin);true;100;REVERSED;4;5;799300;0.7993
Quick Sort Paralelo (ForkJoin);true;100;REVERSED;8;1;852700;0.8527
Quick Sort Paralelo (ForkJoin);true;100;REVERSED;8;2;888100;0.8881
Quick Sort Paralelo (ForkJoin);true;100;REVERSED;8;3;1329500;1.3295
Quick Sort Paralelo (ForkJoin);true;100;REVERSED;8;4;881500;0.8815
Quick Sort Paralelo (ForkJoin);true;100;REVERSED;8;5;835600;0.8356
Merge Sort Serial;false;100;REVERSED;1;1;31500;0.0315
Merge Sort Serial;false;100;REVERSED;1;2;27700;0.0277
Merge Sort Serial;false;100;REVERSED;1;3;25200;0.0252
Merge Sort Serial;false;100;REVERSED;1;4;29600;0.0296
Merge Sort Serial;false;100;REVERSED;1;5;41000;0.0410
Merge Sort Paralelo (ForkJoin);true;100;REVERSED;2;1;1061000;1.0610
Merge Sort Paralelo (ForkJoin);true;100;REVERSED;2;2;742800;0.7428
Merge Sort Paralelo (ForkJoin);true;100;REVERSED;2;3;851200;0.8512
Merge Sort Paralelo (ForkJoin);true;100;REVERSED;2;4;1480900;1.4809
Merge Sort Paralelo (ForkJoin);true;100;REVERSED;2;5;1110500;1.1105
Merge Sort Paralelo (ForkJoin);true;100;REVERSED;4;1;831100;0.8311
Merge Sort Paralelo (ForkJoin);true;100;REVERSED;4;2;997900;0.9979
Merge Sort Paralelo (ForkJoin);true;100;REVERSED;4;3;792300;0.7923
Merge Sort Paralelo (ForkJoin);true;100;REVERSED;4;4;842100;0.8421
Merge Sort Paralelo (ForkJoin);true;100;REVERSED;4;5;927500;0.9275
Merge Sort Paralelo (ForkJoin);true;100;REVERSED;8;1;750500;0.7505
Merge Sort Paralelo (ForkJoin);true;100;REVERSED;8;2;826700;0.8267
Merge Sort Paralelo (ForkJoin);true;100;REVERSED;8;3;804900;0.8049
Merge Sort Paralelo (ForkJoin);true;100;REVERSED;8;4;710400;0.7104
Merge Sort Paralelo (ForkJoin);true;100;REVERSED;8;5;749600;0.7496
Bubble Sort Serial;false;500;REVERSED;1;1;598900;0.5989
Bubble Sort Serial;false;500;REVERSED;1;2;495400;0.4954
Bubble Sort Serial;false;500;REVERSED;1;3;505700;0.5057
Bubble Sort Serial;false;500;REVERSED;1;4;626500;0.6265
Bubble Sort Serial;false;500;REVERSED;1;5;616000;0.6160
Bubble Sort Paralelo (Odd-Even);true;500;REVERSED;2;1;942600;0.9426
Bubble Sort Paralelo (Odd-Even);true;500;REVERSED;2;2;958200;0.9582
Bubble Sort Paralelo (Odd-Even);true;500;REVERSED;2;3;1311700;1.3117
Bubble Sort Paralelo (Odd-Even);true;500;REVERSED;2;4;1111700;1.1117
Bubble Sort Paralelo (Odd-Even);true;500;REVERSED;2;5;1559200;1.5592
Bubble Sort Paralelo (Odd-Even);true;500;REVERSED;4;1;2095900;2.0959
Bubble Sort Paralelo (Odd-Even);true;500;REVERSED;4;2;1381100;1.3811
Bubble Sort Paralelo (Odd-Even);true;500;REVERSED;4;3;1060700;1.0607
Bubble Sort Paralelo (Odd-Even);true;500;REVERSED;4;4;1200600;1.2006
Bubble Sort Paralelo (Odd-Even);true;500;REVERSED;4;5;1223100;1.2231
Bubble Sort Paralelo (Odd-Even);true;500;REVERSED;8;1;15171700;15.1717
Bubble Sort Paralelo (Odd-Even);true;500;REVERSED;8;2;23581600;23.5816
Bubble Sort Paralelo (Odd-Even);true;500;REVERSED;8;3;17751500;17.7515
Bubble Sort Paralelo (Odd-Even);true;500;REVERSED;8;4;15263800;15.2638
Bubble Sort Paralelo (Odd-Even);true;500;REVERSED;8;5;2838000;2.8380
Insertion Sort Serial;false;500;REVERSED;1;1;63200;0.0632
Insertion Sort Serial;false;500;REVERSED;1;2;63400;0.0634
Insertion Sort Serial;false;500;REVERSED;1;3;87900;0.0879
Insertion Sort Serial;false;500;REVERSED;1;4;64000;0.0640
Insertion Sort Serial;false;500;REVERSED;1;5;63300;0.0633
Insertion Sort Paralelo (ForkJoin);true;500;REVERSED;2;1;926800;0.9268
Insertion Sort Paralelo (ForkJoin);true;500;REVERSED;2;2;1075300;1.0753
Insertion Sort Paralelo (ForkJoin);true;500;REVERSED;2;3;1067200;1.0672
Insertion Sort Paralelo (ForkJoin);true;500;REVERSED;2;4;1195400;1.1954
Insertion Sort Paralelo (ForkJoin);true;500;REVERSED;2;5;1030000;1.0300
Insertion Sort Paralelo (ForkJoin);true;500;REVERSED;4;1;1327500;1.3275
Insertion Sort Paralelo (ForkJoin);true;500;REVERSED;4;2;990100;0.9901
Insertion Sort Paralelo (ForkJoin);true;500;REVERSED;4;3;1124900;1.1249
Insertion Sort Paralelo (ForkJoin);true;500;REVERSED;4;4;863600;0.8636
Insertion Sort Paralelo (ForkJoin);true;500;REVERSED;4;5;1275200;1.2752
Insertion Sort Paralelo (ForkJoin);true;500;REVERSED;8;1;1028200;1.0282
Insertion Sort Paralelo (ForkJoin);true;500;REVERSED;8;2;914900;0.9149
Insertion Sort Paralelo (ForkJoin);true;500;REVERSED;8;3;1250400;1.2504
Insertion Sort Paralelo (ForkJoin);true;500;REVERSED;8;4;1190000;1.1900
Insertion Sort Paralelo (ForkJoin);true;500;REVERSED;8;5;1981700;1.9817
Quick Sort Serial;false;500;REVERSED;1;1;220200;0.2202
Quick Sort Serial;false;500;REVERSED;1;2;193400;0.1934
Quick Sort Serial;false;500;REVERSED;1;3;197200;0.1972
Quick Sort Serial;false;500;REVERSED;1;4;211300;0.2113
Quick Sort Serial;false;500;REVERSED;1;5;196800;0.1968
Quick Sort Paralelo (ForkJoin);true;500;REVERSED;2;1;882600;0.8826
Quick Sort Paralelo (ForkJoin);true;500;REVERSED;2;2;896500;0.8965
Quick Sort Paralelo (ForkJoin);true;500;REVERSED;2;3;999300;0.9993
Quick Sort Paralelo (ForkJoin);true;500;REVERSED;2;4;1017400;1.0174
Quick Sort Paralelo (ForkJoin);true;500;REVERSED;2;5;1296900;1.2969
Quick Sort Paralelo (ForkJoin);true;500;REVERSED;4;1;1062400;1.0624
Quick Sort Paralelo (ForkJoin);true;500;REVERSED;4;2;1291800;1.2918
Quick Sort Paralelo (ForkJoin);true;500;REVERSED;4;3;1251700;1.2517
Quick Sort Paralelo (ForkJoin);true;500;REVERSED;4;4;1946000;1.9460
Quick Sort Paralelo (ForkJoin);true;500;REVERSED;4;5;1514000;1.5140
Quick Sort Paralelo (ForkJoin);true;500;REVERSED;8;1;1016300;1.0163
Quick Sort Paralelo (ForkJoin);true;500;REVERSED;8;2;1032200;1.0322
Quick Sort Paralelo (ForkJoin);true;500;REVERSED;8;3;1057000;1.0570
Quick Sort Paralelo (ForkJoin);true;500;REVERSED;8;4;875200;0.8752
Quick Sort Paralelo (ForkJoin);true;500;REVERSED;8;5;1036900;1.0369
Merge Sort Serial;false;500;REVERSED;1;1;66500;0.0665
Merge Sort Serial;false;500;REVERSED;1;2;66100;0.0661
Merge Sort Serial;false;500;REVERSED;1;3;97500;0.0975
Merge Sort Serial;false;500;REVERSED;1;4;68600;0.0686
Merge Sort Serial;false;500;REVERSED;1;5;67700;0.0677
Merge Sort Paralelo (ForkJoin);true;500;REVERSED;2;1;963200;0.9632
Merge Sort Paralelo (ForkJoin);true;500;REVERSED;2;2;804900;0.8049
Merge Sort Paralelo (ForkJoin);true;500;REVERSED;2;3;1008600;1.0086
Merge Sort Paralelo (ForkJoin);true;500;REVERSED;2;4;725700;0.7257
Merge Sort Paralelo (ForkJoin);true;500;REVERSED;2;5;47229000;47.2290
Merge Sort Paralelo (ForkJoin);true;500;REVERSED;4;1;24082200;24.0822
Merge Sort Paralelo (ForkJoin);true;500;REVERSED;4;2;7154600;7.1546
Merge Sort Paralelo (ForkJoin);true;500;REVERSED;4;3;750200;0.7502
Merge Sort Paralelo (ForkJoin);true;500;REVERSED;4;4;2213900;2.2139
Merge Sort Paralelo (ForkJoin);true;500;REVERSED;4;5;687900;0.6879
Merge Sort Paralelo (ForkJoin);true;500;REVERSED;8;1;972900;0.9729
Merge Sort Paralelo (ForkJoin);true;500;REVERSED;8;2;780400;0.7804
Merge Sort Paralelo (ForkJoin);true;500;REVERSED;8;3;740700;0.7407
Merge Sort Paralelo (ForkJoin);true;500;REVERSED;8;4;774800;0.7748
Merge Sort Paralelo (ForkJoin);true;500;REVERSED;8;5;701000;0.7010
Bubble Sort Serial;false;1000;RANDOM;1;1;1451300;1.4513
Bubble Sort Serial;false;1000;RANDOM;1;2;1805600;1.8056
Bubble Sort Serial;false;1000;RANDOM;1;3;1317500;1.3175
Bubble Sort Serial;false;1000;RANDOM;1;4;1477400;1.4774
Bubble Sort Serial;false;1000;RANDOM;1;5;1420800;1.4208
Bubble Sort Paralelo (Odd-Even);true;1000;RANDOM;2;1;1562400;1.5624
Bubble Sort Paralelo (Odd-Even);true;1000;RANDOM;2;2;1632300;1.6323
Bubble Sort Paralelo (Odd-Even);true;1000;RANDOM;2;3;1654500;1.6545
Bubble Sort Paralelo (Odd-Even);true;1000;RANDOM;2;4;1811100;1.8111
Bubble Sort Paralelo (Odd-Even);true;1000;RANDOM;2;5;2264700;2.2647
Bubble Sort Paralelo (Odd-Even);true;1000;RANDOM;4;1;2490900;2.4909
Bubble Sort Paralelo (Odd-Even);true;1000;RANDOM;4;2;5807600;5.8076
Bubble Sort Paralelo (Odd-Even);true;1000;RANDOM;4;3;3376700;3.3767
Bubble Sort Paralelo (Odd-Even);true;1000;RANDOM;4;4;2692800;2.6928
Bubble Sort Paralelo (Odd-Even);true;1000;RANDOM;4;5;1852300;1.8523
Bubble Sort Paralelo (Odd-Even);true;1000;RANDOM;8;1;81052400;81.0524
Bubble Sort Paralelo (Odd-Even);true;1000;RANDOM;8;2;57717200;57.7172
Bubble Sort Paralelo (Odd-Even);true;1000;RANDOM;8;3;57769500;57.7695
Bubble Sort Paralelo (Odd-Even);true;1000;RANDOM;8;4;48478000;48.4780
Bubble Sort Paralelo (Odd-Even);true;1000;RANDOM;8;5;58276500;58.2765
Insertion Sort Serial;false;1000;RANDOM;1;1;196500;0.1965
Insertion Sort Serial;false;1000;RANDOM;1;2;178600;0.1786
Insertion Sort Serial;false;1000;RANDOM;1;3;128500;0.1285
Insertion Sort Serial;false;1000;RANDOM;1;4;205300;0.2053
Insertion Sort Serial;false;1000;RANDOM;1;5;171900;0.1719
Insertion Sort Paralelo (ForkJoin);true;1000;RANDOM;2;1;2275100;2.2751
Insertion Sort Paralelo (ForkJoin);true;1000;RANDOM;2;2;1422900;1.4229
Insertion Sort Paralelo (ForkJoin);true;1000;RANDOM;2;3;1743200;1.7432
Insertion Sort Paralelo (ForkJoin);true;1000;RANDOM;2;4;1531600;1.5316
Insertion Sort Paralelo (ForkJoin);true;1000;RANDOM;2;5;1429500;1.4295
Insertion Sort Paralelo (ForkJoin);true;1000;RANDOM;4;1;1427500;1.4275
Insertion Sort Paralelo (ForkJoin);true;1000;RANDOM;4;2;1848000;1.8480
Insertion Sort Paralelo (ForkJoin);true;1000;RANDOM;4;3;1358800;1.3588
Insertion Sort Paralelo (ForkJoin);true;1000;RANDOM;4;4;1310500;1.3105
Insertion Sort Paralelo (ForkJoin);true;1000;RANDOM;4;5;1753900;1.7539
Insertion Sort Paralelo (ForkJoin);true;1000;RANDOM;8;1;1196400;1.1964
Insertion Sort Paralelo (ForkJoin);true;1000;RANDOM;8;2;1361200;1.3612
Insertion Sort Paralelo (ForkJoin);true;1000;RANDOM;8;3;1323000;1.3230
Insertion Sort Paralelo (ForkJoin);true;1000;RANDOM;8;4;1376300;1.3763
Insertion Sort Paralelo (ForkJoin);true;1000;RANDOM;8;5;1492000;1.4920
Quick Sort Serial;false;1000;RANDOM;1;1;145300;0.1453
Quick Sort Serial;false;1000;RANDOM;1;2;95500;0.0955
Quick Sort Serial;false;1000;RANDOM;1;3;95300;0.0953
Quick Sort Serial;false;1000;RANDOM;1;4;99800;0.0998
Quick Sort Serial;false;1000;RANDOM;1;5;96300;0.0963
Quick Sort Paralelo (ForkJoin);true;1000;RANDOM;2;1;992300;0.9923
Quick Sort Paralelo (ForkJoin);true;1000;RANDOM;2;2;833900;0.8339
Quick Sort Paralelo (ForkJoin);true;1000;RANDOM;2;3;1045400;1.0454
Quick Sort Paralelo (ForkJoin);true;1000;RANDOM;2;4;1135600;1.1356
Quick Sort Paralelo (ForkJoin);true;1000;RANDOM;2;5;977100;0.9771
Quick Sort Paralelo (ForkJoin);true;1000;RANDOM;4;1;1347100;1.3471
Quick Sort Paralelo (ForkJoin);true;1000;RANDOM;4;2;961900;0.9619
Quick Sort Paralelo (ForkJoin);true;1000;RANDOM;4;3;943800;0.9438
Quick Sort Paralelo (ForkJoin);true;1000;RANDOM;4;4;963000;0.9630
Quick Sort Paralelo (ForkJoin);true;1000;RANDOM;4;5;1007600;1.0076
Quick Sort Paralelo (ForkJoin);true;1000;RANDOM;8;1;924700;0.9247
Quick Sort Paralelo (ForkJoin);true;1000;RANDOM;8;2;991000;0.9910
Quick Sort Paralelo (ForkJoin);true;1000;RANDOM;8;3;872100;0.8721
Quick Sort Paralelo (ForkJoin);true;1000;RANDOM;8;4;882600;0.8826
Quick Sort Paralelo (ForkJoin);true;1000;RANDOM;8;5;923100;0.9231
Merge Sort Serial;false;1000;RANDOM;1;1;307400;0.3074
Merge Sort Serial;false;1000;RANDOM;1;2;254500;0.2545
Merge Sort Serial;false;1000;RANDOM;1;3;227100;0.2271
Merge Sort Serial;false;1000;RANDOM;1;4;233500;0.2335
Merge Sort Serial;false;1000;RANDOM;1;5;226200;0.2262
Merge Sort Paralelo (ForkJoin);true;1000;RANDOM;2;1;1188500;1.1885
Merge Sort Paralelo (ForkJoin);true;1000;RANDOM;2;2;978300;0.9783
Merge Sort Paralelo (ForkJoin);true;1000;RANDOM;2;3;1138900;1.1389
Merge Sort Paralelo (ForkJoin);true;1000;RANDOM;2;4;934400;0.9344
Merge Sort Paralelo (ForkJoin);true;1000;RANDOM;2;5;1629300;1.6293
Merge Sort Paralelo (ForkJoin);true;1000;RANDOM;4;1;1146000;1.1460
Merge Sort Paralelo (ForkJoin);true;1000;RANDOM;4;2;924100;0.9241
Merge Sort Paralelo (ForkJoin);true;1000;RANDOM;4;3;1069800;1.0698
Merge Sort Paralelo (ForkJoin);true;1000;RANDOM;4;4;1059300;1.0593
Merge Sort Paralelo (ForkJoin);true;1000;RANDOM;4;5;1125800;1.1258
Merge Sort Paralelo (ForkJoin);true;1000;RANDOM;8;1;932800;0.9328
Merge Sort Paralelo (ForkJoin);true;1000;RANDOM;8;2;976000;0.9760
Merge Sort Paralelo (ForkJoin);true;1000;RANDOM;8;3;1017200;1.0172
Merge Sort Paralelo (ForkJoin);true;1000;RANDOM;8;4;1121200;1.1212
Merge Sort Paralelo (ForkJoin);true;1000;RANDOM;8;5;1109100;1.1091
Bubble Sort Serial;false;1000;NEARLY_SORTED;1;1;427300;0.4273
Bubble Sort Serial;false;1000;NEARLY_SORTED;1;2;680600;0.6806
Bubble Sort Serial;false;1000;NEARLY_SORTED;1;3;436900;0.4369
Bubble Sort Serial;false;1000;NEARLY_SORTED;1;4;425300;0.4253
Bubble Sort Serial;false;1000;NEARLY_SORTED;1;5;436000;0.4360
Bubble Sort Paralelo (Odd-Even);true;1000;NEARLY_SORTED;2;1;1193100;1.1931
Bubble Sort Paralelo (Odd-Even);true;1000;NEARLY_SORTED;2;2;1328900;1.3289
Bubble Sort Paralelo (Odd-Even);true;1000;NEARLY_SORTED;2;3;1229200;1.2292
Bubble Sort Paralelo (Odd-Even);true;1000;NEARLY_SORTED;2;4;1300800;1.3008
Bubble Sort Paralelo (Odd-Even);true;1000;NEARLY_SORTED;2;5;1198900;1.1989
Bubble Sort Paralelo (Odd-Even);true;1000;NEARLY_SORTED;4;1;1691000;1.6910
Bubble Sort Paralelo (Odd-Even);true;1000;NEARLY_SORTED;4;2;2549200;2.5492
Bubble Sort Paralelo (Odd-Even);true;1000;NEARLY_SORTED;4;3;1673300;1.6733
Bubble Sort Paralelo (Odd-Even);true;1000;NEARLY_SORTED;4;4;1565800;1.5658
Bubble Sort Paralelo (Odd-Even);true;1000;NEARLY_SORTED;4;5;1480600;1.4806
Bubble Sort Paralelo (Odd-Even);true;1000;NEARLY_SORTED;8;1;7718000;7.7180
Bubble Sort Paralelo (Odd-Even);true;1000;NEARLY_SORTED;8;2;24585200;24.5852
Bubble Sort Paralelo (Odd-Even);true;1000;NEARLY_SORTED;8;3;23754900;23.7549
Bubble Sort Paralelo (Odd-Even);true;1000;NEARLY_SORTED;8;4;27961200;27.9612
Bubble Sort Paralelo (Odd-Even);true;1000;NEARLY_SORTED;8;5;33965600;33.9656
Insertion Sort Serial;false;1000;NEARLY_SORTED;1;1;38600;0.0386
Insertion Sort Serial;false;1000;NEARLY_SORTED;1;2;41300;0.0413
Insertion Sort Serial;false;1000;NEARLY_SORTED;1;3;25600;0.0256
Insertion Sort Serial;false;1000;NEARLY_SORTED;1;4;26900;0.0269
Insertion Sort Serial;false;1000;NEARLY_SORTED;1;5;26300;0.0263
Insertion Sort Paralelo (ForkJoin);true;1000;NEARLY_SORTED;2;1;965100;0.9651
Insertion Sort Paralelo (ForkJoin);true;1000;NEARLY_SORTED;2;2;933000;0.9330
Insertion Sort Paralelo (ForkJoin);true;1000;NEARLY_SORTED;2;3;783300;0.7833
Insertion Sort Paralelo (ForkJoin);true;1000;NEARLY_SORTED;2;4;1023300;1.0233
Insertion Sort Paralelo (ForkJoin);true;1000;NEARLY_SORTED;2;5;1498100;1.4981
Insertion Sort Paralelo (ForkJoin);true;1000;NEARLY_SORTED;4;1;1013300;1.0133
Insertion Sort Paralelo (ForkJoin);true;1000;NEARLY_SORTED;4;2;1017400;1.0174
Insertion Sort Paralelo (ForkJoin);true;1000;NEARLY_SORTED;4;3;1236800;1.2368
Insertion Sort Paralelo (ForkJoin);true;1000;NEARLY_SORTED;4;4;1249200;1.2492
Insertion Sort Paralelo (ForkJoin);true;1000;NEARLY_SORTED;4;5;1617200;1.6172
Insertion Sort Paralelo (ForkJoin);true;1000;NEARLY_SORTED;8;1;991600;0.9916
Insertion Sort Paralelo (ForkJoin);true;1000;NEARLY_SORTED;8;2;1025300;1.0253
Insertion Sort Paralelo (ForkJoin);true;1000;NEARLY_SORTED;8;3;1825800;1.8258
Insertion Sort Paralelo (ForkJoin);true;1000;NEARLY_SORTED;8;4;1061100;1.0611
Insertion Sort Paralelo (ForkJoin);true;1000;NEARLY_SORTED;8;5;910600;0.9106
Quick Sort Serial;false;1000;NEARLY_SORTED;1;1;96800;0.0968
Quick Sort Serial;false;1000;NEARLY_SORTED;1;2;104700;0.1047
Quick Sort Serial;false;1000;NEARLY_SORTED;1;3;99100;0.0991
Quick Sort Serial;false;1000;NEARLY_SORTED;1;4;105100;0.1051
Quick Sort Serial;false;1000;NEARLY_SORTED;1;5;108000;0.1080
Quick Sort Paralelo (ForkJoin);true;1000;NEARLY_SORTED;2;1;1013900;1.0139
Quick Sort Paralelo (ForkJoin);true;1000;NEARLY_SORTED;2;2;841700;0.8417
Quick Sort Paralelo (ForkJoin);true;1000;NEARLY_SORTED;2;3;950000;0.9500
Quick Sort Paralelo (ForkJoin);true;1000;NEARLY_SORTED;2;4;1166300;1.1663
Quick Sort Paralelo (ForkJoin);true;1000;NEARLY_SORTED;2;5;878600;0.8786
Quick Sort Paralelo (ForkJoin);true;1000;NEARLY_SORTED;4;1;1272100;1.2721
Quick Sort Paralelo (ForkJoin);true;1000;NEARLY_SORTED;4;2;1152100;1.1521
Quick Sort Paralelo (ForkJoin);true;1000;NEARLY_SORTED;4;3;794600;0.7946
Quick Sort Paralelo (ForkJoin);true;1000;NEARLY_SORTED;4;4;754800;0.7548
Quick Sort Paralelo (ForkJoin);true;1000;NEARLY_SORTED;4;5;845900;0.8459
Quick Sort Paralelo (ForkJoin);true;1000;NEARLY_SORTED;8;1;792000;0.7920
Quick Sort Paralelo (ForkJoin);true;1000;NEARLY_SORTED;8;2;793300;0.7933
Quick Sort Paralelo (ForkJoin);true;1000;NEARLY_SORTED;8;3;872900;0.8729
Quick Sort Paralelo (ForkJoin);true;1000;NEARLY_SORTED;8;4;1288700;1.2887
Quick Sort Paralelo (ForkJoin);true;1000;NEARLY_SORTED;8;5;1294500;1.2945
Merge Sort Serial;false;1000;NEARLY_SORTED;1;1;158300;0.1583
Merge Sort Serial;false;1000;NEARLY_SORTED;1;2;181300;0.1813
Merge Sort Serial;false;1000;NEARLY_SORTED;1;3;183200;0.1832
Merge Sort Serial;false;1000;NEARLY_SORTED;1;4;196900;0.1969
Merge Sort Serial;false;1000;NEARLY_SORTED;1;5;141400;0.1414
Merge Sort Paralelo (ForkJoin);true;1000;NEARLY_SORTED;2;1;1082100;1.0821
Merge Sort Paralelo (ForkJoin);true;1000;NEARLY_SORTED;2;2;1069900;1.0699
Merge Sort Paralelo (ForkJoin);true;1000;NEARLY_SORTED;2;3;1180900;1.1809
Merge Sort Paralelo (ForkJoin);true;1000;NEARLY_SORTED;2;4;1024200;1.0242
Merge Sort Paralelo (ForkJoin);true;1000;NEARLY_SORTED;2;5;1016500;1.0165
Merge Sort Paralelo (ForkJoin);true;1000;NEARLY_SORTED;4;1;1578700;1.5787
Merge Sort Paralelo (ForkJoin);true;1000;NEARLY_SORTED;4;2;1078000;1.0780
Merge Sort Paralelo (ForkJoin);true;1000;NEARLY_SORTED;4;3;1035700;1.0357
Merge Sort Paralelo (ForkJoin);true;1000;NEARLY_SORTED;4;4;858700;0.8587
Merge Sort Paralelo (ForkJoin);true;1000;NEARLY_SORTED;4;5;847000;0.8470
Merge Sort Paralelo (ForkJoin);true;1000;NEARLY_SORTED;8;1;914800;0.9148
Merge Sort Paralelo (ForkJoin);true;1000;NEARLY_SORTED;8;2;895200;0.8952
Merge Sort Paralelo (ForkJoin);true;1000;NEARLY_SORTED;8;3;941100;0.9411
Merge Sort Paralelo (ForkJoin);true;1000;NEARLY_SORTED;8;4;1110200;1.1102
Merge Sort Paralelo (ForkJoin);true;1000;NEARLY_SORTED;8;5;851100;0.8511
Bubble Sort Serial;false;1000;REVERSED;1;1;1263500;1.2635
Bubble Sort Serial;false;1000;REVERSED;1;2;1658100;1.6581
Bubble Sort Serial;false;1000;REVERSED;1;3;4758700;4.7587
Bubble Sort Serial;false;1000;REVERSED;1;4;1821200;1.8212
Bubble Sort Serial;false;1000;REVERSED;1;5;1566000;1.5660
Bubble Sort Paralelo (Odd-Even);true;1000;REVERSED;2;1;1576500;1.5765
Bubble Sort Paralelo (Odd-Even);true;1000;REVERSED;2;2;1215700;1.2157
Bubble Sort Paralelo (Odd-Even);true;1000;REVERSED;2;3;1443300;1.4433
Bubble Sort Paralelo (Odd-Even);true;1000;REVERSED;2;4;1359000;1.3590
Bubble Sort Paralelo (Odd-Even);true;1000;REVERSED;2;5;1403400;1.4034
Bubble Sort Paralelo (Odd-Even);true;1000;REVERSED;4;1;1678600;1.6786
Bubble Sort Paralelo (Odd-Even);true;1000;REVERSED;4;2;1704800;1.7048
Bubble Sort Paralelo (Odd-Even);true;1000;REVERSED;4;3;2031500;2.0315
Bubble Sort Paralelo (Odd-Even);true;1000;REVERSED;4;4;1628000;1.6280
Bubble Sort Paralelo (Odd-Even);true;1000;REVERSED;4;5;1717800;1.7178
Bubble Sort Paralelo (Odd-Even);true;1000;REVERSED;8;1;24722800;24.7228
Bubble Sort Paralelo (Odd-Even);true;1000;REVERSED;8;2;5175400;5.1754
Bubble Sort Paralelo (Odd-Even);true;1000;REVERSED;8;3;4658900;4.6589
Bubble Sort Paralelo (Odd-Even);true;1000;REVERSED;8;4;48850200;48.8502
Bubble Sort Paralelo (Odd-Even);true;1000;REVERSED;8;5;36413200;36.4132
Insertion Sort Serial;false;1000;REVERSED;1;1;350500;0.3505
Insertion Sort Serial;false;1000;REVERSED;1;2;294900;0.2949
Insertion Sort Serial;false;1000;REVERSED;1;3;245400;0.2454
Insertion Sort Serial;false;1000;REVERSED;1;4;286500;0.2865
Insertion Sort Serial;false;1000;REVERSED;1;5;223200;0.2232
Insertion Sort Paralelo (ForkJoin);true;1000;REVERSED;2;1;1226600;1.2266
Insertion Sort Paralelo (ForkJoin);true;1000;REVERSED;2;2;1253200;1.2532
Insertion Sort Paralelo (ForkJoin);true;1000;REVERSED;2;3;1330700;1.3307
Insertion Sort Paralelo (ForkJoin);true;1000;REVERSED;2;4;1378500;1.3785
Insertion Sort Paralelo (ForkJoin);true;1000;REVERSED;2;5;2231300;2.2313
Insertion Sort Paralelo (ForkJoin);true;1000;REVERSED;4;1;2274300;2.2743
Insertion Sort Paralelo (ForkJoin);true;1000;REVERSED;4;2;1457500;1.4575
Insertion Sort Paralelo (ForkJoin);true;1000;REVERSED;4;3;1363700;1.3637
Insertion Sort Paralelo (ForkJoin);true;1000;REVERSED;4;4;1529700;1.5297
Insertion Sort Paralelo (ForkJoin);true;1000;REVERSED;4;5;1444700;1.4447
Insertion Sort Paralelo (ForkJoin);true;1000;REVERSED;8;1;1291200;1.2912
Insertion Sort Paralelo (ForkJoin);true;1000;REVERSED;8;2;1614100;1.6141
Insertion Sort Paralelo (ForkJoin);true;1000;REVERSED;8;3;1523700;1.5237
Insertion Sort Paralelo (ForkJoin);true;1000;REVERSED;8;4;1387700;1.3877
Insertion Sort Paralelo (ForkJoin);true;1000;REVERSED;8;5;1459900;1.4599
Quick Sort Serial;false;1000;REVERSED;1;1;717700;0.7177
Quick Sort Serial;false;1000;REVERSED;1;2;549900;0.5499
Quick Sort Serial;false;1000;REVERSED;1;3;667400;0.6674
Quick Sort Serial;false;1000;REVERSED;1;4;676700;0.6767
Quick Sort Serial;false;1000;REVERSED;1;5;870000;0.8700
Quick Sort Paralelo (ForkJoin);true;1000;REVERSED;2;1;1558900;1.5589
Quick Sort Paralelo (ForkJoin);true;1000;REVERSED;2;2;1911800;1.9118
Quick Sort Paralelo (ForkJoin);true;1000;REVERSED;2;3;1610500;1.6105
Quick Sort Paralelo (ForkJoin);true;1000;REVERSED;2;4;1530800;1.5308
Quick Sort Paralelo (ForkJoin);true;1000;REVERSED;2;5;1511300;1.5113
Quick Sort Paralelo (ForkJoin);true;1000;REVERSED;4;1;1467500;1.4675
Quick Sort Paralelo (ForkJoin);true;1000;REVERSED;4;2;1453600;1.4536
Quick Sort Paralelo (ForkJoin);true;1000;REVERSED;4;3;1329500;1.3295
Quick Sort Paralelo (ForkJoin);true;1000;REVERSED;4;4;1623700;1.6237
Quick Sort Paralelo (ForkJoin);true;1000;REVERSED;4;5;1396700;1.3967
Quick Sort Paralelo (ForkJoin);true;1000;REVERSED;8;1;1657000;1.6570
Quick Sort Paralelo (ForkJoin);true;1000;REVERSED;8;2;2324300;2.3243
Quick Sort Paralelo (ForkJoin);true;1000;REVERSED;8;3;1443200;1.4432
Quick Sort Paralelo (ForkJoin);true;1000;REVERSED;8;4;1508100;1.5081
Quick Sort Paralelo (ForkJoin);true;1000;REVERSED;8;5;2326300;2.3263
Merge Sort Serial;false;1000;REVERSED;1;1;184000;0.1840
Merge Sort Serial;false;1000;REVERSED;1;2;165700;0.1657
Merge Sort Serial;false;1000;REVERSED;1;3;153600;0.1536
Merge Sort Serial;false;1000;REVERSED;1;4;181300;0.1813
Merge Sort Serial;false;1000;REVERSED;1;5;113700;0.1137
Merge Sort Paralelo (ForkJoin);true;1000;REVERSED;2;1;967000;0.9670
Merge Sort Paralelo (ForkJoin);true;1000;REVERSED;2;2;1106900;1.1069
Merge Sort Paralelo (ForkJoin);true;1000;REVERSED;2;3;2505800;2.5058
Merge Sort Paralelo (ForkJoin);true;1000;REVERSED;2;4;1755300;1.7553
Merge Sort Paralelo (ForkJoin);true;1000;REVERSED;2;5;1019200;1.0192
Merge Sort Paralelo (ForkJoin);true;1000;REVERSED;4;1;1014600;1.0146
Merge Sort Paralelo (ForkJoin);true;1000;REVERSED;4;2;942100;0.9421
Merge Sort Paralelo (ForkJoin);true;1000;REVERSED;4;3;891000;0.8910
Merge Sort Paralelo (ForkJoin);true;1000;REVERSED;4;4;1189300;1.1893
Merge Sort Paralelo (ForkJoin);true;1000;REVERSED;4;5;1315200;1.3152
Merge Sort Paralelo (ForkJoin);true;1000;REVERSED;8;1;974600;0.9746
Merge Sort Paralelo (ForkJoin);true;1000;REVERSED;8;2;969900;0.9699
Merge Sort Paralelo (ForkJoin);true;1000;REVERSED;8;3;1221900;1.2219
Merge Sort Paralelo (ForkJoin);true;1000;REVERSED;8;4;936800;0.9368
Merge Sort Paralelo (ForkJoin);true;1000;REVERSED;8;5;1030800;1.0308
Bubble Sort Serial;false;5000;RANDOM;1;1;36447300;36.4473
Bubble Sort Serial;false;5000;RANDOM;1;2;36313400;36.3134
Bubble Sort Serial;false;5000;RANDOM;1;3;34719700;34.7197
Bubble Sort Serial;false;5000;RANDOM;1;4;37481900;37.4819
Bubble Sort Serial;false;5000;RANDOM;1;5;32390800;32.3908
Bubble Sort Paralelo (Odd-Even);true;5000;RANDOM;2;1;14395400;14.3954
Bubble Sort Paralelo (Odd-Even);true;5000;RANDOM;2;2;13214000;13.2140
Bubble Sort Paralelo (Odd-Even);true;5000;RANDOM;2;3;15249900;15.2499
Bubble Sort Paralelo (Odd-Even);true;5000;RANDOM;2;4;14055100;14.0551
Bubble Sort Paralelo (Odd-Even);true;5000;RANDOM;2;5;14745700;14.7457
Bubble Sort Paralelo (Odd-Even);true;5000;RANDOM;4;1;23168200;23.1682
Bubble Sort Paralelo (Odd-Even);true;5000;RANDOM;4;2;9679400;9.6794
Bubble Sort Paralelo (Odd-Even);true;5000;RANDOM;4;3;9956100;9.9561
Bubble Sort Paralelo (Odd-Even);true;5000;RANDOM;4;4;9933600;9.9336
Bubble Sort Paralelo (Odd-Even);true;5000;RANDOM;4;5;10167800;10.1678
Bubble Sort Paralelo (Odd-Even);true;5000;RANDOM;8;1;75900600;75.9006
Bubble Sort Paralelo (Odd-Even);true;5000;RANDOM;8;2;19026800;19.0268
Bubble Sort Paralelo (Odd-Even);true;5000;RANDOM;8;3;31072700;31.0727
Bubble Sort Paralelo (Odd-Even);true;5000;RANDOM;8;4;71619600;71.6196
Bubble Sort Paralelo (Odd-Even);true;5000;RANDOM;8;5;50985600;50.9856
Insertion Sort Serial;false;5000;RANDOM;1;1;3389800;3.3898
Insertion Sort Serial;false;5000;RANDOM;1;2;2678400;2.6784
Insertion Sort Serial;false;5000;RANDOM;1;3;2757200;2.7572
Insertion Sort Serial;false;5000;RANDOM;1;4;2690700;2.6907
Insertion Sort Serial;false;5000;RANDOM;1;5;3564500;3.5645
Insertion Sort Paralelo (ForkJoin);true;5000;RANDOM;2;1;3198800;3.1988
Insertion Sort Paralelo (ForkJoin);true;5000;RANDOM;2;2;4349100;4.3491
Insertion Sort Paralelo (ForkJoin);true;5000;RANDOM;2;3;4718300;4.7183
Insertion Sort Paralelo (ForkJoin);true;5000;RANDOM;2;4;6478000;6.4780
Insertion Sort Paralelo (ForkJoin);true;5000;RANDOM;2;5;3211100;3.2111
Insertion Sort Paralelo (ForkJoin);true;5000;RANDOM;4;1;3185800;3.1858
Insertion Sort Paralelo (ForkJoin);true;5000;RANDOM;4;2;2473200;2.4732
Insertion Sort Paralelo (ForkJoin);true;5000;RANDOM;4;3;2263400;2.2634
Insertion Sort Paralelo (ForkJoin);true;5000;RANDOM;4;4;2539700;2.5397
Insertion Sort Paralelo (ForkJoin);true;5000;RANDOM;4;5;2164500;2.1645
Insertion Sort Paralelo (ForkJoin);true;5000;RANDOM;8;1;2187800;2.1878
Insertion Sort Paralelo (ForkJoin);true;5000;RANDOM;8;2;2333900;2.3339
Insertion Sort Paralelo (ForkJoin);true;5000;RANDOM;8;3;2473300;2.4733
Insertion Sort Paralelo (ForkJoin);true;5000;RANDOM;8;4;2520900;2.5209
Insertion Sort Paralelo (ForkJoin);true;5000;RANDOM;8;5;2513200;2.5132
Quick Sort Serial;false;5000;RANDOM;1;1;511100;0.5111
Quick Sort Serial;false;5000;RANDOM;1;2;485200;0.4852
Quick Sort Serial;false;5000;RANDOM;1;3;467100;0.4671
Quick Sort Serial;false;5000;RANDOM;1;4;484900;0.4849
Quick Sort Serial;false;5000;RANDOM;1;5;461500;0.4615
Quick Sort Paralelo (ForkJoin);true;5000;RANDOM;2;1;1559100;1.5591
Quick Sort Paralelo (ForkJoin);true;5000;RANDOM;2;2;1718600;1.7186
Quick Sort Paralelo (ForkJoin);true;5000;RANDOM;2;3;1578300;1.5783
Quick Sort Paralelo (ForkJoin);true;5000;RANDOM;2;4;1789300;1.7893
Quick Sort Paralelo (ForkJoin);true;5000;RANDOM;2;5;1614100;1.6141
Quick Sort Paralelo (ForkJoin);true;5000;RANDOM;4;1;1498900;1.4989
Quick Sort Paralelo (ForkJoin);true;5000;RANDOM;4;2;1629200;1.6292
Quick Sort Paralelo (ForkJoin);true;5000;RANDOM;4;3;1684600;1.6846
Quick Sort Paralelo (ForkJoin);true;5000;RANDOM;4;4;1630400;1.6304
Quick Sort Paralelo (ForkJoin);true;5000;RANDOM;4;5;1766800;1.7668
Quick Sort Paralelo (ForkJoin);true;5000;RANDOM;8;1;1854600;1.8546
Quick Sort Paralelo (ForkJoin);true;5000;RANDOM;8;2;1873800;1.8738
Quick Sort Paralelo (ForkJoin);true;5000;RANDOM;8;3;1938400;1.9384
Quick Sort Paralelo (ForkJoin);true;5000;RANDOM;8;4;2820900;2.8209
Quick Sort Paralelo (ForkJoin);true;5000;RANDOM;8;5;2225200;2.2252
Merge Sort Serial;false;5000;RANDOM;1;1;1239000;1.2390
Merge Sort Serial;false;5000;RANDOM;1;2;1249200;1.2492
Merge Sort Serial;false;5000;RANDOM;1;3;1103400;1.1034
Merge Sort Serial;false;5000;RANDOM;1;4;1509800;1.5098
Merge Sort Serial;false;5000;RANDOM;1;5;1106700;1.1067
Merge Sort Paralelo (ForkJoin);true;5000;RANDOM;2;1;2319900;2.3199
Merge Sort Paralelo (ForkJoin);true;5000;RANDOM;2;2;2051200;2.0512
Merge Sort Paralelo (ForkJoin);true;5000;RANDOM;2;3;2031400;2.0314
Merge Sort Paralelo (ForkJoin);true;5000;RANDOM;2;4;2278400;2.2784
Merge Sort Paralelo (ForkJoin);true;5000;RANDOM;2;5;2234900;2.2349
Merge Sort Paralelo (ForkJoin);true;5000;RANDOM;4;1;3342000;3.3420
Merge Sort Paralelo (ForkJoin);true;5000;RANDOM;4;2;2353500;2.3535
Merge Sort Paralelo (ForkJoin);true;5000;RANDOM;4;3;1954500;1.9545
Merge Sort Paralelo (ForkJoin);true;5000;RANDOM;4;4;2132300;2.1323
Merge Sort Paralelo (ForkJoin);true;5000;RANDOM;4;5;2635900;2.6359
Merge Sort Paralelo (ForkJoin);true;5000;RANDOM;8;1;2236500;2.2365
Merge Sort Paralelo (ForkJoin);true;5000;RANDOM;8;2;2390500;2.3905
Merge Sort Paralelo (ForkJoin);true;5000;RANDOM;8;3;2443900;2.4439
Merge Sort Paralelo (ForkJoin);true;5000;RANDOM;8;4;2390600;2.3906
Merge Sort Paralelo (ForkJoin);true;5000;RANDOM;8;5;3317500;3.3175
Bubble Sort Serial;false;5000;NEARLY_SORTED;1;1;21640900;21.6409
Bubble Sort Serial;false;5000;NEARLY_SORTED;1;2;10002200;10.0022
Bubble Sort Serial;false;5000;NEARLY_SORTED;1;3;10445600;10.4456
Bubble Sort Serial;false;5000;NEARLY_SORTED;1;4;9444400;9.4444
Bubble Sort Serial;false;5000;NEARLY_SORTED;1;5;9605600;9.6056
Bubble Sort Paralelo (Odd-Even);true;5000;NEARLY_SORTED;2;1;10366200;10.3662
Bubble Sort Paralelo (Odd-Even);true;5000;NEARLY_SORTED;2;2;21354200;21.3542
Bubble Sort Paralelo (Odd-Even);true;5000;NEARLY_SORTED;2;3;9876600;9.8766
Bubble Sort Paralelo (Odd-Even);true;5000;NEARLY_SORTED;2;4;9446900;9.4469
Bubble Sort Paralelo (Odd-Even);true;5000;NEARLY_SORTED;2;5;8838300;8.8383
Bubble Sort Paralelo (Odd-Even);true;5000;NEARLY_SORTED;4;1;7586300;7.5863
Bubble Sort Paralelo (Odd-Even);true;5000;NEARLY_SORTED;4;2;9542500;9.5425
Bubble Sort Paralelo (Odd-Even);true;5000;NEARLY_SORTED;4;3;7399200;7.3992
Bubble Sort Paralelo (Odd-Even);true;5000;NEARLY_SORTED;4;4;7576600;7.5766
Bubble Sort Paralelo (Odd-Even);true;5000;NEARLY_SORTED;4;5;7258500;7.2585
Bubble Sort Paralelo (Odd-Even);true;5000;NEARLY_SORTED;8;1;19426200;19.4262
Bubble Sort Paralelo (Odd-Even);true;5000;NEARLY_SORTED;8;2;37295300;37.2953
Bubble Sort Paralelo (Odd-Even);true;5000;NEARLY_SORTED;8;3;29268200;29.2682
Bubble Sort Paralelo (Odd-Even);true;5000;NEARLY_SORTED;8;4;25471600;25.4716
Bubble Sort Paralelo (Odd-Even);true;5000;NEARLY_SORTED;8;5;25866200;25.8662
Insertion Sort Serial;false;5000;NEARLY_SORTED;1;1;344800;0.3448
Insertion Sort Serial;false;5000;NEARLY_SORTED;1;2;524200;0.5242
Insertion Sort Serial;false;5000;NEARLY_SORTED;1;3;345100;0.3451
Insertion Sort Serial;false;5000;NEARLY_SORTED;1;4;462100;0.4621
Insertion Sort Serial;false;5000;NEARLY_SORTED;1;5;479200;0.4792
Insertion Sort Paralelo (ForkJoin);true;5000;NEARLY_SORTED;2;1;2017900;2.0179
Insertion Sort Paralelo (ForkJoin);true;5000;NEARLY_SORTED;2;2;2164000;2.1640
Insertion Sort Paralelo (ForkJoin);true;5000;NEARLY_SORTED;2;3;2317000;2.3170
Insertion Sort Paralelo (ForkJoin);true;5000;NEARLY_SORTED;2;4;1718500;1.7185
Insertion Sort Paralelo (ForkJoin);true;5000;NEARLY_SORTED;2;5;1849000;1.8490
Insertion Sort Paralelo (ForkJoin);true;5000;NEARLY_SORTED;4;1;1700000;1.7000
Insertion Sort Paralelo (ForkJoin);true;5000;NEARLY_SORTED;4;2;1307400;1.3074
Insertion Sort Paralelo (ForkJoin);true;5000;NEARLY_SORTED;4;3;1516500;1.5165
Insertion Sort Paralelo (ForkJoin);true;5000;NEARLY_SORTED;4;4;1284400;1.2844
Insertion Sort Paralelo (ForkJoin);true;5000;NEARLY_SORTED;4;5;1373500;1.3735
Insertion Sort Paralelo (ForkJoin);true;5000;NEARLY_SORTED;8;1;1291000;1.2910
Insertion Sort Paralelo (ForkJoin);true;5000;NEARLY_SORTED;8;2;1732700;1.7327
Insertion Sort Paralelo (ForkJoin);true;5000;NEARLY_SORTED;8;3;1772900;1.7729
Insertion Sort Paralelo (ForkJoin);true;5000;NEARLY_SORTED;8;4;2078700;2.0787
Insertion Sort Paralelo (ForkJoin);true;5000;NEARLY_SORTED;8;5;1431100;1.4311
Quick Sort Serial;false;5000;NEARLY_SORTED;1;1;354200;0.3542
Quick Sort Serial;false;5000;NEARLY_SORTED;1;2;292400;0.2924
Quick Sort Serial;false;5000;NEARLY_SORTED;1;3;290000;0.2900
Quick Sort Serial;false;5000;NEARLY_SORTED;1;4;304900;0.3049
Quick Sort Serial;false;5000;NEARLY_SORTED;1;5;532600;0.5326
Quick Sort Paralelo (ForkJoin);true;5000;NEARLY_SORTED;2;1;1305900;1.3059
Quick Sort Paralelo (ForkJoin);true;5000;NEARLY_SORTED;2;2;1417500;1.4175
Quick Sort Paralelo (ForkJoin);true;5000;NEARLY_SORTED;2;3;1190400;1.1904
Quick Sort Paralelo (ForkJoin);true;5000;NEARLY_SORTED;2;4;1316200;1.3162
Quick Sort Paralelo (ForkJoin);true;5000;NEARLY_SORTED;2;5;1517300;1.5173
Quick Sort Paralelo (ForkJoin);true;5000;NEARLY_SORTED;4;1;1989400;1.9894
Quick Sort Paralelo (ForkJoin);true;5000;NEARLY_SORTED;4;2;1276400;1.2764
Quick Sort Paralelo (ForkJoin);true;5000;NEARLY_SORTED;4;3;1344900;1.3449
Quick Sort Paralelo (ForkJoin);true;5000;NEARLY_SORTED;4;4;1732700;1.7327
Quick Sort Paralelo (ForkJoin);true;5000;NEARLY_SORTED;4;5;1326000;1.3260
Quick Sort Paralelo (ForkJoin);true;5000;NEARLY_SORTED;8;1;1297500;1.2975
Quick Sort Paralelo (ForkJoin);true;5000;NEARLY_SORTED;8;2;1508900;1.5089
Quick Sort Paralelo (ForkJoin);true;5000;NEARLY_SORTED;8;3;1598600;1.5986
Quick Sort Paralelo (ForkJoin);true;5000;NEARLY_SORTED;8;4;1445400;1.4454
Quick Sort Paralelo (ForkJoin);true;5000;NEARLY_SORTED;8;5;1656400;1.6564
Merge Sort Serial;false;5000;NEARLY_SORTED;1;1;685500;0.6855
Merge Sort Serial;false;5000;NEARLY_SORTED;1;2;849500;0.8495
Merge Sort Serial;false;5000;NEARLY_SORTED;1;3;828600;0.8286
Merge Sort Serial;false;5000;NEARLY_SORTED;1;4;635400;0.6354
Merge Sort Serial;false;5000;NEARLY_SORTED;1;5;605600;0.6056
Merge Sort Paralelo (ForkJoin);true;5000;NEARLY_SORTED;2;1;1318500;1.3185
Merge Sort Paralelo (ForkJoin);true;5000;NEARLY_SORTED;2;2;1479400;1.4794
Merge Sort Paralelo (ForkJoin);true;5000;NEARLY_SORTED;2;3;1310100;1.3101
Merge Sort Paralelo (ForkJoin);true;5000;NEARLY_SORTED;2;4;1507800;1.5078
Merge Sort Paralelo (ForkJoin);true;5000;NEARLY_SORTED;2;5;1233000;1.2330
Merge Sort Paralelo (ForkJoin);true;5000;NEARLY_SORTED;4;1;1900800;1.9008
Merge Sort Paralelo (ForkJoin);true;5000;NEARLY_SORTED;4;2;1580300;1.5803
Merge Sort Paralelo (ForkJoin);true;5000;NEARLY_SORTED;4;3;1569700;1.5697
Merge Sort Paralelo (ForkJoin);true;5000;NEARLY_SORTED;4;4;1799000;1.7990
Merge Sort Paralelo (ForkJoin);true;5000;NEARLY_SORTED;4;5;1522800;1.5228
Merge Sort Paralelo (ForkJoin);true;5000;NEARLY_SORTED;8;1;1766800;1.7668
Merge Sort Paralelo (ForkJoin);true;5000;NEARLY_SORTED;8;2;1602000;1.6020
Merge Sort Paralelo (ForkJoin);true;5000;NEARLY_SORTED;8;3;1859600;1.8596
Merge Sort Paralelo (ForkJoin);true;5000;NEARLY_SORTED;8;4;2181600;2.1816
Merge Sort Paralelo (ForkJoin);true;5000;NEARLY_SORTED;8;5;1783600;1.7836
Bubble Sort Serial;false;5000;REVERSED;1;1;28524300;28.5243
Bubble Sort Serial;false;5000;REVERSED;1;2;36056600;36.0566
Bubble Sort Serial;false;5000;REVERSED;1;3;36291200;36.2912
Bubble Sort Serial;false;5000;REVERSED;1;4;37428600;37.4286
Bubble Sort Serial;false;5000;REVERSED;1;5;36987400;36.9874
Bubble Sort Paralelo (Odd-Even);true;5000;REVERSED;2;1;20220400;20.2204
Bubble Sort Paralelo (Odd-Even);true;5000;REVERSED;2;2;8493000;8.4930
Bubble Sort Paralelo (Odd-Even);true;5000;REVERSED;2;3;10180600;10.1806
Bubble Sort Paralelo (Odd-Even);true;5000;REVERSED;2;4;7650200;7.6502
Bubble Sort Paralelo (Odd-Even);true;5000;REVERSED;2;5;11160700;11.1607
Bubble Sort Paralelo (Odd-Even);true;5000;REVERSED;4;1;8388500;8.3885
Bubble Sort Paralelo (Odd-Even);true;5000;REVERSED;4;2;9599000;9.5990
Bubble Sort Paralelo (Odd-Even);true;5000;REVERSED;4;3;8906400;8.9064
Bubble Sort Paralelo (Odd-Even);true;5000;REVERSED;4;4;6294200;6.2942
Bubble Sort Paralelo (Odd-Even);true;5000;REVERSED;4;5;8139800;8.1398
Bubble Sort Paralelo (Odd-Even);true;5000;REVERSED;8;1;31010300;31.0103
Bubble Sort Paralelo (Odd-Even);true;5000;REVERSED;8;2;100518100;100.5181
Bubble Sort Paralelo (Odd-Even);true;5000;REVERSED;8;3;21222000;21.2220
Bubble Sort Paralelo (Odd-Even);true;5000;REVERSED;8;4;22826600;22.8266
Bubble Sort Paralelo (Odd-Even);true;5000;REVERSED;8;5;34202400;34.2024
Insertion Sort Serial;false;5000;REVERSED;1;1;5411200;5.4112
Insertion Sort Serial;false;5000;REVERSED;1;2;5198000;5.1980
Insertion Sort Serial;false;5000;REVERSED;1;3;5267800;5.2678
Insertion Sort Serial;false;5000;REVERSED;1;4;5438300;5.4383
Insertion Sort Serial;false;5000;REVERSED;1;5;5219400;5.2194
Insertion Sort Paralelo (ForkJoin);true;5000;REVERSED;2;1;6913800;6.9138
Insertion Sort Paralelo (ForkJoin);true;5000;REVERSED;2;2;4973400;4.9734
Insertion Sort Paralelo (ForkJoin);true;5000;REVERSED;2;3;7684500;7.6845
Insertion Sort Paralelo (ForkJoin);true;5000;REVERSED;2;4;8905000;8.9050
Insertion Sort Paralelo (ForkJoin);true;5000;REVERSED;2;5;5176400;5.1764
Insertion Sort Paralelo (ForkJoin);true;5000;REVERSED;4;1;3367500;3.3675
Insertion Sort Paralelo (ForkJoin);true;5000;REVERSED;4;2;3176900;3.1769
Insertion Sort Paralelo (ForkJoin);true;5000;REVERSED;4;3;2621100;2.6211
Insertion Sort Paralelo (ForkJoin);true;5000;REVERSED;4;4;3416900;3.4169
Insertion Sort Paralelo (ForkJoin);true;5000;REVERSED;4;5;2538400;2.5384
Insertion Sort Paralelo (ForkJoin);true;5000;REVERSED;8;1;3467300;3.4673
Insertion Sort Paralelo (ForkJoin);true;5000;REVERSED;8;2;2782000;2.7820
Insertion Sort Paralelo (ForkJoin);true;5000;REVERSED;8;3;2922600;2.9226
Insertion Sort Paralelo (ForkJoin);true;5000;REVERSED;8;4;2274600;2.2746
Insertion Sort Paralelo (ForkJoin);true;5000;REVERSED;8;5;2194800;2.1948
Quick Sort Serial;false;5000;REVERSED;1;1;220000;0.2200
Quick Sort Serial;false;5000;REVERSED;1;2;177900;0.1779
Quick Sort Serial;false;5000;REVERSED;1;3;167700;0.1677
Quick Sort Serial;false;5000;REVERSED;1;4;180600;0.1806
Quick Sort Serial;false;5000;REVERSED;1;5;174800;0.1748
Quick Sort Paralelo (ForkJoin);true;5000;REVERSED;2;1;1322200;1.3222
Quick Sort Paralelo (ForkJoin);true;5000;REVERSED;2;2;1127900;1.1279
Quick Sort Paralelo (ForkJoin);true;5000;REVERSED;2;3;1029800;1.0298
Quick Sort Paralelo (ForkJoin);true;5000;REVERSED;2;4;1204600;1.2046
Quick Sort Paralelo (ForkJoin);true;5000;REVERSED;2;5;1000200;1.0002
Quick Sort Paralelo (ForkJoin);true;5000;REVERSED;4;1;1486400;1.4864
Quick Sort Paralelo (ForkJoin);true;5000;REVERSED;4;2;1215200;1.2152
Quick Sort Paralelo (ForkJoin);true;5000;REVERSED;4;3;1878200;1.8782
Quick Sort Paralelo (ForkJoin);true;5000;REVERSED;4;4;1266600;1.2666
Quick Sort Paralelo (ForkJoin);true;5000;REVERSED;4;5;1132100;1.1321
Quick Sort Paralelo (ForkJoin);true;5000;REVERSED;8;1;1251000;1.2510
Quick Sort Paralelo (ForkJoin);true;5000;REVERSED;8;2;1132600;1.1326
Quick Sort Paralelo (ForkJoin);true;5000;REVERSED;8;3;1403700;1.4037
Quick Sort Paralelo (ForkJoin);true;5000;REVERSED;8;4;1325100;1.3251
Quick Sort Paralelo (ForkJoin);true;5000;REVERSED;8;5;1536600;1.5366
Merge Sort Serial;false;5000;REVERSED;1;1;502700;0.5027
Merge Sort Serial;false;5000;REVERSED;1;2;503100;0.5031
Merge Sort Serial;false;5000;REVERSED;1;3;503700;0.5037
Merge Sort Serial;false;5000;REVERSED;1;4;505600;0.5056
Merge Sort Serial;false;5000;REVERSED;1;5;619200;0.6192
Merge Sort Paralelo (ForkJoin);true;5000;REVERSED;2;1;1552800;1.5528
Merge Sort Paralelo (ForkJoin);true;5000;REVERSED;2;2;1393200;1.3932
Merge Sort Paralelo (ForkJoin);true;5000;REVERSED;2;3;1403100;1.4031
Merge Sort Paralelo (ForkJoin);true;5000;REVERSED;2;4;1359800;1.3598
Merge Sort Paralelo (ForkJoin);true;5000;REVERSED;2;5;1353900;1.3539
Merge Sort Paralelo (ForkJoin);true;5000;REVERSED;4;1;2578300;2.5783
Merge Sort Paralelo (ForkJoin);true;5000;REVERSED;4;2;1472200;1.4722
Merge Sort Paralelo (ForkJoin);true;5000;REVERSED;4;3;1490900;1.4909
Merge Sort Paralelo (ForkJoin);true;5000;REVERSED;4;4;1424600;1.4246
Merge Sort Paralelo (ForkJoin);true;5000;REVERSED;4;5;1415700;1.4157
Merge Sort Paralelo (ForkJoin);true;5000;REVERSED;8;1;2432100;2.4321
Merge Sort Paralelo (ForkJoin);true;5000;REVERSED;8;2;1857500;1.8575
Merge Sort Paralelo (ForkJoin);true;5000;REVERSED;8;3;1785100;1.7851
Merge Sort Paralelo (ForkJoin);true;5000;REVERSED;8;4;2339300;2.3393
Merge Sort Paralelo (ForkJoin);true;5000;REVERSED;8;5;2298700;2.2987
Bubble Sort Serial;false;50000;RANDOM;1;1;5469764400;5469.7644
Bubble Sort Serial;false;50000;RANDOM;1;2;5265001800;5265.0018
Bubble Sort Serial;false;50000;RANDOM;1;3;5206600600;5206.6006
Bubble Sort Serial;false;50000;RANDOM;1;4;5254078200;5254.0782
Bubble Sort Serial;false;50000;RANDOM;1;5;5314097200;5314.0972
Bubble Sort Paralelo (Odd-Even);true;50000;RANDOM;2;1;1577564000;1577.5640
Bubble Sort Paralelo (Odd-Even);true;50000;RANDOM;2;2;1299858300;1299.8583
Bubble Sort Paralelo (Odd-Even);true;50000;RANDOM;2;3;1285968500;1285.9685
Bubble Sort Paralelo (Odd-Even);true;50000;RANDOM;2;4;1287934600;1287.9346
Bubble Sort Paralelo (Odd-Even);true;50000;RANDOM;2;5;1368966700;1368.9667
Bubble Sort Paralelo (Odd-Even);true;50000;RANDOM;4;1;655451900;655.4519
Bubble Sort Paralelo (Odd-Even);true;50000;RANDOM;4;2;656207900;656.2079
Bubble Sort Paralelo (Odd-Even);true;50000;RANDOM;4;3;656449700;656.4497
Bubble Sort Paralelo (Odd-Even);true;50000;RANDOM;4;4;619235700;619.2357
Bubble Sort Paralelo (Odd-Even);true;50000;RANDOM;4;5;662969200;662.9692
Bubble Sort Paralelo (Odd-Even);true;50000;RANDOM;8;1;1025183700;1025.1837
Bubble Sort Paralelo (Odd-Even);true;50000;RANDOM;8;2;1515999900;1515.9999
Bubble Sort Paralelo (Odd-Even);true;50000;RANDOM;8;3;888940300;888.9403
Bubble Sort Paralelo (Odd-Even);true;50000;RANDOM;8;4;1015671300;1015.6713
Bubble Sort Paralelo (Odd-Even);true;50000;RANDOM;8;5;1087709600;1087.7096
Insertion Sort Serial;false;50000;RANDOM;1;1;316651300;316.6513
Insertion Sort Serial;false;50000;RANDOM;1;2;287616800;287.6168
Insertion Sort Serial;false;50000;RANDOM;1;3;296396200;296.3962
Insertion Sort Serial;false;50000;RANDOM;1;4;288405900;288.4059
Insertion Sort Serial;false;50000;RANDOM;1;5;288944300;288.9443
Insertion Sort Paralelo (ForkJoin);true;50000;RANDOM;2;1;244778800;244.7788
Insertion Sort Paralelo (ForkJoin);true;50000;RANDOM;2;2;243659100;243.6591
Insertion Sort Paralelo (ForkJoin);true;50000;RANDOM;2;3;219287500;219.2875
Insertion Sort Paralelo (ForkJoin);true;50000;RANDOM;2;4;225571200;225.5712
Insertion Sort Paralelo (ForkJoin);true;50000;RANDOM;2;5;227308300;227.3083
Insertion Sort Paralelo (ForkJoin);true;50000;RANDOM;4;1;74701400;74.7014
Insertion Sort Paralelo (ForkJoin);true;50000;RANDOM;4;2;82803200;82.8032
Insertion Sort Paralelo (ForkJoin);true;50000;RANDOM;4;3;71277200;71.2772
Insertion Sort Paralelo (ForkJoin);true;50000;RANDOM;4;4;67036500;67.0365
Insertion Sort Paralelo (ForkJoin);true;50000;RANDOM;4;5;76205300;76.2053
Insertion Sort Paralelo (ForkJoin);true;50000;RANDOM;8;1;47120300;47.1203
Insertion Sort Paralelo (ForkJoin);true;50000;RANDOM;8;2;32268400;32.2684
Insertion Sort Paralelo (ForkJoin);true;50000;RANDOM;8;3;28895600;28.8956
Insertion Sort Paralelo (ForkJoin);true;50000;RANDOM;8;4;28846800;28.8468
Insertion Sort Paralelo (ForkJoin);true;50000;RANDOM;8;5;31185600;31.1856
Quick Sort Serial;false;50000;RANDOM;1;1;6145800;6.1458
Quick Sort Serial;false;50000;RANDOM;1;2;6471400;6.4714
Quick Sort Serial;false;50000;RANDOM;1;3;5344000;5.3440
Quick Sort Serial;false;50000;RANDOM;1;4;5312200;5.3122
Quick Sort Serial;false;50000;RANDOM;1;5;5353500;5.3535
Quick Sort Paralelo (ForkJoin);true;50000;RANDOM;2;1;4723500;4.7235
Quick Sort Paralelo (ForkJoin);true;50000;RANDOM;2;2;4921700;4.9217
Quick Sort Paralelo (ForkJoin);true;50000;RANDOM;2;3;5294300;5.2943
Quick Sort Paralelo (ForkJoin);true;50000;RANDOM;2;4;4847600;4.8476
Quick Sort Paralelo (ForkJoin);true;50000;RANDOM;2;5;3876100;3.8761
Quick Sort Paralelo (ForkJoin);true;50000;RANDOM;4;1;3150100;3.1501
Quick Sort Paralelo (ForkJoin);true;50000;RANDOM;4;2;3173100;3.1731
Quick Sort Paralelo (ForkJoin);true;50000;RANDOM;4;3;3031900;3.0319
Quick Sort Paralelo (ForkJoin);true;50000;RANDOM;4;4;3195400;3.1954
Quick Sort Paralelo (ForkJoin);true;50000;RANDOM;4;5;2844700;2.8447
Quick Sort Paralelo (ForkJoin);true;50000;RANDOM;8;1;2895100;2.8951
Quick Sort Paralelo (ForkJoin);true;50000;RANDOM;8;2;4630900;4.6309
Quick Sort Paralelo (ForkJoin);true;50000;RANDOM;8;3;2924200;2.9242
Quick Sort Paralelo (ForkJoin);true;50000;RANDOM;8;4;3380900;3.3809
Quick Sort Paralelo (ForkJoin);true;50000;RANDOM;8;5;2977300;2.9773
Merge Sort Serial;false;50000;RANDOM;1;1;12522900;12.5229
Merge Sort Serial;false;50000;RANDOM;1;2;11404700;11.4047
Merge Sort Serial;false;50000;RANDOM;1;3;11322700;11.3227
Merge Sort Serial;false;50000;RANDOM;1;4;13170700;13.1707
Merge Sort Serial;false;50000;RANDOM;1;5;11196000;11.1960
Merge Sort Paralelo (ForkJoin);true;50000;RANDOM;2;1;7481500;7.4815
Merge Sort Paralelo (ForkJoin);true;50000;RANDOM;2;2;9380100;9.3801
Merge Sort Paralelo (ForkJoin);true;50000;RANDOM;2;3;7176300;7.1763
Merge Sort Paralelo (ForkJoin);true;50000;RANDOM;2;4;6710100;6.7101
Merge Sort Paralelo (ForkJoin);true;50000;RANDOM;2;5;6552100;6.5521
Merge Sort Paralelo (ForkJoin);true;50000;RANDOM;4;1;5890200;5.8902
Merge Sort Paralelo (ForkJoin);true;50000;RANDOM;4;2;4524900;4.5249
Merge Sort Paralelo (ForkJoin);true;50000;RANDOM;4;3;7585000;7.5850
Merge Sort Paralelo (ForkJoin);true;50000;RANDOM;4;4;7755400;7.7554
Merge Sort Paralelo (ForkJoin);true;50000;RANDOM;4;5;5424700;5.4247
Merge Sort Paralelo (ForkJoin);true;50000;RANDOM;8;1;5816700;5.8167
Merge Sort Paralelo (ForkJoin);true;50000;RANDOM;8;2;5972900;5.9729
Merge Sort Paralelo (ForkJoin);true;50000;RANDOM;8;3;5209100;5.2091
Merge Sort Paralelo (ForkJoin);true;50000;RANDOM;8;4;4662300;4.6623
Merge Sort Paralelo (ForkJoin);true;50000;RANDOM;8;5;5456500;5.4565
Bubble Sort Serial;false;50000;NEARLY_SORTED;1;1;1313741500;1313.7415
Bubble Sort Serial;false;50000;NEARLY_SORTED;1;2;1348061500;1348.0615
Bubble Sort Serial;false;50000;NEARLY_SORTED;1;3;1317265300;1317.2653
Bubble Sort Serial;false;50000;NEARLY_SORTED;1;4;1324278300;1324.2783
Bubble Sort Serial;false;50000;NEARLY_SORTED;1;5;1374527500;1374.5275
Bubble Sort Paralelo (Odd-Even);true;50000;NEARLY_SORTED;2;1;1009433200;1009.4332
Bubble Sort Paralelo (Odd-Even);true;50000;NEARLY_SORTED;2;2;1029712100;1029.7121
Bubble Sort Paralelo (Odd-Even);true;50000;NEARLY_SORTED;2;3;1031410600;1031.4106
Bubble Sort Paralelo (Odd-Even);true;50000;NEARLY_SORTED;2;4;984235900;984.2359
Bubble Sort Paralelo (Odd-Even);true;50000;NEARLY_SORTED;2;5;1023502700;1023.5027
Bubble Sort Paralelo (Odd-Even);true;50000;NEARLY_SORTED;4;1;548429700;548.4297
Bubble Sort Paralelo (Odd-Even);true;50000;NEARLY_SORTED;4;2;575274900;575.2749
Bubble Sort Paralelo (Odd-Even);true;50000;NEARLY_SORTED;4;3;560554100;560.5541
Bubble Sort Paralelo (Odd-Even);true;50000;NEARLY_SORTED;4;4;623806200;623.8062
Bubble Sort Paralelo (Odd-Even);true;50000;NEARLY_SORTED;4;5;533845400;533.8454
Bubble Sort Paralelo (Odd-Even);true;50000;NEARLY_SORTED;8;1;713523300;713.5233
Bubble Sort Paralelo (Odd-Even);true;50000;NEARLY_SORTED;8;2;801526100;801.5261
Bubble Sort Paralelo (Odd-Even);true;50000;NEARLY_SORTED;8;3;862897000;862.8970
Bubble Sort Paralelo (Odd-Even);true;50000;NEARLY_SORTED;8;4;865577600;865.5776
Bubble Sort Paralelo (Odd-Even);true;50000;NEARLY_SORTED;8;5;975670200;975.6702
Insertion Sort Serial;false;50000;NEARLY_SORTED;1;1;36849100;36.8491
Insertion Sort Serial;false;50000;NEARLY_SORTED;1;2;36405800;36.4058
Insertion Sort Serial;false;50000;NEARLY_SORTED;1;3;44535800;44.5358
Insertion Sort Serial;false;50000;NEARLY_SORTED;1;4;35089400;35.0894
Insertion Sort Serial;false;50000;NEARLY_SORTED;1;5;33713200;33.7132
Insertion Sort Paralelo (ForkJoin);true;50000;NEARLY_SORTED;2;1;34046100;34.0461
Insertion Sort Paralelo (ForkJoin);true;50000;NEARLY_SORTED;2;2;45068200;45.0682
Insertion Sort Paralelo (ForkJoin);true;50000;NEARLY_SORTED;2;3;33999200;33.9992
Insertion Sort Paralelo (ForkJoin);true;50000;NEARLY_SORTED;2;4;42154800;42.1548
Insertion Sort Paralelo (ForkJoin);true;50000;NEARLY_SORTED;2;5;40000000;40.0000
Insertion Sort Paralelo (ForkJoin);true;50000;NEARLY_SORTED;4;1;17016400;17.0164
Insertion Sort Paralelo (ForkJoin);true;50000;NEARLY_SORTED;4;2;25314900;25.3149
Insertion Sort Paralelo (ForkJoin);true;50000;NEARLY_SORTED;4;3;19219200;19.2192
Insertion Sort Paralelo (ForkJoin);true;50000;NEARLY_SORTED;4;4;19491100;19.4911
Insertion Sort Paralelo (ForkJoin);true;50000;NEARLY_SORTED;4;5;14533900;14.5339
Insertion Sort Paralelo (ForkJoin);true;50000;NEARLY_SORTED;8;1;7281400;7.2814
Insertion Sort Paralelo (ForkJoin);true;50000;NEARLY_SORTED;8;2;6638800;6.6388
Insertion Sort Paralelo (ForkJoin);true;50000;NEARLY_SORTED;8;3;8280600;8.2806
Insertion Sort Paralelo (ForkJoin);true;50000;NEARLY_SORTED;8;4;9877800;9.8778
Insertion Sort Paralelo (ForkJoin);true;50000;NEARLY_SORTED;8;5;7761400;7.7614
Quick Sort Serial;false;50000;NEARLY_SORTED;1;1;3177700;3.1777
Quick Sort Serial;false;50000;NEARLY_SORTED;1;2;3001800;3.0018
Quick Sort Serial;false;50000;NEARLY_SORTED;1;3;3243100;3.2431
Quick Sort Serial;false;50000;NEARLY_SORTED;1;4;3404800;3.4048
Quick Sort Serial;false;50000;NEARLY_SORTED;1;5;3563800;3.5638
Quick Sort Paralelo (ForkJoin);true;50000;NEARLY_SORTED;2;1;2987200;2.9872
Quick Sort Paralelo (ForkJoin);true;50000;NEARLY_SORTED;2;2;2638100;2.6381
Quick Sort Paralelo (ForkJoin);true;50000;NEARLY_SORTED;2;3;3329800;3.3298
Quick Sort Paralelo (ForkJoin);true;50000;NEARLY_SORTED;2;4;7658200;7.6582
Quick Sort Paralelo (ForkJoin);true;50000;NEARLY_SORTED;2;5;2927900;2.9279
Quick Sort Paralelo (ForkJoin);true;50000;NEARLY_SORTED;4;1;2496500;2.4965
Quick Sort Paralelo (ForkJoin);true;50000;NEARLY_SORTED;4;2;2336200;2.3362
Quick Sort Paralelo (ForkJoin);true;50000;NEARLY_SORTED;4;3;3144700;3.1447
Quick Sort Paralelo (ForkJoin);true;50000;NEARLY_SORTED;4;4;3226200;3.2262
Quick Sort Paralelo (ForkJoin);true;50000;NEARLY_SORTED;4;5;2977700;2.9777
Quick Sort Paralelo (ForkJoin);true;50000;NEARLY_SORTED;8;1;3081600;3.0816
Quick Sort Paralelo (ForkJoin);true;50000;NEARLY_SORTED;8;2;2652800;2.6528
Quick Sort Paralelo (ForkJoin);true;50000;NEARLY_SORTED;8;3;3706200;3.7062
Quick Sort Paralelo (ForkJoin);true;50000;NEARLY_SORTED;8;4;2565900;2.5659
Quick Sort Paralelo (ForkJoin);true;50000;NEARLY_SORTED;8;5;2567800;2.5678
Merge Sort Serial;false;50000;NEARLY_SORTED;1;1;6890900;6.8909
Merge Sort Serial;false;50000;NEARLY_SORTED;1;2;6846300;6.8463
Merge Sort Serial;false;50000;NEARLY_SORTED;1;3;6491900;6.4919
Merge Sort Serial;false;50000;NEARLY_SORTED;1;4;6936700;6.9367
Merge Sort Serial;false;50000;NEARLY_SORTED;1;5;6762700;6.7627
Merge Sort Paralelo (ForkJoin);true;50000;NEARLY_SORTED;2;1;4071900;4.0719
Merge Sort Paralelo (ForkJoin);true;50000;NEARLY_SORTED;2;2;4768100;4.7681
Merge Sort Paralelo (ForkJoin);true;50000;NEARLY_SORTED;2;3;6176700;6.1767
Merge Sort Paralelo (ForkJoin);true;50000;NEARLY_SORTED;2;4;4557900;4.5579
Merge Sort Paralelo (ForkJoin);true;50000;NEARLY_SORTED;2;5;4371600;4.3716
Merge Sort Paralelo (ForkJoin);true;50000;NEARLY_SORTED;4;1;3309400;3.3094
Merge Sort Paralelo (ForkJoin);true;50000;NEARLY_SORTED;4;2;3113500;3.1135
Merge Sort Paralelo (ForkJoin);true;50000;NEARLY_SORTED;4;3;3752700;3.7527
Merge Sort Paralelo (ForkJoin);true;50000;NEARLY_SORTED;4;4;3143800;3.1438
Merge Sort Paralelo (ForkJoin);true;50000;NEARLY_SORTED;4;5;4227800;4.2278
Merge Sort Paralelo (ForkJoin);true;50000;NEARLY_SORTED;8;1;4703600;4.7036
Merge Sort Paralelo (ForkJoin);true;50000;NEARLY_SORTED;8;2;5958100;5.9581
Merge Sort Paralelo (ForkJoin);true;50000;NEARLY_SORTED;8;3;5999700;5.9997
Merge Sort Paralelo (ForkJoin);true;50000;NEARLY_SORTED;8;4;4039000;4.0390
Merge Sort Paralelo (ForkJoin);true;50000;NEARLY_SORTED;8;5;3592200;3.5922
Bubble Sort Serial;false;50000;REVERSED;1;1;2927191600;2927.1916
Bubble Sort Serial;false;50000;REVERSED;1;2;3735058700;3735.0587
Bubble Sort Serial;false;50000;REVERSED;1;3;3759666500;3759.6665
Bubble Sort Serial;false;50000;REVERSED;1;4;2920871700;2920.8717
Bubble Sort Serial;false;50000;REVERSED;1;5;3014926700;3014.9267
Bubble Sort Paralelo (Odd-Even);true;50000;REVERSED;2;1;943212600;943.2126
Bubble Sort Paralelo (Odd-Even);true;50000;REVERSED;2;2;948040800;948.0408
Bubble Sort Paralelo (Odd-Even);true;50000;REVERSED;2;3;892716400;892.7164
Bubble Sort Paralelo (Odd-Even);true;50000;REVERSED;2;4;951969300;951.9693
Bubble Sort Paralelo (Odd-Even);true;50000;REVERSED;2;5;930206400;930.2064
Bubble Sort Paralelo (Odd-Even);true;50000;REVERSED;4;1;579191200;579.1912
Bubble Sort Paralelo (Odd-Even);true;50000;REVERSED;4;2;599710100;599.7101
Bubble Sort Paralelo (Odd-Even);true;50000;REVERSED;4;3;589162800;589.1628
Bubble Sort Paralelo (Odd-Even);true;50000;REVERSED;4;4;575583000;575.5830
Bubble Sort Paralelo (Odd-Even);true;50000;REVERSED;4;5;576344700;576.3447
Bubble Sort Paralelo (Odd-Even);true;50000;REVERSED;8;1;814834900;814.8349
Bubble Sort Paralelo (Odd-Even);true;50000;REVERSED;8;2;898094300;898.0943
Bubble Sort Paralelo (Odd-Even);true;50000;REVERSED;8;3;1219666800;1219.6668
Bubble Sort Paralelo (Odd-Even);true;50000;REVERSED;8;4;1032982500;1032.9825
Bubble Sort Paralelo (Odd-Even);true;50000;REVERSED;8;5;865879100;865.8791
Insertion Sort Serial;false;50000;REVERSED;1;1;568396100;568.3961
Insertion Sort Serial;false;50000;REVERSED;1;2;582768000;582.7680
Insertion Sort Serial;false;50000;REVERSED;1;3;582731900;582.7319
Insertion Sort Serial;false;50000;REVERSED;1;4;560613000;560.6130
Insertion Sort Serial;false;50000;REVERSED;1;5;564526400;564.5264
Insertion Sort Paralelo (ForkJoin);true;50000;REVERSED;2;1;452853000;452.8530
Insertion Sort Paralelo (ForkJoin);true;50000;REVERSED;2;2;501121400;501.1214
Insertion Sort Paralelo (ForkJoin);true;50000;REVERSED;2;3;488018500;488.0185
Insertion Sort Paralelo (ForkJoin);true;50000;REVERSED;2;4;463000100;463.0001
Insertion Sort Paralelo (ForkJoin);true;50000;REVERSED;2;5;569558000;569.5580
Insertion Sort Paralelo (ForkJoin);true;50000;REVERSED;4;1;153893400;153.8934
Insertion Sort Paralelo (ForkJoin);true;50000;REVERSED;4;2;131442900;131.4429
Insertion Sort Paralelo (ForkJoin);true;50000;REVERSED;4;3;135295900;135.2959
Insertion Sort Paralelo (ForkJoin);true;50000;REVERSED;4;4;155523800;155.5238
Insertion Sort Paralelo (ForkJoin);true;50000;REVERSED;4;5;135163200;135.1632
Insertion Sort Paralelo (ForkJoin);true;50000;REVERSED;8;1;65384600;65.3846
Insertion Sort Paralelo (ForkJoin);true;50000;REVERSED;8;2;76391600;76.3916
Insertion Sort Paralelo (ForkJoin);true;50000;REVERSED;8;3;59355600;59.3556
Insertion Sort Paralelo (ForkJoin);true;50000;REVERSED;8;4;69021200;69.0212
Insertion Sort Paralelo (ForkJoin);true;50000;REVERSED;8;5;75270900;75.2709
Quick Sort Serial;false;50000;REVERSED;1;1;1967700;1.9677
Quick Sort Serial;false;50000;REVERSED;1;2;1966500;1.9665
Quick Sort Serial;false;50000;REVERSED;1;3;1933700;1.9337
Quick Sort Serial;false;50000;REVERSED;1;4;1577500;1.5775
Quick Sort Serial;false;50000;REVERSED;1;5;1618000;1.6180
Quick Sort Paralelo (ForkJoin);true;50000;REVERSED;2;1;3039500;3.0395
Quick Sort Paralelo (ForkJoin);true;50000;REVERSED;2;2;2084000;2.0840
Quick Sort Paralelo (ForkJoin);true;50000;REVERSED;2;3;2119000;2.1190
Quick Sort Paralelo (ForkJoin);true;50000;REVERSED;2;4;2865900;2.8659
Quick Sort Paralelo (ForkJoin);true;50000;REVERSED;2;5;2586300;2.5863
Quick Sort Paralelo (ForkJoin);true;50000;REVERSED;4;1;1858000;1.8580
Quick Sort Paralelo (ForkJoin);true;50000;REVERSED;4;2;2083600;2.0836
Quick Sort Paralelo (ForkJoin);true;50000;REVERSED;4;3;1699900;1.6999
Quick Sort Paralelo (ForkJoin);true;50000;REVERSED;4;4;2327200;2.3272
Quick Sort Paralelo (ForkJoin);true;50000;REVERSED;4;5;1863900;1.8639
Quick Sort Paralelo (ForkJoin);true;50000;REVERSED;8;1;1919400;1.9194
Quick Sort Paralelo (ForkJoin);true;50000;REVERSED;8;2;2624000;2.6240
Quick Sort Paralelo (ForkJoin);true;50000;REVERSED;8;3;2332200;2.3322
Quick Sort Paralelo (ForkJoin);true;50000;REVERSED;8;4;2206300;2.2063
Quick Sort Paralelo (ForkJoin);true;50000;REVERSED;8;5;2153400;2.1534
Merge Sort Serial;false;50000;REVERSED;1;1;5597100;5.5971
Merge Sort Serial;false;50000;REVERSED;1;2;8129300;8.1293
Merge Sort Serial;false;50000;REVERSED;1;3;7233900;7.2339
Merge Sort Serial;false;50000;REVERSED;1;4;6429800;6.4298
Merge Sort Serial;false;50000;REVERSED;1;5;5878100;5.8781
Merge Sort Paralelo (ForkJoin);true;50000;REVERSED;2;1;5467100;5.4671
Merge Sort Paralelo (ForkJoin);true;50000;REVERSED;2;2;3727500;3.7275
Merge Sort Paralelo (ForkJoin);true;50000;REVERSED;2;3;5543400;5.5434
Merge Sort Paralelo (ForkJoin);true;50000;REVERSED;2;4;4297100;4.2971
Merge Sort Paralelo (ForkJoin);true;50000;REVERSED;2;5;8015800;8.0158
Merge Sort Paralelo (ForkJoin);true;50000;REVERSED;4;1;3318300;3.3183
Merge Sort Paralelo (ForkJoin);true;50000;REVERSED;4;2;3338200;3.3382
Merge Sort Paralelo (ForkJoin);true;50000;REVERSED;4;3;3248700;3.2487
Merge Sort Paralelo (ForkJoin);true;50000;REVERSED;4;4;2882500;2.8825
Merge Sort Paralelo (ForkJoin);true;50000;REVERSED;4;5;2943700;2.9437
Merge Sort Paralelo (ForkJoin);true;50000;REVERSED;8;1;3056900;3.0569
Merge Sort Paralelo (ForkJoin);true;50000;REVERSED;8;2;3196400;3.1964
Merge Sort Paralelo (ForkJoin);true;50000;REVERSED;8;3;3947200;3.9472
Merge Sort Paralelo (ForkJoin);true;50000;REVERSED;8;4;3602700;3.6027
Merge Sort Paralelo (ForkJoin);true;50000;REVERSED;8;5;3600200;3.6002
Bubble Sort Serial;false;50000;RANDOM;1;1;6426149400;6426.1494
Bubble Sort Serial;false;50000;RANDOM;1;2;6228536800;6228.5368
Bubble Sort Serial;false;50000;RANDOM;1;3;6324680700;6324.6807
Bubble Sort Serial;false;50000;RANDOM;1;4;6353818800;6353.8188
Bubble Sort Serial;false;50000;RANDOM;1;5;6311590800;6311.5908
Bubble Sort Paralelo (Odd-Even);true;50000;RANDOM;2;1;1303087000;1303.0870
Bubble Sort Paralelo (Odd-Even);true;50000;RANDOM;2;2;1319387000;1319.3870
Bubble Sort Paralelo (Odd-Even);true;50000;RANDOM;2;3;1503958500;1503.9585
Bubble Sort Paralelo (Odd-Even);true;50000;RANDOM;2;4;1389729100;1389.7291
Bubble Sort Paralelo (Odd-Even);true;50000;RANDOM;2;5;1261171100;1261.1711
Bubble Sort Paralelo (Odd-Even);true;50000;RANDOM;4;1;680196500;680.1965
Bubble Sort Paralelo (Odd-Even);true;50000;RANDOM;4;2;700694300;700.6943
Bubble Sort Paralelo (Odd-Even);true;50000;RANDOM;4;3;667823600;667.8236
Bubble Sort Paralelo (Odd-Even);true;50000;RANDOM;4;4;688389900;688.3899
Bubble Sort Paralelo (Odd-Even);true;50000;RANDOM;4;5;738870800;738.8708
Bubble Sort Paralelo (Odd-Even);true;50000;RANDOM;8;1;1554455900;1554.4559
Bubble Sort Paralelo (Odd-Even);true;50000;RANDOM;8;2;1270249600;1270.2496
Bubble Sort Paralelo (Odd-Even);true;50000;RANDOM;8;3;1078227700;1078.2277
Bubble Sort Paralelo (Odd-Even);true;50000;RANDOM;8;4;984842600;984.8426
Bubble Sort Paralelo (Odd-Even);true;50000;RANDOM;8;5;1008477100;1008.4771
Insertion Sort Serial;false;50000;RANDOM;1;1;330009400;330.0094
Insertion Sort Serial;false;50000;RANDOM;1;2;289870000;289.8700
Insertion Sort Serial;false;50000;RANDOM;1;3;293503500;293.5035
Insertion Sort Serial;false;50000;RANDOM;1;4;285368800;285.3688
Insertion Sort Serial;false;50000;RANDOM;1;5;305390000;305.3900
Insertion Sort Paralelo (ForkJoin);true;50000;RANDOM;2;1;245673900;245.6739
Insertion Sort Paralelo (ForkJoin);true;50000;RANDOM;2;2;230170800;230.1708
Insertion Sort Paralelo (ForkJoin);true;50000;RANDOM;2;3;228273000;228.2730
Insertion Sort Paralelo (ForkJoin);true;50000;RANDOM;2;4;232776500;232.7765
Insertion Sort Paralelo (ForkJoin);true;50000;RANDOM;2;5;246659800;246.6598
Insertion Sort Paralelo (ForkJoin);true;50000;RANDOM;4;1;73534300;73.5343
Insertion Sort Paralelo (ForkJoin);true;50000;RANDOM;4;2;85792300;85.7923
Insertion Sort Paralelo (ForkJoin);true;50000;RANDOM;4;3;74211800;74.2118
Insertion Sort Paralelo (ForkJoin);true;50000;RANDOM;4;4;73895100;73.8951
Insertion Sort Paralelo (ForkJoin);true;50000;RANDOM;4;5;98829500;98.8295
Insertion Sort Paralelo (ForkJoin);true;50000;RANDOM;8;1;36378100;36.3781
Insertion Sort Paralelo (ForkJoin);true;50000;RANDOM;8;2;31073100;31.0731
Insertion Sort Paralelo (ForkJoin);true;50000;RANDOM;8;3;31733600;31.7336
Insertion Sort Paralelo (ForkJoin);true;50000;RANDOM;8;4;34964100;34.9641
Insertion Sort Paralelo (ForkJoin);true;50000;RANDOM;8;5;40048200;40.0482
Quick Sort Serial;false;50000;RANDOM;1;1;5560100;5.5601
Quick Sort Serial;false;50000;RANDOM;1;2;8375200;8.3752
Quick Sort Serial;false;50000;RANDOM;1;3;7254100;7.2541
Quick Sort Serial;false;50000;RANDOM;1;4;6688600;6.6886
Quick Sort Serial;false;50000;RANDOM;1;5;7097200;7.0972
Quick Sort Paralelo (ForkJoin);true;50000;RANDOM;2;1;15339300;15.3393
Quick Sort Paralelo (ForkJoin);true;50000;RANDOM;2;2;5505200;5.5052
Quick Sort Paralelo (ForkJoin);true;50000;RANDOM;2;3;5070500;5.0705
Quick Sort Paralelo (ForkJoin);true;50000;RANDOM;2;4;4048300;4.0483
Quick Sort Paralelo (ForkJoin);true;50000;RANDOM;2;5;4459600;4.4596
Quick Sort Paralelo (ForkJoin);true;50000;RANDOM;4;1;6419100;6.4191
Quick Sort Paralelo (ForkJoin);true;50000;RANDOM;4;2;3508100;3.5081
Quick Sort Paralelo (ForkJoin);true;50000;RANDOM;4;3;3452800;3.4528
Quick Sort Paralelo (ForkJoin);true;50000;RANDOM;4;4;3773200;3.7732
Quick Sort Paralelo (ForkJoin);true;50000;RANDOM;4;5;3771200;3.7712
Quick Sort Paralelo (ForkJoin);true;50000;RANDOM;8;1;3277900;3.2779
Quick Sort Paralelo (ForkJoin);true;50000;RANDOM;8;2;3233400;3.2334
Quick Sort Paralelo (ForkJoin);true;50000;RANDOM;8;3;5343200;5.3432
Quick Sort Paralelo (ForkJoin);true;50000;RANDOM;8;4;3942100;3.9421
Quick Sort Paralelo (ForkJoin);true;50000;RANDOM;8;5;3963200;3.9632
Merge Sort Serial;false;50000;RANDOM;1;1;14243700;14.2437
Merge Sort Serial;false;50000;RANDOM;1;2;12162600;12.1626
Merge Sort Serial;false;50000;RANDOM;1;3;12878500;12.8785
Merge Sort Serial;false;50000;RANDOM;1;4;12474700;12.4747
Merge Sort Serial;false;50000;RANDOM;1;5;12904800;12.9048
Merge Sort Paralelo (ForkJoin);true;50000;RANDOM;2;1;8723900;8.7239
Merge Sort Paralelo (ForkJoin);true;50000;RANDOM;2;2;7317300;7.3173
Merge Sort Paralelo (ForkJoin);true;50000;RANDOM;2;3;6935200;6.9352
Merge Sort Paralelo (ForkJoin);true;50000;RANDOM;2;4;7246500;7.2465
Merge Sort Paralelo (ForkJoin);true;50000;RANDOM;2;5;6669200;6.6692
Merge Sort Paralelo (ForkJoin);true;50000;RANDOM;4;1;4959000;4.9590
Merge Sort Paralelo (ForkJoin);true;50000;RANDOM;4;2;4565300;4.5653
Merge Sort Paralelo (ForkJoin);true;50000;RANDOM;4;3;5766300;5.7663
Merge Sort Paralelo (ForkJoin);true;50000;RANDOM;4;4;4726700;4.7267
Merge Sort Paralelo (ForkJoin);true;50000;RANDOM;4;5;4778600;4.7786
Merge Sort Paralelo (ForkJoin);true;50000;RANDOM;8;1;4570800;4.5708
Merge Sort Paralelo (ForkJoin);true;50000;RANDOM;8;2;6682400;6.6824
Merge Sort Paralelo (ForkJoin);true;50000;RANDOM;8;3;9905500;9.9055
Merge Sort Paralelo (ForkJoin);true;50000;RANDOM;8;4;10851300;10.8513
Merge Sort Paralelo (ForkJoin);true;50000;RANDOM;8;5;4878600;4.8786
Bubble Sort Serial;false;50000;NEARLY_SORTED;1;1;2232108900;2232.1089
Bubble Sort Serial;false;50000;NEARLY_SORTED;1;2;1395314300;1395.3143
Bubble Sort Serial;false;50000;NEARLY_SORTED;1;3;1288090900;1288.0909
Bubble Sort Serial;false;50000;NEARLY_SORTED;1;4;1294878700;1294.8787
Bubble Sort Serial;false;50000;NEARLY_SORTED;1;5;1281783500;1281.7835
Bubble Sort Paralelo (Odd-Even);true;50000;NEARLY_SORTED;2;1;1022367800;1022.3678
Bubble Sort Paralelo (Odd-Even);true;50000;NEARLY_SORTED;2;2;1036410100;1036.4101
Bubble Sort Paralelo (Odd-Even);true;50000;NEARLY_SORTED;2;3;1075274800;1075.2748
Bubble Sort Paralelo (Odd-Even);true;50000;NEARLY_SORTED;2;4;1067285900;1067.2859
Bubble Sort Paralelo (Odd-Even);true;50000;NEARLY_SORTED;2;5;1047415600;1047.4156
Bubble Sort Paralelo (Odd-Even);true;50000;NEARLY_SORTED;4;1;610158400;610.1584
Bubble Sort Paralelo (Odd-Even);true;50000;NEARLY_SORTED;4;2;593028300;593.0283
Bubble Sort Paralelo (Odd-Even);true;50000;NEARLY_SORTED;4;3;604168800;604.1688
Bubble Sort Paralelo (Odd-Even);true;50000;NEARLY_SORTED;4;4;755183000;755.1830
Bubble Sort Paralelo (Odd-Even);true;50000;NEARLY_SORTED;4;5;592062800;592.0628
Bubble Sort Paralelo (Odd-Even);true;50000;NEARLY_SORTED;8;1;987478400;987.4784
Bubble Sort Paralelo (Odd-Even);true;50000;NEARLY_SORTED;8;2;1122468800;1122.4688
Bubble Sort Paralelo (Odd-Even);true;50000;NEARLY_SORTED;8;3;1004390600;1004.3906
Bubble Sort Paralelo (Odd-Even);true;50000;NEARLY_SORTED;8;4;1172442000;1172.4420
Bubble Sort Paralelo (Odd-Even);true;50000;NEARLY_SORTED;8;5;1203478300;1203.4783
Insertion Sort Serial;false;50000;NEARLY_SORTED;1;1;42319900;42.3199
Insertion Sort Serial;false;50000;NEARLY_SORTED;1;2;38788800;38.7888
Insertion Sort Serial;false;50000;NEARLY_SORTED;1;3;36523000;36.5230
Insertion Sort Serial;false;50000;NEARLY_SORTED;1;4;36098600;36.0986
Insertion Sort Serial;false;50000;NEARLY_SORTED;1;5;35668500;35.6685
Insertion Sort Paralelo (ForkJoin);true;50000;NEARLY_SORTED;2;1;42878800;42.8788
Insertion Sort Paralelo (ForkJoin);true;50000;NEARLY_SORTED;2;2;36167500;36.1675
Insertion Sort Paralelo (ForkJoin);true;50000;NEARLY_SORTED;2;3;38842800;38.8428
Insertion Sort Paralelo (ForkJoin);true;50000;NEARLY_SORTED;2;4;43395500;43.3955
Insertion Sort Paralelo (ForkJoin);true;50000;NEARLY_SORTED;2;5;37736000;37.7360
Insertion Sort Paralelo (ForkJoin);true;50000;NEARLY_SORTED;4;1;19534600;19.5346
Insertion Sort Paralelo (ForkJoin);true;50000;NEARLY_SORTED;4;2;17101600;17.1016
Insertion Sort Paralelo (ForkJoin);true;50000;NEARLY_SORTED;4;3;14167900;14.1679
Insertion Sort Paralelo (ForkJoin);true;50000;NEARLY_SORTED;4;4;14793400;14.7934
Insertion Sort Paralelo (ForkJoin);true;50000;NEARLY_SORTED;4;5;16874500;16.8745
Insertion Sort Paralelo (ForkJoin);true;50000;NEARLY_SORTED;8;1;8467500;8.4675
Insertion Sort Paralelo (ForkJoin);true;50000;NEARLY_SORTED;8;2;9943600;9.9436
Insertion Sort Paralelo (ForkJoin);true;50000;NEARLY_SORTED;8;3;9460200;9.4602
Insertion Sort Paralelo (ForkJoin);true;50000;NEARLY_SORTED;8;4;8266200;8.2662
Insertion Sort Paralelo (ForkJoin);true;50000;NEARLY_SORTED;8;5;7458800;7.4588
Quick Sort Serial;false;50000;NEARLY_SORTED;1;1;3676000;3.6760
Quick Sort Serial;false;50000;NEARLY_SORTED;1;2;3935100;3.9351
Quick Sort Serial;false;50000;NEARLY_SORTED;1;3;3636300;3.6363
Quick Sort Serial;false;50000;NEARLY_SORTED;1;4;3754900;3.7549
Quick Sort Serial;false;50000;NEARLY_SORTED;1;5;3611500;3.6115
Quick Sort Paralelo (ForkJoin);true;50000;NEARLY_SORTED;2;1;2796800;2.7968
Quick Sort Paralelo (ForkJoin);true;50000;NEARLY_SORTED;2;2;3076200;3.0762
Quick Sort Paralelo (ForkJoin);true;50000;NEARLY_SORTED;2;3;3829900;3.8299
Quick Sort Paralelo (ForkJoin);true;50000;NEARLY_SORTED;2;4;2657900;2.6579
Quick Sort Paralelo (ForkJoin);true;50000;NEARLY_SORTED;2;5;3269900;3.2699
Quick Sort Paralelo (ForkJoin);true;50000;NEARLY_SORTED;4;1;2178000;2.1780
Quick Sort Paralelo (ForkJoin);true;50000;NEARLY_SORTED;4;2;3082900;3.0829
Quick Sort Paralelo (ForkJoin);true;50000;NEARLY_SORTED;4;3;2295000;2.2950
Quick Sort Paralelo (ForkJoin);true;50000;NEARLY_SORTED;4;4;2776400;2.7764
Quick Sort Paralelo (ForkJoin);true;50000;NEARLY_SORTED;4;5;3589300;3.5893
Quick Sort Paralelo (ForkJoin);true;50000;NEARLY_SORTED;8;1;2602200;2.6022
Quick Sort Paralelo (ForkJoin);true;50000;NEARLY_SORTED;8;2;2626500;2.6265
Quick Sort Paralelo (ForkJoin);true;50000;NEARLY_SORTED;8;3;4462600;4.4626
Quick Sort Paralelo (ForkJoin);true;50000;NEARLY_SORTED;8;4;3342800;3.3428
Quick Sort Paralelo (ForkJoin);true;50000;NEARLY_SORTED;8;5;4201200;4.2012
Merge Sort Serial;false;50000;NEARLY_SORTED;1;1;9894400;9.8944
Merge Sort Serial;false;50000;NEARLY_SORTED;1;2;7121600;7.1216
Merge Sort Serial;false;50000;NEARLY_SORTED;1;3;7942300;7.9423
Merge Sort Serial;false;50000;NEARLY_SORTED;1;4;8889700;8.8897
Merge Sort Serial;false;50000;NEARLY_SORTED;1;5;7892300;7.8923
Merge Sort Paralelo (ForkJoin);true;50000;NEARLY_SORTED;2;1;4525400;4.5254
Merge Sort Paralelo (ForkJoin);true;50000;NEARLY_SORTED;2;2;6789500;6.7895
Merge Sort Paralelo (ForkJoin);true;50000;NEARLY_SORTED;2;3;4667500;4.6675
Merge Sort Paralelo (ForkJoin);true;50000;NEARLY_SORTED;2;4;4299200;4.2992
Merge Sort Paralelo (ForkJoin);true;50000;NEARLY_SORTED;2;5;4811500;4.8115
Merge Sort Paralelo (ForkJoin);true;50000;NEARLY_SORTED;4;1;8111200;8.1112
Merge Sort Paralelo (ForkJoin);true;50000;NEARLY_SORTED;4;2;6065200;6.0652
Merge Sort Paralelo (ForkJoin);true;50000;NEARLY_SORTED;4;3;4084000;4.0840
Merge Sort Paralelo (ForkJoin);true;50000;NEARLY_SORTED;4;4;4030500;4.0305
Merge Sort Paralelo (ForkJoin);true;50000;NEARLY_SORTED;4;5;3527800;3.5278
Merge Sort Paralelo (ForkJoin);true;50000;NEARLY_SORTED;8;1;3357300;3.3573
Merge Sort Paralelo (ForkJoin);true;50000;NEARLY_SORTED;8;2;3473100;3.4731
Merge Sort Paralelo (ForkJoin);true;50000;NEARLY_SORTED;8;3;6439400;6.4394
Merge Sort Paralelo (ForkJoin);true;50000;NEARLY_SORTED;8;4;9140300;9.1403
Merge Sort Paralelo (ForkJoin);true;50000;NEARLY_SORTED;8;5;5953800;5.9538
Bubble Sort Serial;false;50000;REVERSED;1;1;2988818800;2988.8188
Bubble Sort Serial;false;50000;REVERSED;1;2;3800823900;3800.8239
Bubble Sort Serial;false;50000;REVERSED;1;3;3888536200;3888.5362
Bubble Sort Serial;false;50000;REVERSED;1;4;3810564700;3810.5647
Bubble Sort Serial;false;50000;REVERSED;1;5;4149201800;4149.2018
Bubble Sort Paralelo (Odd-Even);true;50000;REVERSED;2;1;1384177100;1384.1771
Bubble Sort Paralelo (Odd-Even);true;50000;REVERSED;2;2;1695522600;1695.5226
Bubble Sort Paralelo (Odd-Even);true;50000;REVERSED;2;3;1146234900;1146.2349
Bubble Sort Paralelo (Odd-Even);true;50000;REVERSED;2;4;1404692600;1404.6926
Bubble Sort Paralelo (Odd-Even);true;50000;REVERSED;2;5;1117168900;1117.1689
Bubble Sort Paralelo (Odd-Even);true;50000;REVERSED;4;1;759613200;759.6132
Bubble Sort Paralelo (Odd-Even);true;50000;REVERSED;4;2;781935000;781.9350
Bubble Sort Paralelo (Odd-Even);true;50000;REVERSED;4;3;843573200;843.5732
Bubble Sort Paralelo (Odd-Even);true;50000;REVERSED;4;4;802009500;802.0095
Bubble Sort Paralelo (Odd-Even);true;50000;REVERSED;4;5;664630900;664.6309
Bubble Sort Paralelo (Odd-Even);true;50000;REVERSED;8;1;2927395400;2927.3954
Bubble Sort Paralelo (Odd-Even);true;50000;REVERSED;8;2;4613883700;4613.8837
Bubble Sort Paralelo (Odd-Even);true;50000;REVERSED;8;3;5388367700;5388.3677
Bubble Sort Paralelo (Odd-Even);true;50000;REVERSED;8;4;2688607100;2688.6071
Bubble Sort Paralelo (Odd-Even);true;50000;REVERSED;8;5;1321695700;1321.6957
Insertion Sort Serial;false;50000;REVERSED;1;1;614637100;614.6371
Insertion Sort Serial;false;50000;REVERSED;1;2;727092600;727.0926
Insertion Sort Serial;false;50000;REVERSED;1;3;732303600;732.3036
Insertion Sort Serial;false;50000;REVERSED;1;4;754078400;754.0784
Insertion Sort Serial;false;50000;REVERSED;1;5;612154000;612.1540
Insertion Sort Paralelo (ForkJoin);true;50000;REVERSED;2;1;536432400;536.4324
Insertion Sort Paralelo (ForkJoin);true;50000;REVERSED;2;2;508744300;508.7443
Insertion Sort Paralelo (ForkJoin);true;50000;REVERSED;2;3;478914600;478.9146
Insertion Sort Paralelo (ForkJoin);true;50000;REVERSED;2;4;468589100;468.5891
Insertion Sort Paralelo (ForkJoin);true;50000;REVERSED;2;5;457418200;457.4182
Insertion Sort Paralelo (ForkJoin);true;50000;REVERSED;4;1;249511800;249.5118
Insertion Sort Paralelo (ForkJoin);true;50000;REVERSED;4;2;259558500;259.5585
Insertion Sort Paralelo (ForkJoin);true;50000;REVERSED;4;3;253217100;253.2171
Insertion Sort Paralelo (ForkJoin);true;50000;REVERSED;4;4;307989700;307.9897
Insertion Sort Paralelo (ForkJoin);true;50000;REVERSED;4;5;201019800;201.0198
Insertion Sort Paralelo (ForkJoin);true;50000;REVERSED;8;1;65535300;65.5353
Insertion Sort Paralelo (ForkJoin);true;50000;REVERSED;8;2;106729700;106.7297
Insertion Sort Paralelo (ForkJoin);true;50000;REVERSED;8;3;103619500;103.6195
Insertion Sort Paralelo (ForkJoin);true;50000;REVERSED;8;4;90998000;90.9980
Insertion Sort Paralelo (ForkJoin);true;50000;REVERSED;8;5;127903700;127.9037
Quick Sort Serial;false;50000;REVERSED;1;1;2339100;2.3391
Quick Sort Serial;false;50000;REVERSED;1;2;6796900;6.7969
Quick Sort Serial;false;50000;REVERSED;1;3;5915500;5.9155
Quick Sort Serial;false;50000;REVERSED;1;4;3581400;3.5814
Quick Sort Serial;false;50000;REVERSED;1;5;2219000;2.2190
Quick Sort Paralelo (ForkJoin);true;50000;REVERSED;2;1;3467200;3.4672
Quick Sort Paralelo (ForkJoin);true;50000;REVERSED;2;2;2445200;2.4452
Quick Sort Paralelo (ForkJoin);true;50000;REVERSED;2;3;9986800;9.9868
Quick Sort Paralelo (ForkJoin);true;50000;REVERSED;2;4;2458000;2.4580
Quick Sort Paralelo (ForkJoin);true;50000;REVERSED;2;5;3212300;3.2123
Quick Sort Paralelo (ForkJoin);true;50000;REVERSED;4;1;2746100;2.7461
Quick Sort Paralelo (ForkJoin);true;50000;REVERSED;4;2;2351600;2.3516
Quick Sort Paralelo (ForkJoin);true;50000;REVERSED;4;3;3112100;3.1121
Quick Sort Paralelo (ForkJoin);true;50000;REVERSED;4;4;1975800;1.9758
Quick Sort Paralelo (ForkJoin);true;50000;REVERSED;4;5;1687600;1.6876
Quick Sort Paralelo (ForkJoin);true;50000;REVERSED;8;1;2821600;2.8216
Quick Sort Paralelo (ForkJoin);true;50000;REVERSED;8;2;2489300;2.4893
Quick Sort Paralelo (ForkJoin);true;50000;REVERSED;8;3;2550700;2.5507
Quick Sort Paralelo (ForkJoin);true;50000;REVERSED;8;4;5059100;5.0591
Quick Sort Paralelo (ForkJoin);true;50000;REVERSED;8;5;2323400;2.3234
Merge Sort Serial;false;50000;REVERSED;1;1;9199500;9.1995
Merge Sort Serial;false;50000;REVERSED;1;2;11879800;11.8798
Merge Sort Serial;false;50000;REVERSED;1;3;9948400;9.9484
Merge Sort Serial;false;50000;REVERSED;1;4;7430700;7.4307
Merge Sort Serial;false;50000;REVERSED;1;5;10793000;10.7930
Merge Sort Paralelo (ForkJoin);true;50000;REVERSED;2;1;7051500;7.0515
Merge Sort Paralelo (ForkJoin);true;50000;REVERSED;2;2;6055200;6.0552
Merge Sort Paralelo (ForkJoin);true;50000;REVERSED;2;3;5483600;5.4836
Merge Sort Paralelo (ForkJoin);true;50000;REVERSED;2;4;7580800;7.5808
Merge Sort Paralelo (ForkJoin);true;50000;REVERSED;2;5;5454200;5.4542
Merge Sort Paralelo (ForkJoin);true;50000;REVERSED;4;1;10426900;10.4269
Merge Sort Paralelo (ForkJoin);true;50000;REVERSED;4;2;5625600;5.6256
Merge Sort Paralelo (ForkJoin);true;50000;REVERSED;4;3;5862600;5.8626
Merge Sort Paralelo (ForkJoin);true;50000;REVERSED;4;4;4111300;4.1113
Merge Sort Paralelo (ForkJoin);true;50000;REVERSED;4;5;3527700;3.5277
Merge Sort Paralelo (ForkJoin);true;50000;REVERSED;8;1;18672900;18.6729
Merge Sort Paralelo (ForkJoin);true;50000;REVERSED;8;2;4209100;4.2091
Merge Sort Paralelo (ForkJoin);true;50000;REVERSED;8;3;4421100;4.4211
Merge Sort Paralelo (ForkJoin);true;50000;REVERSED;8;4;4888200;4.8882
Merge Sort Paralelo (ForkJoin);true;50000;REVERSED;8;5;12053500;12.0535
Bubble Sort Serial;false;100000;RANDOM;1;1;23861244400;23861.2444
Bubble Sort Serial;false;100000;RANDOM;1;2;22835604600;22835.6046
Bubble Sort Serial;false;100000;RANDOM;1;3;22510254300;22510.2543
Bubble Sort Serial;false;100000;RANDOM;1;4;22752536200;22752.5362
Bubble Sort Serial;false;100000;RANDOM;1;5;22740756100;22740.7561
Bubble Sort Paralelo (Odd-Even);true;100000;RANDOM;2;1;5364124300;5364.1243
Bubble Sort Paralelo (Odd-Even);true;100000;RANDOM;2;2;5407334100;5407.3341
Bubble Sort Paralelo (Odd-Even);true;100000;RANDOM;2;3;5413694600;5413.6946
Bubble Sort Paralelo (Odd-Even);true;100000;RANDOM;2;4;5222873600;5222.8736
Bubble Sort Paralelo (Odd-Even);true;100000;RANDOM;2;5;5283669800;5283.6698
Bubble Sort Paralelo (Odd-Even);true;100000;RANDOM;4;1;2695466000;2695.4660
Bubble Sort Paralelo (Odd-Even);true;100000;RANDOM;4;2;2794639800;2794.6398
Bubble Sort Paralelo (Odd-Even);true;100000;RANDOM;4;3;3640926800;3640.9268
Bubble Sort Paralelo (Odd-Even);true;100000;RANDOM;4;4;4051627100;4051.6271
Bubble Sort Paralelo (Odd-Even);true;100000;RANDOM;4;5;3335540500;3335.5405
Bubble Sort Paralelo (Odd-Even);true;100000;RANDOM;8;1;7656274900;7656.2749
Bubble Sort Paralelo (Odd-Even);true;100000;RANDOM;8;2;6637231200;6637.2312
Bubble Sort Paralelo (Odd-Even);true;100000;RANDOM;8;3;5075658700;5075.6587
Bubble Sort Paralelo (Odd-Even);true;100000;RANDOM;8;4;4904360500;4904.3605
Bubble Sort Paralelo (Odd-Even);true;100000;RANDOM;8;5;6674670600;6674.6706
Insertion Sort Serial;false;100000;RANDOM;1;1;1414342300;1414.3423
Insertion Sort Serial;false;100000;RANDOM;1;2;1225701800;1225.7018
Insertion Sort Serial;false;100000;RANDOM;1;3;1249454300;1249.4543
Insertion Sort Serial;false;100000;RANDOM;1;4;1241359200;1241.3592
Insertion Sort Serial;false;100000;RANDOM;1;5;1295812800;1295.8128
Insertion Sort Paralelo (ForkJoin);true;100000;RANDOM;2;1;1333651200;1333.6512
Insertion Sort Paralelo (ForkJoin);true;100000;RANDOM;2;2;1106513400;1106.5134
Insertion Sort Paralelo (ForkJoin);true;100000;RANDOM;2;3;1105333000;1105.3330
Insertion Sort Paralelo (ForkJoin);true;100000;RANDOM;2;4;1055716100;1055.7161
Insertion Sort Paralelo (ForkJoin);true;100000;RANDOM;2;5;1028351300;1028.3513
Insertion Sort Paralelo (ForkJoin);true;100000;RANDOM;4;1;333872500;333.8725
Insertion Sort Paralelo (ForkJoin);true;100000;RANDOM;4;2;366509300;366.5093
Insertion Sort Paralelo (ForkJoin);true;100000;RANDOM;4;3;367445000;367.4450
Insertion Sort Paralelo (ForkJoin);true;100000;RANDOM;4;4;403496600;403.4966
Insertion Sort Paralelo (ForkJoin);true;100000;RANDOM;4;5;372138900;372.1389
Insertion Sort Paralelo (ForkJoin);true;100000;RANDOM;8;1;170017900;170.0179
Insertion Sort Paralelo (ForkJoin);true;100000;RANDOM;8;2;124488600;124.4886
Insertion Sort Paralelo (ForkJoin);true;100000;RANDOM;8;3;177772000;177.7720
Insertion Sort Paralelo (ForkJoin);true;100000;RANDOM;8;4;201264800;201.2648
Insertion Sort Paralelo (ForkJoin);true;100000;RANDOM;8;5;166170900;166.1709
Quick Sort Serial;false;100000;RANDOM;1;1;13640100;13.6401
Quick Sort Serial;false;100000;RANDOM;1;2;12492100;12.4921
Quick Sort Serial;false;100000;RANDOM;1;3;11833900;11.8339
Quick Sort Serial;false;100000;RANDOM;1;4;12100700;12.1007
Quick Sort Serial;false;100000;RANDOM;1;5;12004400;12.0044
Quick Sort Paralelo (ForkJoin);true;100000;RANDOM;2;1;8707500;8.7075
Quick Sort Paralelo (ForkJoin);true;100000;RANDOM;2;2;8089600;8.0896
Quick Sort Paralelo (ForkJoin);true;100000;RANDOM;2;3;7452100;7.4521
Quick Sort Paralelo (ForkJoin);true;100000;RANDOM;2;4;7599700;7.5997
Quick Sort Paralelo (ForkJoin);true;100000;RANDOM;2;5;10394200;10.3942
Quick Sort Paralelo (ForkJoin);true;100000;RANDOM;4;1;5155000;5.1550
Quick Sort Paralelo (ForkJoin);true;100000;RANDOM;4;2;4782000;4.7820
Quick Sort Paralelo (ForkJoin);true;100000;RANDOM;4;3;10271200;10.2712
Quick Sort Paralelo (ForkJoin);true;100000;RANDOM;4;4;7004900;7.0049
Quick Sort Paralelo (ForkJoin);true;100000;RANDOM;4;5;6219500;6.2195
Quick Sort Paralelo (ForkJoin);true;100000;RANDOM;8;1;7101700;7.1017
Quick Sort Paralelo (ForkJoin);true;100000;RANDOM;8;2;10700300;10.7003
Quick Sort Paralelo (ForkJoin);true;100000;RANDOM;8;3;5852700;5.8527
Quick Sort Paralelo (ForkJoin);true;100000;RANDOM;8;4;8635400;8.6354
Quick Sort Paralelo (ForkJoin);true;100000;RANDOM;8;5;6211700;6.2117
Merge Sort Serial;false;100000;RANDOM;1;1;26858700;26.8587
Merge Sort Serial;false;100000;RANDOM;1;2;27302800;27.3028
Merge Sort Serial;false;100000;RANDOM;1;3;26524100;26.5241
Merge Sort Serial;false;100000;RANDOM;1;4;26657800;26.6578
Merge Sort Serial;false;100000;RANDOM;1;5;25014100;25.0141
Merge Sort Paralelo (ForkJoin);true;100000;RANDOM;2;1;14831100;14.8311
Merge Sort Paralelo (ForkJoin);true;100000;RANDOM;2;2;12447000;12.4470
Merge Sort Paralelo (ForkJoin);true;100000;RANDOM;2;3;13785100;13.7851
Merge Sort Paralelo (ForkJoin);true;100000;RANDOM;2;4;16447200;16.4472
Merge Sort Paralelo (ForkJoin);true;100000;RANDOM;2;5;13719800;13.7198
Merge Sort Paralelo (ForkJoin);true;100000;RANDOM;4;1;11613500;11.6135
Merge Sort Paralelo (ForkJoin);true;100000;RANDOM;4;2;9969600;9.9696
Merge Sort Paralelo (ForkJoin);true;100000;RANDOM;4;3;10850100;10.8501
Merge Sort Paralelo (ForkJoin);true;100000;RANDOM;4;4;10843700;10.8437
Merge Sort Paralelo (ForkJoin);true;100000;RANDOM;4;5;10677900;10.6779
Merge Sort Paralelo (ForkJoin);true;100000;RANDOM;8;1;7079800;7.0798
Merge Sort Paralelo (ForkJoin);true;100000;RANDOM;8;2;9687700;9.6877
Merge Sort Paralelo (ForkJoin);true;100000;RANDOM;8;3;18269800;18.2698
Merge Sort Paralelo (ForkJoin);true;100000;RANDOM;8;4;13550100;13.5501
Merge Sort Paralelo (ForkJoin);true;100000;RANDOM;8;5;10556900;10.5569
Bubble Sort Serial;false;100000;NEARLY_SORTED;1;1;5432476600;5432.4766
Bubble Sort Serial;false;100000;NEARLY_SORTED;1;2;5451224000;5451.2240
Bubble Sort Serial;false;100000;NEARLY_SORTED;1;3;5374914100;5374.9141
Bubble Sort Serial;false;100000;NEARLY_SORTED;1;4;5489345400;5489.3454
Bubble Sort Serial;false;100000;NEARLY_SORTED;1;5;5411315500;5411.3155
Bubble Sort Paralelo (Odd-Even);true;100000;NEARLY_SORTED;2;1;3945602800;3945.6028
Bubble Sort Paralelo (Odd-Even);true;100000;NEARLY_SORTED;2;2;3981746300;3981.7463
Bubble Sort Paralelo (Odd-Even);true;100000;NEARLY_SORTED;2;3;4169354500;4169.3545
Bubble Sort Paralelo (Odd-Even);true;100000;NEARLY_SORTED;2;4;4423280600;4423.2806
Bubble Sort Paralelo (Odd-Even);true;100000;NEARLY_SORTED;2;5;5384234300;5384.2343
Bubble Sort Paralelo (Odd-Even);true;100000;NEARLY_SORTED;4;1;3463759300;3463.7593
Bubble Sort Paralelo (Odd-Even);true;100000;NEARLY_SORTED;4;2;2882822200;2882.8222
Bubble Sort Paralelo (Odd-Even);true;100000;NEARLY_SORTED;4;3;3347688800;3347.6888
Bubble Sort Paralelo (Odd-Even);true;100000;NEARLY_SORTED;4;4;3466430300;3466.4303
Bubble Sort Paralelo (Odd-Even);true;100000;NEARLY_SORTED;4;5;3161313200;3161.3132
Bubble Sort Paralelo (Odd-Even);true;100000;NEARLY_SORTED;8;1;5633039200;5633.0392
Bubble Sort Paralelo (Odd-Even);true;100000;NEARLY_SORTED;8;2;4550134800;4550.1348
Bubble Sort Paralelo (Odd-Even);true;100000;NEARLY_SORTED;8;3;6102622000;6102.6220
Bubble Sort Paralelo (Odd-Even);true;100000;NEARLY_SORTED;8;4;5979199800;5979.1998
Bubble Sort Paralelo (Odd-Even);true;100000;NEARLY_SORTED;8;5;4779955400;4779.9554
Insertion Sort Serial;false;100000;NEARLY_SORTED;1;1;148154500;148.1545
Insertion Sort Serial;false;100000;NEARLY_SORTED;1;2;148113100;148.1131
Insertion Sort Serial;false;100000;NEARLY_SORTED;1;3;140392300;140.3923
Insertion Sort Serial;false;100000;NEARLY_SORTED;1;4;146451200;146.4512
Insertion Sort Serial;false;100000;NEARLY_SORTED;1;5;154109800;154.1098
Insertion Sort Paralelo (ForkJoin);true;100000;NEARLY_SORTED;2;1;168308400;168.3084
Insertion Sort Paralelo (ForkJoin);true;100000;NEARLY_SORTED;2;2;157887100;157.8871
Insertion Sort Paralelo (ForkJoin);true;100000;NEARLY_SORTED;2;3;175266000;175.2660
Insertion Sort Paralelo (ForkJoin);true;100000;NEARLY_SORTED;2;4;178178300;178.1783
Insertion Sort Paralelo (ForkJoin);true;100000;NEARLY_SORTED;2;5;163599600;163.5996
Insertion Sort Paralelo (ForkJoin);true;100000;NEARLY_SORTED;4;1;55693800;55.6938
Insertion Sort Paralelo (ForkJoin);true;100000;NEARLY_SORTED;4;2;45915900;45.9159
Insertion Sort Paralelo (ForkJoin);true;100000;NEARLY_SORTED;4;3;53667000;53.6670
Insertion Sort Paralelo (ForkJoin);true;100000;NEARLY_SORTED;4;4;64119300;64.1193
Insertion Sort Paralelo (ForkJoin);true;100000;NEARLY_SORTED;4;5;56532000;56.5320
Insertion Sort Paralelo (ForkJoin);true;100000;NEARLY_SORTED;8;1;29404200;29.4042
Insertion Sort Paralelo (ForkJoin);true;100000;NEARLY_SORTED;8;2;28525000;28.5250
Insertion Sort Paralelo (ForkJoin);true;100000;NEARLY_SORTED;8;3;24386200;24.3862
Insertion Sort Paralelo (ForkJoin);true;100000;NEARLY_SORTED;8;4;23362000;23.3620
Insertion Sort Paralelo (ForkJoin);true;100000;NEARLY_SORTED;8;5;23425300;23.4253
Quick Sort Serial;false;100000;NEARLY_SORTED;1;1;7590700;7.5907
Quick Sort Serial;false;100000;NEARLY_SORTED;1;2;7865700;7.8657
Quick Sort Serial;false;100000;NEARLY_SORTED;1;3;8291400;8.2914
Quick Sort Serial;false;100000;NEARLY_SORTED;1;4;7502100;7.5021
Quick Sort Serial;false;100000;NEARLY_SORTED;1;5;7362500;7.3625
Quick Sort Paralelo (ForkJoin);true;100000;NEARLY_SORTED;2;1;5300400;5.3004
Quick Sort Paralelo (ForkJoin);true;100000;NEARLY_SORTED;2;2;5316700;5.3167
Quick Sort Paralelo (ForkJoin);true;100000;NEARLY_SORTED;2;3;8072600;8.0726
Quick Sort Paralelo (ForkJoin);true;100000;NEARLY_SORTED;2;4;5143600;5.1436
Quick Sort Paralelo (ForkJoin);true;100000;NEARLY_SORTED;2;5;5494900;5.4949
Quick Sort Paralelo (ForkJoin);true;100000;NEARLY_SORTED;4;1;8024300;8.0243
Quick Sort Paralelo (ForkJoin);true;100000;NEARLY_SORTED;4;2;5083000;5.0830
Quick Sort Paralelo (ForkJoin);true;100000;NEARLY_SORTED;4;3;5225000;5.2250
Quick Sort Paralelo (ForkJoin);true;100000;NEARLY_SORTED;4;4;4036100;4.0361
Quick Sort Paralelo (ForkJoin);true;100000;NEARLY_SORTED;4;5;3244500;3.2445
Quick Sort Paralelo (ForkJoin);true;100000;NEARLY_SORTED;8;1;4344400;4.3444
Quick Sort Paralelo (ForkJoin);true;100000;NEARLY_SORTED;8;2;2921600;2.9216
Quick Sort Paralelo (ForkJoin);true;100000;NEARLY_SORTED;8;3;4936600;4.9366
Quick Sort Paralelo (ForkJoin);true;100000;NEARLY_SORTED;8;4;3358800;3.3588
Quick Sort Paralelo (ForkJoin);true;100000;NEARLY_SORTED;8;5;3151300;3.1513
Merge Sort Serial;false;100000;NEARLY_SORTED;1;1;17669000;17.6690
Merge Sort Serial;false;100000;NEARLY_SORTED;1;2;14986000;14.9860
Merge Sort Serial;false;100000;NEARLY_SORTED;1;3;14805200;14.8052
Merge Sort Serial;false;100000;NEARLY_SORTED;1;4;14146100;14.1461
Merge Sort Serial;false;100000;NEARLY_SORTED;1;5;14437800;14.4378
Merge Sort Paralelo (ForkJoin);true;100000;NEARLY_SORTED;2;1;9015500;9.0155
Merge Sort Paralelo (ForkJoin);true;100000;NEARLY_SORTED;2;2;11056100;11.0561
Merge Sort Paralelo (ForkJoin);true;100000;NEARLY_SORTED;2;3;7508700;7.5087
Merge Sort Paralelo (ForkJoin);true;100000;NEARLY_SORTED;2;4;8405900;8.4059
Merge Sort Paralelo (ForkJoin);true;100000;NEARLY_SORTED;2;5;9043300;9.0433
Merge Sort Paralelo (ForkJoin);true;100000;NEARLY_SORTED;4;1;5430700;5.4307
Merge Sort Paralelo (ForkJoin);true;100000;NEARLY_SORTED;4;2;6123600;6.1236
Merge Sort Paralelo (ForkJoin);true;100000;NEARLY_SORTED;4;3;8265100;8.2651
Merge Sort Paralelo (ForkJoin);true;100000;NEARLY_SORTED;4;4;7127400;7.1274
Merge Sort Paralelo (ForkJoin);true;100000;NEARLY_SORTED;4;5;6417500;6.4175
Merge Sort Paralelo (ForkJoin);true;100000;NEARLY_SORTED;8;1;8447600;8.4476
Merge Sort Paralelo (ForkJoin);true;100000;NEARLY_SORTED;8;2;5518700;5.5187
Merge Sort Paralelo (ForkJoin);true;100000;NEARLY_SORTED;8;3;7403700;7.4037
Merge Sort Paralelo (ForkJoin);true;100000;NEARLY_SORTED;8;4;7221200;7.2212
Merge Sort Paralelo (ForkJoin);true;100000;NEARLY_SORTED;8;5;6528000;6.5280
Bubble Sort Serial;false;100000;REVERSED;1;1;12622232500;12622.2325
Bubble Sort Serial;false;100000;REVERSED;1;2;17776231100;17776.2311
Bubble Sort Serial;false;100000;REVERSED;1;3;17314026600;17314.0266
Bubble Sort Serial;false;100000;REVERSED;1;4;13114219700;13114.2197
Bubble Sort Serial;false;100000;REVERSED;1;5;12946946000;12946.9460
Bubble Sort Paralelo (Odd-Even);true;100000;REVERSED;2;1;4150636800;4150.6368
Bubble Sort Paralelo (Odd-Even);true;100000;REVERSED;2;2;3852689800;3852.6898
Bubble Sort Paralelo (Odd-Even);true;100000;REVERSED;2;3;3693894100;3693.8941
Bubble Sort Paralelo (Odd-Even);true;100000;REVERSED;2;4;3946584200;3946.5842
Bubble Sort Paralelo (Odd-Even);true;100000;REVERSED;2;5;3911503900;3911.5039
Bubble Sort Paralelo (Odd-Even);true;100000;REVERSED;4;1;2987409900;2987.4099
Bubble Sort Paralelo (Odd-Even);true;100000;REVERSED;4;2;3149262900;3149.2629
Bubble Sort Paralelo (Odd-Even);true;100000;REVERSED;4;3;3033938600;3033.9386
Bubble Sort Paralelo (Odd-Even);true;100000;REVERSED;4;4;2868746700;2868.7467
Bubble Sort Paralelo (Odd-Even);true;100000;REVERSED;4;5;2767037700;2767.0377
Bubble Sort Paralelo (Odd-Even);true;100000;REVERSED;8;1;5251959700;5251.9597
Bubble Sort Paralelo (Odd-Even);true;100000;REVERSED;8;2;4624865100;4624.8651
Bubble Sort Paralelo (Odd-Even);true;100000;REVERSED;8;3;5776389400;5776.3894
Bubble Sort Paralelo (Odd-Even);true;100000;REVERSED;8;4;4845952900;4845.9529
Bubble Sort Paralelo (Odd-Even);true;100000;REVERSED;8;5;4305827600;4305.8276
Insertion Sort Serial;false;100000;REVERSED;1;1;8151779400;8151.7794
Insertion Sort Serial;false;100000;REVERSED;1;2;2395884500;2395.8845
Insertion Sort Serial;false;100000;REVERSED;1;3;2334632000;2334.6320
Insertion Sort Serial;false;100000;REVERSED;1;4;2417710000;2417.7100
Insertion Sort Serial;false;100000;REVERSED;1;5;2427720000;2427.7200
Insertion Sort Paralelo (ForkJoin);true;100000;REVERSED;2;1;1944067500;1944.0675
Insertion Sort Paralelo (ForkJoin);true;100000;REVERSED;2;2;2089807500;2089.8075
Insertion Sort Paralelo (ForkJoin);true;100000;REVERSED;2;3;1919871500;1919.8715
Insertion Sort Paralelo (ForkJoin);true;100000;REVERSED;2;4;1936111300;1936.1113
Insertion Sort Paralelo (ForkJoin);true;100000;REVERSED;2;5;2045866300;2045.8663
Insertion Sort Paralelo (ForkJoin);true;100000;REVERSED;4;1;634494500;634.4945
Insertion Sort Paralelo (ForkJoin);true;100000;REVERSED;4;2;625442100;625.4421
Insertion Sort Paralelo (ForkJoin);true;100000;REVERSED;4;3;599368700;599.3687
Insertion Sort Paralelo (ForkJoin);true;100000;REVERSED;4;4;599357800;599.3578
Insertion Sort Paralelo (ForkJoin);true;100000;REVERSED;4;5;638243400;638.2434
Insertion Sort Paralelo (ForkJoin);true;100000;REVERSED;8;1;255340400;255.3404
Insertion Sort Paralelo (ForkJoin);true;100000;REVERSED;8;2;242166400;242.1664
Insertion Sort Paralelo (ForkJoin);true;100000;REVERSED;8;3;248840500;248.8405
Insertion Sort Paralelo (ForkJoin);true;100000;REVERSED;8;4;257066000;257.0660
Insertion Sort Paralelo (ForkJoin);true;100000;REVERSED;8;5;270618600;270.6186
Quick Sort Serial;false;100000;REVERSED;1;1;3746400;3.7464
Quick Sort Serial;false;100000;REVERSED;1;2;4369800;4.3698
Quick Sort Serial;false;100000;REVERSED;1;3;3777800;3.7778
Quick Sort Serial;false;100000;REVERSED;1;4;3651500;3.6515
Quick Sort Serial;false;100000;REVERSED;1;5;3772300;3.7723
Quick Sort Paralelo (ForkJoin);true;100000;REVERSED;2;1;2942200;2.9422
Quick Sort Paralelo (ForkJoin);true;100000;REVERSED;2;2;3398700;3.3987
Quick Sort Paralelo (ForkJoin);true;100000;REVERSED;2;3;7098100;7.0981
Quick Sort Paralelo (ForkJoin);true;100000;REVERSED;2;4;3398100;3.3981
Quick Sort Paralelo (ForkJoin);true;100000;REVERSED;2;5;2948500;2.9485
Quick Sort Paralelo (ForkJoin);true;100000;REVERSED;4;1;2971800;2.9718
Quick Sort Paralelo (ForkJoin);true;100000;REVERSED;4;2;3070100;3.0701
Quick Sort Paralelo (ForkJoin);true;100000;REVERSED;4;3;5204100;5.2041
Quick Sort Paralelo (ForkJoin);true;100000;REVERSED;4;4;2764000;2.7640
Quick Sort Paralelo (ForkJoin);true;100000;REVERSED;4;5;2421000;2.4210
Quick Sort Paralelo (ForkJoin);true;100000;REVERSED;8;1;2418500;2.4185
Quick Sort Paralelo (ForkJoin);true;100000;REVERSED;8;2;2470300;2.4703
Quick Sort Paralelo (ForkJoin);true;100000;REVERSED;8;3;3640000;3.6400
Quick Sort Paralelo (ForkJoin);true;100000;REVERSED;8;4;4655900;4.6559
Quick Sort Paralelo (ForkJoin);true;100000;REVERSED;8;5;2468000;2.4680
Merge Sort Serial;false;100000;REVERSED;1;1;13882100;13.8821
Merge Sort Serial;false;100000;REVERSED;1;2;12672200;12.6722
Merge Sort Serial;false;100000;REVERSED;1;3;13447800;13.4478
Merge Sort Serial;false;100000;REVERSED;1;4;12176300;12.1763
Merge Sort Serial;false;100000;REVERSED;1;5;12987400;12.9874
Merge Sort Paralelo (ForkJoin);true;100000;REVERSED;2;1;8678600;8.6786
Merge Sort Paralelo (ForkJoin);true;100000;REVERSED;2;2;7052800;7.0528
Merge Sort Paralelo (ForkJoin);true;100000;REVERSED;2;3;9932400;9.9324
Merge Sort Paralelo (ForkJoin);true;100000;REVERSED;2;4;7681300;7.6813
Merge Sort Paralelo (ForkJoin);true;100000;REVERSED;2;5;10248500;10.2485
Merge Sort Paralelo (ForkJoin);true;100000;REVERSED;4;1;10941100;10.9411
Merge Sort Paralelo (ForkJoin);true;100000;REVERSED;4;2;6900000;6.9000
Merge Sort Paralelo (ForkJoin);true;100000;REVERSED;4;3;7879000;7.8790
Merge Sort Paralelo (ForkJoin);true;100000;REVERSED;4;4;7437500;7.4375
Merge Sort Paralelo (ForkJoin);true;100000;REVERSED;4;5;5341300;5.3413
Merge Sort Paralelo (ForkJoin);true;100000;REVERSED;8;1;8468600;8.4686
Merge Sort Paralelo (ForkJoin);true;100000;REVERSED;8;2;4969100;4.9691
Merge Sort Paralelo (ForkJoin);true;100000;REVERSED;8;3;7726200;7.7262
Merge Sort Paralelo (ForkJoin);true;100000;REVERSED;8;4;6527700;6.5277
Merge Sort Paralelo (ForkJoin);true;100000;REVERSED;8;5;4432800;4.4328
Bubble Sort Serial;false;5000;RANDOM;1;1;81085600;81.0856
Bubble Sort Serial;false;5000;RANDOM;1;2;58865900;58.8659
Bubble Sort Serial;false;5000;RANDOM;1;3;43795300;43.7953
Bubble Sort Serial;false;5000;RANDOM;1;4;92971800;92.9718
Bubble Sort Serial;false;5000;RANDOM;1;5;44024400;44.0244
Bubble Sort Paralelo (Odd-Even);true;5000;RANDOM;2;1;66169200;66.1692
Bubble Sort Paralelo (Odd-Even);true;5000;RANDOM;2;2;17979000;17.9790
Bubble Sort Paralelo (Odd-Even);true;5000;RANDOM;2;3;34536700;34.5367
Bubble Sort Paralelo (Odd-Even);true;5000;RANDOM;2;4;19032600;19.0326
Bubble Sort Paralelo (Odd-Even);true;5000;RANDOM;2;5;35366900;35.3669
Bubble Sort Paralelo (Odd-Even);true;5000;RANDOM;4;1;120889900;120.8899
Bubble Sort Paralelo (Odd-Even);true;5000;RANDOM;4;2;93182300;93.1823
Bubble Sort Paralelo (Odd-Even);true;5000;RANDOM;4;3;17084900;17.0849
Bubble Sort Paralelo (Odd-Even);true;5000;RANDOM;4;4;33574700;33.5747
Bubble Sort Paralelo (Odd-Even);true;5000;RANDOM;4;5;11749700;11.7497
Bubble Sort Paralelo (Odd-Even);true;5000;RANDOM;8;1;140760800;140.7608
Bubble Sort Paralelo (Odd-Even);true;5000;RANDOM;8;2;42601600;42.6016
Bubble Sort Paralelo (Odd-Even);true;5000;RANDOM;8;3;24814500;24.8145
Bubble Sort Paralelo (Odd-Even);true;5000;RANDOM;8;4;146570000;146.5700
Bubble Sort Paralelo (Odd-Even);true;5000;RANDOM;8;5;66620800;66.6208
Insertion Sort Serial;false;5000;RANDOM;1;1;4799800;4.7998
Insertion Sort Serial;false;5000;RANDOM;1;2;3702400;3.7024
Insertion Sort Serial;false;5000;RANDOM;1;3;3791200;3.7912
Insertion Sort Serial;false;5000;RANDOM;1;4;3145000;3.1450
Insertion Sort Serial;false;5000;RANDOM;1;5;3482200;3.4822
Insertion Sort Paralelo (ForkJoin);true;5000;RANDOM;2;1;6544000;6.5440
Insertion Sort Paralelo (ForkJoin);true;5000;RANDOM;2;2;3510100;3.5101
Insertion Sort Paralelo (ForkJoin);true;5000;RANDOM;2;3;3651500;3.6515
Insertion Sort Paralelo (ForkJoin);true;5000;RANDOM;2;4;5099400;5.0994
Insertion Sort Paralelo (ForkJoin);true;5000;RANDOM;2;5;4116900;4.1169
Insertion Sort Paralelo (ForkJoin);true;5000;RANDOM;4;1;3279600;3.2796
Insertion Sort Paralelo (ForkJoin);true;5000;RANDOM;4;2;4157100;4.1571
Insertion Sort Paralelo (ForkJoin);true;5000;RANDOM;4;3;3087500;3.0875
Insertion Sort Paralelo (ForkJoin);true;5000;RANDOM;4;4;2934300;2.9343
Insertion Sort Paralelo (ForkJoin);true;5000;RANDOM;4;5;3011700;3.0117
Insertion Sort Paralelo (ForkJoin);true;5000;RANDOM;8;1;3313600;3.3136
Insertion Sort Paralelo (ForkJoin);true;5000;RANDOM;8;2;2489100;2.4891
Insertion Sort Paralelo (ForkJoin);true;5000;RANDOM;8;3;3082900;3.0829
Insertion Sort Paralelo (ForkJoin);true;5000;RANDOM;8;4;2523100;2.5231
Insertion Sort Paralelo (ForkJoin);true;5000;RANDOM;8;5;3911900;3.9119
Quick Sort Serial;false;5000;RANDOM;1;1;472500;0.4725
Quick Sort Serial;false;5000;RANDOM;1;2;558500;0.5585
Quick Sort Serial;false;5000;RANDOM;1;3;549400;0.5494
Quick Sort Serial;false;5000;RANDOM;1;4;463900;0.4639
Quick Sort Serial;false;5000;RANDOM;1;5;526600;0.5266
Quick Sort Paralelo (ForkJoin);true;5000;RANDOM;2;1;1653000;1.6530
Quick Sort Paralelo (ForkJoin);true;5000;RANDOM;2;2;2005600;2.0056
Quick Sort Paralelo (ForkJoin);true;5000;RANDOM;2;3;1741500;1.7415
Quick Sort Paralelo (ForkJoin);true;5000;RANDOM;2;4;1767200;1.7672
Quick Sort Paralelo (ForkJoin);true;5000;RANDOM;2;5;1752700;1.7527
Quick Sort Paralelo (ForkJoin);true;5000;RANDOM;4;1;1748100;1.7481
Quick Sort Paralelo (ForkJoin);true;5000;RANDOM;4;2;6843300;6.8433
Quick Sort Paralelo (ForkJoin);true;5000;RANDOM;4;3;4704200;4.7042
Quick Sort Paralelo (ForkJoin);true;5000;RANDOM;4;4;2111500;2.1115
Quick Sort Paralelo (ForkJoin);true;5000;RANDOM;4;5;2022600;2.0226
Quick Sort Paralelo (ForkJoin);true;5000;RANDOM;8;1;2047800;2.0478
Quick Sort Paralelo (ForkJoin);true;5000;RANDOM;8;2;2163600;2.1636
Quick Sort Paralelo (ForkJoin);true;5000;RANDOM;8;3;1902300;1.9023
Quick Sort Paralelo (ForkJoin);true;5000;RANDOM;8;4;2116200;2.1162
Quick Sort Paralelo (ForkJoin);true;5000;RANDOM;8;5;2341000;2.3410
Merge Sort Serial;false;5000;RANDOM;1;1;1297800;1.2978
Merge Sort Serial;false;5000;RANDOM;1;2;1253900;1.2539
Merge Sort Serial;false;5000;RANDOM;1;3;1185600;1.1856
Merge Sort Serial;false;5000;RANDOM;1;4;1213400;1.2134
Merge Sort Serial;false;5000;RANDOM;1;5;982500;0.9825
Merge Sort Paralelo (ForkJoin);true;5000;RANDOM;2;1;1714300;1.7143
Merge Sort Paralelo (ForkJoin);true;5000;RANDOM;2;2;1611400;1.6114
Merge Sort Paralelo (ForkJoin);true;5000;RANDOM;2;3;1981200;1.9812
Merge Sort Paralelo (ForkJoin);true;5000;RANDOM;2;4;3153700;3.1537
Merge Sort Paralelo (ForkJoin);true;5000;RANDOM;2;5;2537400;2.5374
Merge Sort Paralelo (ForkJoin);true;5000;RANDOM;4;1;2214500;2.2145
Merge Sort Paralelo (ForkJoin);true;5000;RANDOM;4;2;2809200;2.8092
Merge Sort Paralelo (ForkJoin);true;5000;RANDOM;4;3;2130300;2.1303
Merge Sort Paralelo (ForkJoin);true;5000;RANDOM;4;4;2580100;2.5801
Merge Sort Paralelo (ForkJoin);true;5000;RANDOM;4;5;1705000;1.7050
Merge Sort Paralelo (ForkJoin);true;5000;RANDOM;8;1;2327600;2.3276
Merge Sort Paralelo (ForkJoin);true;5000;RANDOM;8;2;2637200;2.6372
Merge Sort Paralelo (ForkJoin);true;5000;RANDOM;8;3;2996400;2.9964
Merge Sort Paralelo (ForkJoin);true;5000;RANDOM;8;4;2905800;2.9058
Merge Sort Paralelo (ForkJoin);true;5000;RANDOM;8;5;2206600;2.2066
Bubble Sort Serial;false;5000;NEARLY_SORTED;1;1;22060000;22.0600
Bubble Sort Serial;false;5000;NEARLY_SORTED;1;2;9947500;9.9475
Bubble Sort Serial;false;5000;NEARLY_SORTED;1;3;11506800;11.5068
Bubble Sort Serial;false;5000;NEARLY_SORTED;1;4;10086000;10.0860
Bubble Sort Serial;false;5000;NEARLY_SORTED;1;5;10342600;10.3426
Bubble Sort Paralelo (Odd-Even);true;5000;NEARLY_SORTED;2;1;10755800;10.7558
Bubble Sort Paralelo (Odd-Even);true;5000;NEARLY_SORTED;2;2;10753500;10.7535
Bubble Sort Paralelo (Odd-Even);true;5000;NEARLY_SORTED;2;3;10210900;10.2109
Bubble Sort Paralelo (Odd-Even);true;5000;NEARLY_SORTED;2;4;10547500;10.5475
Bubble Sort Paralelo (Odd-Even);true;5000;NEARLY_SORTED;2;5;9508700;9.5087
Bubble Sort Paralelo (Odd-Even);true;5000;NEARLY_SORTED;4;1;8230700;8.2307
Bubble Sort Paralelo (Odd-Even);true;5000;NEARLY_SORTED;4;2;8921900;8.9219
Bubble Sort Paralelo (Odd-Even);true;5000;NEARLY_SORTED;4;3;10336800;10.3368
Bubble Sort Paralelo (Odd-Even);true;5000;NEARLY_SORTED;4;4;9408900;9.4089
Bubble Sort Paralelo (Odd-Even);true;5000;NEARLY_SORTED;4;5;8406400;8.4064
Bubble Sort Paralelo (Odd-Even);true;5000;NEARLY_SORTED;8;1;32236500;32.2365
Bubble Sort Paralelo (Odd-Even);true;5000;NEARLY_SORTED;8;2;33817500;33.8175
Bubble Sort Paralelo (Odd-Even);true;5000;NEARLY_SORTED;8;3;20869400;20.8694
Bubble Sort Paralelo (Odd-Even);true;5000;NEARLY_SORTED;8;4;31149700;31.1497
Bubble Sort Paralelo (Odd-Even);true;5000;NEARLY_SORTED;8;5;28995100;28.9951
Insertion Sort Serial;false;5000;NEARLY_SORTED;1;1;557200;0.5572
Insertion Sort Serial;false;5000;NEARLY_SORTED;1;2;589500;0.5895
Insertion Sort Serial;false;5000;NEARLY_SORTED;1;3;338500;0.3385
Insertion Sort Serial;false;5000;NEARLY_SORTED;1;4;471500;0.4715
Insertion Sort Serial;false;5000;NEARLY_SORTED;1;5;390800;0.3908
Insertion Sort Paralelo (ForkJoin);true;5000;NEARLY_SORTED;2;1;2163700;2.1637
Insertion Sort Paralelo (ForkJoin);true;5000;NEARLY_SORTED;2;2;1910300;1.9103
Insertion Sort Paralelo (ForkJoin);true;5000;NEARLY_SORTED;2;3;1627200;1.6272
Insertion Sort Paralelo (ForkJoin);true;5000;NEARLY_SORTED;2;4;1334400;1.3344
Insertion Sort Paralelo (ForkJoin);true;5000;NEARLY_SORTED;2;5;1798800;1.7988
Insertion Sort Paralelo (ForkJoin);true;5000;NEARLY_SORTED;4;1;1478700;1.4787
Insertion Sort Paralelo (ForkJoin);true;5000;NEARLY_SORTED;4;2;1332400;1.3324
Insertion Sort Paralelo (ForkJoin);true;5000;NEARLY_SORTED;4;3;1300200;1.3002
Insertion Sort Paralelo (ForkJoin);true;5000;NEARLY_SORTED;4;4;1585100;1.5851
Insertion Sort Paralelo (ForkJoin);true;5000;NEARLY_SORTED;4;5;1192200;1.1922
Insertion Sort Paralelo (ForkJoin);true;5000;NEARLY_SORTED;8;1;1764900;1.7649
Insertion Sort Paralelo (ForkJoin);true;5000;NEARLY_SORTED;8;2;1577300;1.5773
Insertion Sort Paralelo (ForkJoin);true;5000;NEARLY_SORTED;8;3;1864700;1.8647
Insertion Sort Paralelo (ForkJoin);true;5000;NEARLY_SORTED;8;4;2060800;2.0608
Insertion Sort Paralelo (ForkJoin);true;5000;NEARLY_SORTED;8;5;1406000;1.4060
Quick Sort Serial;false;5000;NEARLY_SORTED;1;1;317300;0.3173
Quick Sort Serial;false;5000;NEARLY_SORTED;1;2;255600;0.2556
Quick Sort Serial;false;5000;NEARLY_SORTED;1;3;281100;0.2811
Quick Sort Serial;false;5000;NEARLY_SORTED;1;4;265100;0.2651
Quick Sort Serial;false;5000;NEARLY_SORTED;1;5;273400;0.2734
Quick Sort Paralelo (ForkJoin);true;5000;NEARLY_SORTED;2;1;1751500;1.7515
Quick Sort Paralelo (ForkJoin);true;5000;NEARLY_SORTED;2;2;1156100;1.1561
Quick Sort Paralelo (ForkJoin);true;5000;NEARLY_SORTED;2;3;1101600;1.1016
Quick Sort Paralelo (ForkJoin);true;5000;NEARLY_SORTED;2;4;1107800;1.1078
Quick Sort Paralelo (ForkJoin);true;5000;NEARLY_SORTED;2;5;1218600;1.2186
Quick Sort Paralelo (ForkJoin);true;5000;NEARLY_SORTED;4;1;1987500;1.9875
Quick Sort Paralelo (ForkJoin);true;5000;NEARLY_SORTED;4;2;1918100;1.9181
Quick Sort Paralelo (ForkJoin);true;5000;NEARLY_SORTED;4;3;1537100;1.5371
Quick Sort Paralelo (ForkJoin);true;5000;NEARLY_SORTED;4;4;1403300;1.4033
Quick Sort Paralelo (ForkJoin);true;5000;NEARLY_SORTED;4;5;3005500;3.0055
Quick Sort Paralelo (ForkJoin);true;5000;NEARLY_SORTED;8;1;1704800;1.7048
Quick Sort Paralelo (ForkJoin);true;5000;NEARLY_SORTED;8;2;1846100;1.8461
Quick Sort Paralelo (ForkJoin);true;5000;NEARLY_SORTED;8;3;1550400;1.5504
Quick Sort Paralelo (ForkJoin);true;5000;NEARLY_SORTED;8;4;1571700;1.5717
Quick Sort Paralelo (ForkJoin);true;5000;NEARLY_SORTED;8;5;1453600;1.4536
Merge Sort Serial;false;5000;NEARLY_SORTED;1;1;984100;0.9841
Merge Sort Serial;false;5000;NEARLY_SORTED;1;2;604200;0.6042
Merge Sort Serial;false;5000;NEARLY_SORTED;1;3;614400;0.6144
Merge Sort Serial;false;5000;NEARLY_SORTED;1;4;593900;0.5939
Merge Sort Serial;false;5000;NEARLY_SORTED;1;5;598000;0.5980
Merge Sort Paralelo (ForkJoin);true;5000;NEARLY_SORTED;2;1;1692900;1.6929
Merge Sort Paralelo (ForkJoin);true;5000;NEARLY_SORTED;2;2;1352600;1.3526
Merge Sort Paralelo (ForkJoin);true;5000;NEARLY_SORTED;2;3;1386200;1.3862
Merge Sort Paralelo (ForkJoin);true;5000;NEARLY_SORTED;2;4;1573400;1.5734
Merge Sort Paralelo (ForkJoin);true;5000;NEARLY_SORTED;2;5;1900400;1.9004
Merge Sort Paralelo (ForkJoin);true;5000;NEARLY_SORTED;4;1;1509300;1.5093
Merge Sort Paralelo (ForkJoin);true;5000;NEARLY_SORTED;4;2;1518400;1.5184
Merge Sort Paralelo (ForkJoin);true;5000;NEARLY_SORTED;4;3;2635700;2.6357
Merge Sort Paralelo (ForkJoin);true;5000;NEARLY_SORTED;4;4;1805100;1.8051
Merge Sort Paralelo (ForkJoin);true;5000;NEARLY_SORTED;4;5;1766700;1.7667
Merge Sort Paralelo (ForkJoin);true;5000;NEARLY_SORTED;8;1;2868900;2.8689
Merge Sort Paralelo (ForkJoin);true;5000;NEARLY_SORTED;8;2;2366500;2.3665
Merge Sort Paralelo (ForkJoin);true;5000;NEARLY_SORTED;8;3;1798000;1.7980
Merge Sort Paralelo (ForkJoin);true;5000;NEARLY_SORTED;8;4;2030900;2.0309
Merge Sort Paralelo (ForkJoin);true;5000;NEARLY_SORTED;8;5;1589200;1.5892
Bubble Sort Serial;false;5000;REVERSED;1;1;28959500;28.9595
Bubble Sort Serial;false;5000;REVERSED;1;2;38920000;38.9200
Bubble Sort Serial;false;5000;REVERSED;1;3;37864600;37.8646
Bubble Sort Serial;false;5000;REVERSED;1;4;43565200;43.5652
Bubble Sort Serial;false;5000;REVERSED;1;5;37178500;37.1785
Bubble Sort Paralelo (Odd-Even);true;5000;REVERSED;2;1;8596300;8.5963
Bubble Sort Paralelo (Odd-Even);true;5000;REVERSED;2;2;10102100;10.1021
Bubble Sort Paralelo (Odd-Even);true;5000;REVERSED;2;3;7973000;7.9730
Bubble Sort Paralelo (Odd-Even);true;5000;REVERSED;2;4;10730200;10.7302
Bubble Sort Paralelo (Odd-Even);true;5000;REVERSED;2;5;11264100;11.2641
Bubble Sort Paralelo (Odd-Even);true;5000;REVERSED;4;1;9054600;9.0546
Bubble Sort Paralelo (Odd-Even);true;5000;REVERSED;4;2;16142900;16.1429
Bubble Sort Paralelo (Odd-Even);true;5000;REVERSED;4;3;11533800;11.5338
Bubble Sort Paralelo (Odd-Even);true;5000;REVERSED;4;4;9168800;9.1688
Bubble Sort Paralelo (Odd-Even);true;5000;REVERSED;4;5;8351800;8.3518
Bubble Sort Paralelo (Odd-Even);true;5000;REVERSED;8;1;27666300;27.6663
Bubble Sort Paralelo (Odd-Even);true;5000;REVERSED;8;2;34025700;34.0257
Bubble Sort Paralelo (Odd-Even);true;5000;REVERSED;8;3;78349000;78.3490
Bubble Sort Paralelo (Odd-Even);true;5000;REVERSED;8;4;26978800;26.9788
Bubble Sort Paralelo (Odd-Even);true;5000;REVERSED;8;5;33948800;33.9488
Insertion Sort Serial;false;5000;REVERSED;1;1;5215800;5.2158
Insertion Sort Serial;false;5000;REVERSED;1;2;5210000;5.2100
Insertion Sort Serial;false;5000;REVERSED;1;3;5948900;5.9489
Insertion Sort Serial;false;5000;REVERSED;1;4;5585000;5.5850
Insertion Sort Serial;false;5000;REVERSED;1;5;5817300;5.8173
Insertion Sort Paralelo (ForkJoin);true;5000;REVERSED;2;1;6020800;6.0208
Insertion Sort Paralelo (ForkJoin);true;5000;REVERSED;2;2;5056900;5.0569
Insertion Sort Paralelo (ForkJoin);true;5000;REVERSED;2;3;11860100;11.8601
Insertion Sort Paralelo (ForkJoin);true;5000;REVERSED;2;4;6468300;6.4683
Insertion Sort Paralelo (ForkJoin);true;5000;REVERSED;2;5;7238600;7.2386
Insertion Sort Paralelo (ForkJoin);true;5000;REVERSED;4;1;3051500;3.0515
Insertion Sort Paralelo (ForkJoin);true;5000;REVERSED;4;2;3761400;3.7614
Insertion Sort Paralelo (ForkJoin);true;5000;REVERSED;4;3;4229300;4.2293
Insertion Sort Paralelo (ForkJoin);true;5000;REVERSED;4;4;2837700;2.8377
Insertion Sort Paralelo (ForkJoin);true;5000;REVERSED;4;5;3634200;3.6342
Insertion Sort Paralelo (ForkJoin);true;5000;REVERSED;8;1;2356600;2.3566
Insertion Sort Paralelo (ForkJoin);true;5000;REVERSED;8;2;2907600;2.9076
Insertion Sort Paralelo (ForkJoin);true;5000;REVERSED;8;3;2284300;2.2843
Insertion Sort Paralelo (ForkJoin);true;5000;REVERSED;8;4;2223500;2.2235
Insertion Sort Paralelo (ForkJoin);true;5000;REVERSED;8;5;2599200;2.5992
Quick Sort Serial;false;5000;REVERSED;1;1;174600;0.1746
Quick Sort Serial;false;5000;REVERSED;1;2;230100;0.2301
Quick Sort Serial;false;5000;REVERSED;1;3;171100;0.1711
Quick Sort Serial;false;5000;REVERSED;1;4;205900;0.2059
Quick Sort Serial;false;5000;REVERSED;1;5;265000;0.2650
Quick Sort Paralelo (ForkJoin);true;5000;REVERSED;2;1;1891000;1.8910
Quick Sort Paralelo (ForkJoin);true;5000;REVERSED;2;2;1201800;1.2018
Quick Sort Paralelo (ForkJoin);true;5000;REVERSED;2;3;1139500;1.1395
Quick Sort Paralelo (ForkJoin);true;5000;REVERSED;2;4;2250000;2.2500
Quick Sort Paralelo (ForkJoin);true;5000;REVERSED;2;5;1266200;1.2662
Quick Sort Paralelo (ForkJoin);true;5000;REVERSED;4;1;1117600;1.1176
Quick Sort Paralelo (ForkJoin);true;5000;REVERSED;4;2;1250200;1.2502
Quick Sort Paralelo (ForkJoin);true;5000;REVERSED;4;3;1214900;1.2149
Quick Sort Paralelo (ForkJoin);true;5000;REVERSED;4;4;1339500;1.3395
Quick Sort Paralelo (ForkJoin);true;5000;REVERSED;4;5;1191700;1.1917
Quick Sort Paralelo (ForkJoin);true;5000;REVERSED;8;1;1800300;1.8003
Quick Sort Paralelo (ForkJoin);true;5000;REVERSED;8;2;1519300;1.5193
Quick Sort Paralelo (ForkJoin);true;5000;REVERSED;8;3;1777700;1.7777
Quick Sort Paralelo (ForkJoin);true;5000;REVERSED;8;4;1390700;1.3907
Quick Sort Paralelo (ForkJoin);true;5000;REVERSED;8;5;1293300;1.2933
Merge Sort Serial;false;5000;REVERSED;1;1;572600;0.5726
Merge Sort Serial;false;5000;REVERSED;1;2;774400;0.7744
Merge Sort Serial;false;5000;REVERSED;1;3;864600;0.8646
Merge Sort Serial;false;5000;REVERSED;1;4;783000;0.7830
Merge Sort Serial;false;5000;REVERSED;1;5;894400;0.8944
Merge Sort Paralelo (ForkJoin);true;5000;REVERSED;2;1;1436600;1.4366
Merge Sort Paralelo (ForkJoin);true;5000;REVERSED;2;2;1450300;1.4503
Merge Sort Paralelo (ForkJoin);true;5000;REVERSED;2;3;1790500;1.7905
Merge Sort Paralelo (ForkJoin);true;5000;REVERSED;2;4;2292400;2.2924
Merge Sort Paralelo (ForkJoin);true;5000;REVERSED;2;5;1701600;1.7016
Merge Sort Paralelo (ForkJoin);true;5000;REVERSED;4;1;1817600;1.8176
Merge Sort Paralelo (ForkJoin);true;5000;REVERSED;4;2;1647700;1.6477
Merge Sort Paralelo (ForkJoin);true;5000;REVERSED;4;3;1473700;1.4737
Merge Sort Paralelo (ForkJoin);true;5000;REVERSED;4;4;1455100;1.4551
Merge Sort Paralelo (ForkJoin);true;5000;REVERSED;4;5;1757800;1.7578
Merge Sort Paralelo (ForkJoin);true;5000;REVERSED;8;1;3309100;3.3091
Merge Sort Paralelo (ForkJoin);true;5000;REVERSED;8;2;1876300;1.8763
Merge Sort Paralelo (ForkJoin);true;5000;REVERSED;8;3;1775400;1.7754
Merge Sort Paralelo (ForkJoin);true;5000;REVERSED;8;4;1936600;1.9366
Merge Sort Paralelo (ForkJoin);true;5000;REVERSED;8;5;1680000;1.6800
Bubble Sort Serial;false;5000;RANDOM;1;1;37344600;37.3446
Bubble Sort Serial;false;5000;RANDOM;1;2;31122900;31.1229
Bubble Sort Serial;false;5000;RANDOM;1;3;28529100;28.5291
Bubble Sort Serial;false;5000;RANDOM;1;4;27890500;27.8905
Bubble Sort Serial;false;5000;RANDOM;1;5;26745000;26.7450
Bubble Sort Paralelo (Odd-Even);true;5000;RANDOM;2;1;15672900;15.6729
Bubble Sort Paralelo (Odd-Even);true;5000;RANDOM;2;2;15492200;15.4922
Bubble Sort Paralelo (Odd-Even);true;5000;RANDOM;2;3;15904900;15.9049
Bubble Sort Paralelo (Odd-Even);true;5000;RANDOM;2;4;15471700;15.4717
Bubble Sort Paralelo (Odd-Even);true;5000;RANDOM;2;5;16632200;16.6322
Bubble Sort Paralelo (Odd-Even);true;5000;RANDOM;4;1;15055700;15.0557
Bubble Sort Paralelo (Odd-Even);true;5000;RANDOM;4;2;19257800;19.2578
Bubble Sort Paralelo (Odd-Even);true;5000;RANDOM;4;3;15133700;15.1337
Bubble Sort Paralelo (Odd-Even);true;5000;RANDOM;4;4;12127100;12.1271
Bubble Sort Paralelo (Odd-Even);true;5000;RANDOM;4;5;12345200;12.3452
Bubble Sort Paralelo (Odd-Even);true;5000;RANDOM;8;1;175747600;175.7476
Bubble Sort Paralelo (Odd-Even);true;5000;RANDOM;8;2;33693500;33.6935
Bubble Sort Paralelo (Odd-Even);true;5000;RANDOM;8;3;294880400;294.8804
Bubble Sort Paralelo (Odd-Even);true;5000;RANDOM;8;4;282135600;282.1356
Bubble Sort Paralelo (Odd-Even);true;5000;RANDOM;8;5;37713200;37.7132
Insertion Sort Serial;false;5000;RANDOM;1;1;3338500;3.3385
Insertion Sort Serial;false;5000;RANDOM;1;2;3036300;3.0363
Insertion Sort Serial;false;5000;RANDOM;1;3;3983900;3.9839
Insertion Sort Serial;false;5000;RANDOM;1;4;4019800;4.0198
Insertion Sort Serial;false;5000;RANDOM;1;5;3577300;3.5773
Insertion Sort Paralelo (ForkJoin);true;5000;RANDOM;2;1;4190100;4.1901
Insertion Sort Paralelo (ForkJoin);true;5000;RANDOM;2;2;6094500;6.0945
Insertion Sort Paralelo (ForkJoin);true;5000;RANDOM;2;3;6446000;6.4460
Insertion Sort Paralelo (ForkJoin);true;5000;RANDOM;2;4;5692800;5.6928
Insertion Sort Paralelo (ForkJoin);true;5000;RANDOM;2;5;5718300;5.7183
Insertion Sort Paralelo (ForkJoin);true;5000;RANDOM;4;1;3052300;3.0523
Insertion Sort Paralelo (ForkJoin);true;5000;RANDOM;4;2;3181900;3.1819
Insertion Sort Paralelo (ForkJoin);true;5000;RANDOM;4;3;3343300;3.3433
Insertion Sort Paralelo (ForkJoin);true;5000;RANDOM;4;4;3877100;3.8771
Insertion Sort Paralelo (ForkJoin);true;5000;RANDOM;4;5;3796800;3.7968
Insertion Sort Paralelo (ForkJoin);true;5000;RANDOM;8;1;3022700;3.0227
Insertion Sort Paralelo (ForkJoin);true;5000;RANDOM;8;2;2488600;2.4886
Insertion Sort Paralelo (ForkJoin);true;5000;RANDOM;8;3;2463900;2.4639
Insertion Sort Paralelo (ForkJoin);true;5000;RANDOM;8;4;2814500;2.8145
Insertion Sort Paralelo (ForkJoin);true;5000;RANDOM;8;5;2205100;2.2051
Quick Sort Serial;false;5000;RANDOM;1;1;484400;0.4844
Quick Sort Serial;false;5000;RANDOM;1;2;554000;0.5540
Quick Sort Serial;false;5000;RANDOM;1;3;481100;0.4811
Quick Sort Serial;false;5000;RANDOM;1;4;451000;0.4510
Quick Sort Serial;false;5000;RANDOM;1;5;453200;0.4532
Quick Sort Paralelo (ForkJoin);true;5000;RANDOM;2;1;1590500;1.5905
Quick Sort Paralelo (ForkJoin);true;5000;RANDOM;2;2;1372400;1.3724
Quick Sort Paralelo (ForkJoin);true;5000;RANDOM;2;3;1593700;1.5937
Quick Sort Paralelo (ForkJoin);true;5000;RANDOM;2;4;1901000;1.9010
Quick Sort Paralelo (ForkJoin);true;5000;RANDOM;2;5;1416300;1.4163
Quick Sort Paralelo (ForkJoin);true;5000;RANDOM;4;1;1721400;1.7214
Quick Sort Paralelo (ForkJoin);true;5000;RANDOM;4;2;2176900;2.1769
Quick Sort Paralelo (ForkJoin);true;5000;RANDOM;4;3;2018600;2.0186
Quick Sort Paralelo (ForkJoin);true;5000;RANDOM;4;4;1525400;1.5254
Quick Sort Paralelo (ForkJoin);true;5000;RANDOM;4;5;2432600;2.4326
Quick Sort Paralelo (ForkJoin);true;5000;RANDOM;8;1;2620100;2.6201
Quick Sort Paralelo (ForkJoin);true;5000;RANDOM;8;2;2362900;2.3629
Quick Sort Paralelo (ForkJoin);true;5000;RANDOM;8;3;2246900;2.2469
Quick Sort Paralelo (ForkJoin);true;5000;RANDOM;8;4;2107600;2.1076
Quick Sort Paralelo (ForkJoin);true;5000;RANDOM;8;5;3199600;3.1996
Merge Sort Serial;false;5000;RANDOM;1;1;1585800;1.5858
Merge Sort Serial;false;5000;RANDOM;1;2;1318400;1.3184
Merge Sort Serial;false;5000;RANDOM;1;3;1172300;1.1723
Merge Sort Serial;false;5000;RANDOM;1;4;1443500;1.4435
Merge Sort Serial;false;5000;RANDOM;1;5;1261100;1.2611
Merge Sort Paralelo (ForkJoin);true;5000;RANDOM;2;1;2197800;2.1978
Merge Sort Paralelo (ForkJoin);true;5000;RANDOM;2;2;1724000;1.7240
Merge Sort Paralelo (ForkJoin);true;5000;RANDOM;2;3;2932300;2.9323
Merge Sort Paralelo (ForkJoin);true;5000;RANDOM;2;4;1724700;1.7247
Merge Sort Paralelo (ForkJoin);true;5000;RANDOM;2;5;2144800;2.1448
Merge Sort Paralelo (ForkJoin);true;5000;RANDOM;4;1;2170700;2.1707
Merge Sort Paralelo (ForkJoin);true;5000;RANDOM;4;2;2386800;2.3868
Merge Sort Paralelo (ForkJoin);true;5000;RANDOM;4;3;1826300;1.8263
Merge Sort Paralelo (ForkJoin);true;5000;RANDOM;4;4;1783000;1.7830
Merge Sort Paralelo (ForkJoin);true;5000;RANDOM;4;5;1789200;1.7892
Merge Sort Paralelo (ForkJoin);true;5000;RANDOM;8;1;1995000;1.9950
Merge Sort Paralelo (ForkJoin);true;5000;RANDOM;8;2;2046200;2.0462
Merge Sort Paralelo (ForkJoin);true;5000;RANDOM;8;3;1985400;1.9854
Merge Sort Paralelo (ForkJoin);true;5000;RANDOM;8;4;2525300;2.5253
Merge Sort Paralelo (ForkJoin);true;5000;RANDOM;8;5;2802700;2.8027
Bubble Sort Serial;false;5000;NEARLY_SORTED;1;1;10560600;10.5606
Bubble Sort Serial;false;5000;NEARLY_SORTED;1;2;9741700;9.7417
Bubble Sort Serial;false;5000;NEARLY_SORTED;1;3;9976100;9.9761
Bubble Sort Serial;false;5000;NEARLY_SORTED;1;4;10084800;10.0848
Bubble Sort Serial;false;5000;NEARLY_SORTED;1;5;10210600;10.2106
Bubble Sort Paralelo (Odd-Even);true;5000;NEARLY_SORTED;2;1;10440500;10.4405
Bubble Sort Paralelo (Odd-Even);true;5000;NEARLY_SORTED;2;2;8658200;8.6582
Bubble Sort Paralelo (Odd-Even);true;5000;NEARLY_SORTED;2;3;8995100;8.9951
Bubble Sort Paralelo (Odd-Even);true;5000;NEARLY_SORTED;2;4;60027300;60.0273
Bubble Sort Paralelo (Odd-Even);true;5000;NEARLY_SORTED;2;5;60773200;60.7732
Bubble Sort Paralelo (Odd-Even);true;5000;NEARLY_SORTED;4;1;10226500;10.2265
Bubble Sort Paralelo (Odd-Even);true;5000;NEARLY_SORTED;4;2;10524300;10.5243
Bubble Sort Paralelo (Odd-Even);true;5000;NEARLY_SORTED;4;3;16526700;16.5267
Bubble Sort Paralelo (Odd-Even);true;5000;NEARLY_SORTED;4;4;10205100;10.2051
Bubble Sort Paralelo (Odd-Even);true;5000;NEARLY_SORTED;4;5;14512500;14.5125
Bubble Sort Paralelo (Odd-Even);true;5000;NEARLY_SORTED;8;1;210628000;210.6280
Bubble Sort Paralelo (Odd-Even);true;5000;NEARLY_SORTED;8;2;128011900;128.0119
Bubble Sort Paralelo (Odd-Even);true;5000;NEARLY_SORTED;8;3;71722200;71.7222
Bubble Sort Paralelo (Odd-Even);true;5000;NEARLY_SORTED;8;4;17241900;17.2419
Bubble Sort Paralelo (Odd-Even);true;5000;NEARLY_SORTED;8;5;50195100;50.1951
Insertion Sort Serial;false;5000;NEARLY_SORTED;1;1;338100;0.3381
Insertion Sort Serial;false;5000;NEARLY_SORTED;1;2;338000;0.3380
Insertion Sort Serial;false;5000;NEARLY_SORTED;1;3;567600;0.5676
Insertion Sort Serial;false;5000;NEARLY_SORTED;1;4;339700;0.3397
Insertion Sort Serial;false;5000;NEARLY_SORTED;1;5;565500;0.5655
Insertion Sort Paralelo (ForkJoin);true;5000;NEARLY_SORTED;2;1;1810200;1.8102
Insertion Sort Paralelo (ForkJoin);true;5000;NEARLY_SORTED;2;2;1548500;1.5485
Insertion Sort Paralelo (ForkJoin);true;5000;NEARLY_SORTED;2;3;1399600;1.3996
Insertion Sort Paralelo (ForkJoin);true;5000;NEARLY_SORTED;2;4;2259700;2.2597
Insertion Sort Paralelo (ForkJoin);true;5000;NEARLY_SORTED;2;5;2057100;2.0571
Insertion Sort Paralelo (ForkJoin);true;5000;NEARLY_SORTED;4;1;1331300;1.3313
Insertion Sort Paralelo (ForkJoin);true;5000;NEARLY_SORTED;4;2;1914400;1.9144
Insertion Sort Paralelo (ForkJoin);true;5000;NEARLY_SORTED;4;3;1417000;1.4170
Insertion Sort Paralelo (ForkJoin);true;5000;NEARLY_SORTED;4;4;1370300;1.3703
Insertion Sort Paralelo (ForkJoin);true;5000;NEARLY_SORTED;4;5;2902800;2.9028
Insertion Sort Paralelo (ForkJoin);true;5000;NEARLY_SORTED;8;1;1295200;1.2952
Insertion Sort Paralelo (ForkJoin);true;5000;NEARLY_SORTED;8;2;1718900;1.7189
Insertion Sort Paralelo (ForkJoin);true;5000;NEARLY_SORTED;8;3;1789900;1.7899
Insertion Sort Paralelo (ForkJoin);true;5000;NEARLY_SORTED;8;4;1521500;1.5215
Insertion Sort Paralelo (ForkJoin);true;5000;NEARLY_SORTED;8;5;2088000;2.0880
Quick Sort Serial;false;5000;NEARLY_SORTED;1;1;360100;0.3601
Quick Sort Serial;false;5000;NEARLY_SORTED;1;2;302200;0.3022
Quick Sort Serial;false;5000;NEARLY_SORTED;1;3;299300;0.2993
Quick Sort Serial;false;5000;NEARLY_SORTED;1;4;316100;0.3161
Quick Sort Serial;false;5000;NEARLY_SORTED;1;5;352400;0.3524
Quick Sort Paralelo (ForkJoin);true;5000;NEARLY_SORTED;2;1;1804100;1.8041
Quick Sort Paralelo (ForkJoin);true;5000;NEARLY_SORTED;2;2;1616700;1.6167
Quick Sort Paralelo (ForkJoin);true;5000;NEARLY_SORTED;2;3;1688800;1.6888
Quick Sort Paralelo (ForkJoin);true;5000;NEARLY_SORTED;2;4;1172400;1.1724
Quick Sort Paralelo (ForkJoin);true;5000;NEARLY_SORTED;2;5;1510900;1.5109
Quick Sort Paralelo (ForkJoin);true;5000;NEARLY_SORTED;4;1;1712400;1.7124
Quick Sort Paralelo (ForkJoin);true;5000;NEARLY_SORTED;4;2;2131000;2.1310
Quick Sort Paralelo (ForkJoin);true;5000;NEARLY_SORTED;4;3;1493700;1.4937
Quick Sort Paralelo (ForkJoin);true;5000;NEARLY_SORTED;4;4;1318400;1.3184
Quick Sort Paralelo (ForkJoin);true;5000;NEARLY_SORTED;4;5;1237600;1.2376
Quick Sort Paralelo (ForkJoin);true;5000;NEARLY_SORTED;8;1;1448600;1.4486
Quick Sort Paralelo (ForkJoin);true;5000;NEARLY_SORTED;8;2;1866300;1.8663
Quick Sort Paralelo (ForkJoin);true;5000;NEARLY_SORTED;8;3;1471400;1.4714
Quick Sort Paralelo (ForkJoin);true;5000;NEARLY_SORTED;8;4;1349400;1.3494
Quick Sort Paralelo (ForkJoin);true;5000;NEARLY_SORTED;8;5;1715000;1.7150
Merge Sort Serial;false;5000;NEARLY_SORTED;1;1;692800;0.6928
Merge Sort Serial;false;5000;NEARLY_SORTED;1;2;768700;0.7687
Merge Sort Serial;false;5000;NEARLY_SORTED;1;3;713200;0.7132
Merge Sort Serial;false;5000;NEARLY_SORTED;1;4;731800;0.7318
Merge Sort Serial;false;5000;NEARLY_SORTED;1;5;724400;0.7244
Merge Sort Paralelo (ForkJoin);true;5000;NEARLY_SORTED;2;1;1550000;1.5500
Merge Sort Paralelo (ForkJoin);true;5000;NEARLY_SORTED;2;2;1824600;1.8246
Merge Sort Paralelo (ForkJoin);true;5000;NEARLY_SORTED;2;3;1746900;1.7469
Merge Sort Paralelo (ForkJoin);true;5000;NEARLY_SORTED;2;4;1589900;1.5899
Merge Sort Paralelo (ForkJoin);true;5000;NEARLY_SORTED;2;5;2137900;2.1379
Merge Sort Paralelo (ForkJoin);true;5000;NEARLY_SORTED;4;1;1696600;1.6966
Merge Sort Paralelo (ForkJoin);true;5000;NEARLY_SORTED;4;2;2030100;2.0301
Merge Sort Paralelo (ForkJoin);true;5000;NEARLY_SORTED;4;3;1635500;1.6355
Merge Sort Paralelo (ForkJoin);true;5000;NEARLY_SORTED;4;4;1688800;1.6888
Merge Sort Paralelo (ForkJoin);true;5000;NEARLY_SORTED;4;5;2440200;2.4402
Merge Sort Paralelo (ForkJoin);true;5000;NEARLY_SORTED;8;1;2217600;2.2176
Merge Sort Paralelo (ForkJoin);true;5000;NEARLY_SORTED;8;2;1639900;1.6399
Merge Sort Paralelo (ForkJoin);true;5000;NEARLY_SORTED;8;3;1706600;1.7066
Merge Sort Paralelo (ForkJoin);true;5000;NEARLY_SORTED;8;4;1936100;1.9361
Merge Sort Paralelo (ForkJoin);true;5000;NEARLY_SORTED;8;5;1827000;1.8270
Bubble Sort Serial;false;5000;REVERSED;1;1;28695400;28.6954
Bubble Sort Serial;false;5000;REVERSED;1;2;36596100;36.5961
Bubble Sort Serial;false;5000;REVERSED;1;3;40437900;40.4379
Bubble Sort Serial;false;5000;REVERSED;1;4;30459800;30.4598
Bubble Sort Serial;false;5000;REVERSED;1;5;28647700;28.6477
Bubble Sort Paralelo (Odd-Even);true;5000;REVERSED;2;1;8079400;8.0794
Bubble Sort Paralelo (Odd-Even);true;5000;REVERSED;2;2;11204900;11.2049
Bubble Sort Paralelo (Odd-Even);true;5000;REVERSED;2;3;9960700;9.9607
Bubble Sort Paralelo (Odd-Even);true;5000;REVERSED;2;4;9181400;9.1814
Bubble Sort Paralelo (Odd-Even);true;5000;REVERSED;2;5;11068400;11.0684
Bubble Sort Paralelo (Odd-Even);true;5000;REVERSED;4;1;8763900;8.7639
Bubble Sort Paralelo (Odd-Even);true;5000;REVERSED;4;2;8692400;8.6924
Bubble Sort Paralelo (Odd-Even);true;5000;REVERSED;4;3;7679100;7.6791
Bubble Sort Paralelo (Odd-Even);true;5000;REVERSED;4;4;8352300;8.3523
Bubble Sort Paralelo (Odd-Even);true;5000;REVERSED;4;5;11401900;11.4019
Bubble Sort Paralelo (Odd-Even);true;5000;REVERSED;8;1;44935600;44.9356
Bubble Sort Paralelo (Odd-Even);true;5000;REVERSED;8;2;21044200;21.0442
Bubble Sort Paralelo (Odd-Even);true;5000;REVERSED;8;3;25913500;25.9135
Bubble Sort Paralelo (Odd-Even);true;5000;REVERSED;8;4;16414400;16.4144
Bubble Sort Paralelo (Odd-Even);true;5000;REVERSED;8;5;56300200;56.3002
Insertion Sort Serial;false;5000;REVERSED;1;1;5601700;5.6017
Insertion Sort Serial;false;5000;REVERSED;1;2;5409000;5.4090
Insertion Sort Serial;false;5000;REVERSED;1;3;5420500;5.4205
Insertion Sort Serial;false;5000;REVERSED;1;4;5537500;5.5375
Insertion Sort Serial;false;5000;REVERSED;1;5;5291900;5.2919
Insertion Sort Paralelo (ForkJoin);true;5000;REVERSED;2;1;9780600;9.7806
Insertion Sort Paralelo (ForkJoin);true;5000;REVERSED;2;2;6633600;6.6336
Insertion Sort Paralelo (ForkJoin);true;5000;REVERSED;2;3;6050800;6.0508
Insertion Sort Paralelo (ForkJoin);true;5000;REVERSED;2;4;5093400;5.0934
Insertion Sort Paralelo (ForkJoin);true;5000;REVERSED;2;5;6429400;6.4294
Insertion Sort Paralelo (ForkJoin);true;5000;REVERSED;4;1;3155000;3.1550
Insertion Sort Paralelo (ForkJoin);true;5000;REVERSED;4;2;3530800;3.5308
Insertion Sort Paralelo (ForkJoin);true;5000;REVERSED;4;3;2897400;2.8974
Insertion Sort Paralelo (ForkJoin);true;5000;REVERSED;4;4;3296600;3.2966
Insertion Sort Paralelo (ForkJoin);true;5000;REVERSED;4;5;3201100;3.2011
Insertion Sort Paralelo (ForkJoin);true;5000;REVERSED;8;1;2567500;2.5675
Insertion Sort Paralelo (ForkJoin);true;5000;REVERSED;8;2;2189800;2.1898
Insertion Sort Paralelo (ForkJoin);true;5000;REVERSED;8;3;2276500;2.2765
Insertion Sort Paralelo (ForkJoin);true;5000;REVERSED;8;4;2071000;2.0710
Insertion Sort Paralelo (ForkJoin);true;5000;REVERSED;8;5;2668100;2.6681
Quick Sort Serial;false;5000;REVERSED;1;1;232400;0.2324
Quick Sort Serial;false;5000;REVERSED;1;2;225800;0.2258
Quick Sort Serial;false;5000;REVERSED;1;3;354400;0.3544
Quick Sort Serial;false;5000;REVERSED;1;4;208800;0.2088
Quick Sort Serial;false;5000;REVERSED;1;5;227600;0.2276
Quick Sort Paralelo (ForkJoin);true;5000;REVERSED;2;1;1093200;1.0932
Quick Sort Paralelo (ForkJoin);true;5000;REVERSED;2;2;1643000;1.6430
Quick Sort Paralelo (ForkJoin);true;5000;REVERSED;2;3;1051900;1.0519
Quick Sort Paralelo (ForkJoin);true;5000;REVERSED;2;4;1112100;1.1121
Quick Sort Paralelo (ForkJoin);true;5000;REVERSED;2;5;2143100;2.1431
Quick Sort Paralelo (ForkJoin);true;5000;REVERSED;4;1;1165000;1.1650
Quick Sort Paralelo (ForkJoin);true;5000;REVERSED;4;2;1535300;1.5353
Quick Sort Paralelo (ForkJoin);true;5000;REVERSED;4;3;1433300;1.4333
Quick Sort Paralelo (ForkJoin);true;5000;REVERSED;4;4;1047100;1.0471
Quick Sort Paralelo (ForkJoin);true;5000;REVERSED;4;5;1618500;1.6185
Quick Sort Paralelo (ForkJoin);true;5000;REVERSED;8;1;1939100;1.9391
Quick Sort Paralelo (ForkJoin);true;5000;REVERSED;8;2;1197400;1.1974
Quick Sort Paralelo (ForkJoin);true;5000;REVERSED;8;3;1335900;1.3359
Quick Sort Paralelo (ForkJoin);true;5000;REVERSED;8;4;1567800;1.5678
Quick Sort Paralelo (ForkJoin);true;5000;REVERSED;8;5;1423800;1.4238
Merge Sort Serial;false;5000;REVERSED;1;1;640100;0.6401
Merge Sort Serial;false;5000;REVERSED;1;2;572500;0.5725
Merge Sort Serial;false;5000;REVERSED;1;3;900200;0.9002
Merge Sort Serial;false;5000;REVERSED;1;4;1013200;1.0132
Merge Sort Serial;false;5000;REVERSED;1;5;570300;0.5703
Merge Sort Paralelo (ForkJoin);true;5000;REVERSED;2;1;3234700;3.2347
Merge Sort Paralelo (ForkJoin);true;5000;REVERSED;2;2;2094400;2.0944
Merge Sort Paralelo (ForkJoin);true;5000;REVERSED;2;3;1405400;1.4054
Merge Sort Paralelo (ForkJoin);true;5000;REVERSED;2;4;1258200;1.2582
Merge Sort Paralelo (ForkJoin);true;5000;REVERSED;2;5;1211300;1.2113
Merge Sort Paralelo (ForkJoin);true;5000;REVERSED;4;1;1489000;1.4890
Merge Sort Paralelo (ForkJoin);true;5000;REVERSED;4;2;1405500;1.4055
Merge Sort Paralelo (ForkJoin);true;5000;REVERSED;4;3;1488900;1.4889
Merge Sort Paralelo (ForkJoin);true;5000;REVERSED;4;4;1977100;1.9771
Merge Sort Paralelo (ForkJoin);true;5000;REVERSED;4;5;1630900;1.6309
Merge Sort Paralelo (ForkJoin);true;5000;REVERSED;8;1;1989200;1.9892
Merge Sort Paralelo (ForkJoin);true;5000;REVERSED;8;2;1748900;1.7489
Merge Sort Paralelo (ForkJoin);true;5000;REVERSED;8;3;1676000;1.6760
Merge Sort Paralelo (ForkJoin);true;5000;REVERSED;8;4;2419300;2.4193
Merge Sort Paralelo (ForkJoin);true;5000;REVERSED;8;5;1869900;1.8699
Bubble Sort Serial;false;1000;RANDOM;1;1;1562600;1.5626
Bubble Sort Serial;false;1000;RANDOM;1;2;1494800;1.4948
Bubble Sort Serial;false;1000;RANDOM;1;3;1152800;1.1528
Bubble Sort Serial;false;1000;RANDOM;1;4;1530900;1.5309
Bubble Sort Serial;false;1000;RANDOM;1;5;1339000;1.3390
Bubble Sort Paralelo (Odd-Even);true;1000;RANDOM;2;1;1671100;1.6711
Bubble Sort Paralelo (Odd-Even);true;1000;RANDOM;2;2;1923100;1.9231
Bubble Sort Paralelo (Odd-Even);true;1000;RANDOM;2;3;2575200;2.5752
Bubble Sort Paralelo (Odd-Even);true;1000;RANDOM;2;4;1650000;1.6500
Bubble Sort Paralelo (Odd-Even);true;1000;RANDOM;2;5;1699200;1.6992
Bubble Sort Paralelo (Odd-Even);true;1000;RANDOM;4;1;1898900;1.8989
Bubble Sort Paralelo (Odd-Even);true;1000;RANDOM;4;2;2125700;2.1257
Bubble Sort Paralelo (Odd-Even);true;1000;RANDOM;4;3;1739900;1.7399
Bubble Sort Paralelo (Odd-Even);true;1000;RANDOM;4;4;1661300;1.6613
Bubble Sort Paralelo (Odd-Even);true;1000;RANDOM;4;5;2720000;2.7200
Bubble Sort Paralelo (Odd-Even);true;1000;RANDOM;8;1;59055400;59.0554
Bubble Sort Paralelo (Odd-Even);true;1000;RANDOM;8;2;39564900;39.5649
Bubble Sort Paralelo (Odd-Even);true;1000;RANDOM;8;3;27835500;27.8355
Bubble Sort Paralelo (Odd-Even);true;1000;RANDOM;8;4;2754100;2.7541
Bubble Sort Paralelo (Odd-Even);true;1000;RANDOM;8;5;7892800;7.8928
Insertion Sort Serial;false;1000;RANDOM;1;1;129100;0.1291
Insertion Sort Serial;false;1000;RANDOM;1;2;129500;0.1295
Insertion Sort Serial;false;1000;RANDOM;1;3;197800;0.1978
Insertion Sort Serial;false;1000;RANDOM;1;4;181600;0.1816
Insertion Sort Serial;false;1000;RANDOM;1;5;193400;0.1934
Insertion Sort Paralelo (ForkJoin);true;1000;RANDOM;2;1;1475300;1.4753
Insertion Sort Paralelo (ForkJoin);true;1000;RANDOM;2;2;1290200;1.2902
Insertion Sort Paralelo (ForkJoin);true;1000;RANDOM;2;3;1123600;1.1236
Insertion Sort Paralelo (ForkJoin);true;1000;RANDOM;2;4;1319900;1.3199
Insertion Sort Paralelo (ForkJoin);true;1000;RANDOM;2;5;1480600;1.4806
Insertion Sort Paralelo (ForkJoin);true;1000;RANDOM;4;1;1704400;1.7044
Insertion Sort Paralelo (ForkJoin);true;1000;RANDOM;4;2;1300800;1.3008
Insertion Sort Paralelo (ForkJoin);true;1000;RANDOM;4;3;1115900;1.1159
Insertion Sort Paralelo (ForkJoin);true;1000;RANDOM;4;4;1449400;1.4494
Insertion Sort Paralelo (ForkJoin);true;1000;RANDOM;4;5;1578900;1.5789
Insertion Sort Paralelo (ForkJoin);true;1000;RANDOM;8;1;1334800;1.3348
Insertion Sort Paralelo (ForkJoin);true;1000;RANDOM;8;2;1183600;1.1836
Insertion Sort Paralelo (ForkJoin);true;1000;RANDOM;8;3;1146500;1.1465
Insertion Sort Paralelo (ForkJoin);true;1000;RANDOM;8;4;1393300;1.3933
Insertion Sort Paralelo (ForkJoin);true;1000;RANDOM;8;5;1372700;1.3727
Quick Sort Serial;false;1000;RANDOM;1;1;123000;0.1230
Quick Sort Serial;false;1000;RANDOM;1;2;96900;0.0969
Quick Sort Serial;false;1000;RANDOM;1;3;97100;0.0971
Quick Sort Serial;false;1000;RANDOM;1;4;85600;0.0856
Quick Sort Serial;false;1000;RANDOM;1;5;92400;0.0924
Quick Sort Paralelo (ForkJoin);true;1000;RANDOM;2;1;920600;0.9206
Quick Sort Paralelo (ForkJoin);true;1000;RANDOM;2;2;988000;0.9880
Quick Sort Paralelo (ForkJoin);true;1000;RANDOM;2;3;967000;0.9670
Quick Sort Paralelo (ForkJoin);true;1000;RANDOM;2;4;983000;0.9830
Quick Sort Paralelo (ForkJoin);true;1000;RANDOM;2;5;922000;0.9220
Quick Sort Paralelo (ForkJoin);true;1000;RANDOM;4;1;1066000;1.0660
Quick Sort Paralelo (ForkJoin);true;1000;RANDOM;4;2;887400;0.8874
Quick Sort Paralelo (ForkJoin);true;1000;RANDOM;4;3;970600;0.9706
Quick Sort Paralelo (ForkJoin);true;1000;RANDOM;4;4;806500;0.8065
Quick Sort Paralelo (ForkJoin);true;1000;RANDOM;4;5;1143400;1.1434
Quick Sort Paralelo (ForkJoin);true;1000;RANDOM;8;1;942800;0.9428
Quick Sort Paralelo (ForkJoin);true;1000;RANDOM;8;2;913600;0.9136
Quick Sort Paralelo (ForkJoin);true;1000;RANDOM;8;3;1003000;1.0030
Quick Sort Paralelo (ForkJoin);true;1000;RANDOM;8;4;966500;0.9665
Quick Sort Paralelo (ForkJoin);true;1000;RANDOM;8;5;985900;0.9859
Merge Sort Serial;false;1000;RANDOM;1;1;237600;0.2376
Merge Sort Serial;false;1000;RANDOM;1;2;191900;0.1919
Merge Sort Serial;false;1000;RANDOM;1;3;245900;0.2459
Merge Sort Serial;false;1000;RANDOM;1;4;235200;0.2352
Merge Sort Serial;false;1000;RANDOM;1;5;228700;0.2287
Merge Sort Paralelo (ForkJoin);true;1000;RANDOM;2;1;1374300;1.3743
Merge Sort Paralelo (ForkJoin);true;1000;RANDOM;2;2;1298600;1.2986
Merge Sort Paralelo (ForkJoin);true;1000;RANDOM;2;3;1267300;1.2673
Merge Sort Paralelo (ForkJoin);true;1000;RANDOM;2;4;1179000;1.1790
Merge Sort Paralelo (ForkJoin);true;1000;RANDOM;2;5;1024500;1.0245
Merge Sort Paralelo (ForkJoin);true;1000;RANDOM;4;1;1182400;1.1824
Merge Sort Paralelo (ForkJoin);true;1000;RANDOM;4;2;873400;0.8734
Merge Sort Paralelo (ForkJoin);true;1000;RANDOM;4;3;1002000;1.0020
Merge Sort Paralelo (ForkJoin);true;1000;RANDOM;4;4;1021600;1.0216
Merge Sort Paralelo (ForkJoin);true;1000;RANDOM;4;5;900500;0.9005
Merge Sort Paralelo (ForkJoin);true;1000;RANDOM;8;1;1025600;1.0256
Merge Sort Paralelo (ForkJoin);true;1000;RANDOM;8;2;969800;0.9698
Merge Sort Paralelo (ForkJoin);true;1000;RANDOM;8;3;938300;0.9383
Merge Sort Paralelo (ForkJoin);true;1000;RANDOM;8;4;981200;0.9812
Merge Sort Paralelo (ForkJoin);true;1000;RANDOM;8;5;1022300;1.0223
Bubble Sort Serial;false;5000;RANDOM;1;1;21097800;21.0978
Bubble Sort Serial;false;5000;RANDOM;1;2;24552300;24.5523
Bubble Sort Serial;false;5000;RANDOM;1;3;22400500;22.4005
Bubble Sort Serial;false;5000;RANDOM;1;4;22138400;22.1384
Bubble Sort Serial;false;5000;RANDOM;1;5;20404100;20.4041
Bubble Sort Paralelo (Odd-Even);true;5000;RANDOM;2;1;11746100;11.7461
Bubble Sort Paralelo (Odd-Even);true;5000;RANDOM;2;2;12214700;12.2147
Bubble Sort Paralelo (Odd-Even);true;5000;RANDOM;2;3;10619400;10.6194
Bubble Sort Paralelo (Odd-Even);true;5000;RANDOM;2;4;14964400;14.9644
Bubble Sort Paralelo (Odd-Even);true;5000;RANDOM;2;5;14206700;14.2067
Bubble Sort Paralelo (Odd-Even);true;5000;RANDOM;4;1;16635100;16.6351
Bubble Sort Paralelo (Odd-Even);true;5000;RANDOM;4;2;9280900;9.2809
Bubble Sort Paralelo (Odd-Even);true;5000;RANDOM;4;3;13411900;13.4119
Bubble Sort Paralelo (Odd-Even);true;5000;RANDOM;4;4;11724500;11.7245
Bubble Sort Paralelo (Odd-Even);true;5000;RANDOM;4;5;21795600;21.7956
Bubble Sort Paralelo (Odd-Even);true;5000;RANDOM;8;1;72311500;72.3115
Bubble Sort Paralelo (Odd-Even);true;5000;RANDOM;8;2;33784300;33.7843
Bubble Sort Paralelo (Odd-Even);true;5000;RANDOM;8;3;26604300;26.6043
Bubble Sort Paralelo (Odd-Even);true;5000;RANDOM;8;4;101550200;101.5502
Bubble Sort Paralelo (Odd-Even);true;5000;RANDOM;8;5;52347300;52.3473
Insertion Sort Serial;false;5000;RANDOM;1;1;2713700;2.7137
Insertion Sort Serial;false;5000;RANDOM;1;2;2695200;2.6952
Insertion Sort Serial;false;5000;RANDOM;1;3;2854800;2.8548
Insertion Sort Serial;false;5000;RANDOM;1;4;2759700;2.7597
Insertion Sort Serial;false;5000;RANDOM;1;5;3223300;3.2233
Insertion Sort Paralelo (ForkJoin);true;5000;RANDOM;2;1;4668200;4.6682
Insertion Sort Paralelo (ForkJoin);true;5000;RANDOM;2;2;4898600;4.8986
Insertion Sort Paralelo (ForkJoin);true;5000;RANDOM;2;3;4149500;4.1495
Insertion Sort Paralelo (ForkJoin);true;5000;RANDOM;2;4;6858400;6.8584
Insertion Sort Paralelo (ForkJoin);true;5000;RANDOM;2;5;5085400;5.0854
Insertion Sort Paralelo (ForkJoin);true;5000;RANDOM;4;1;3184000;3.1840
Insertion Sort Paralelo (ForkJoin);true;5000;RANDOM;4;2;2484300;2.4843
Insertion Sort Paralelo (ForkJoin);true;5000;RANDOM;4;3;2825300;2.8253
Insertion Sort Paralelo (ForkJoin);true;5000;RANDOM;4;4;2984900;2.9849
Insertion Sort Paralelo (ForkJoin);true;5000;RANDOM;4;5;2925500;2.9255
Insertion Sort Paralelo (ForkJoin);true;5000;RANDOM;8;1;2759500;2.7595
Insertion Sort Paralelo (ForkJoin);true;5000;RANDOM;8;2;2211700;2.2117
Insertion Sort Paralelo (ForkJoin);true;5000;RANDOM;8;3;2290000;2.2900
Insertion Sort Paralelo (ForkJoin);true;5000;RANDOM;8;4;2516100;2.5161
Insertion Sort Paralelo (ForkJoin);true;5000;RANDOM;8;5;2960800;2.9608
Quick Sort Serial;false;5000;RANDOM;1;1;540800;0.5408
Quick Sort Serial;false;5000;RANDOM;1;2;441200;0.4412
Quick Sort Serial;false;5000;RANDOM;1;3;433600;0.4336
Quick Sort Serial;false;5000;RANDOM;1;4;537400;0.5374
Quick Sort Serial;false;5000;RANDOM;1;5;466700;0.4667
Quick Sort Paralelo (ForkJoin);true;5000;RANDOM;2;1;1510100;1.5101
Quick Sort Paralelo (ForkJoin);true;5000;RANDOM;2;2;1506200;1.5062
Quick Sort Paralelo (ForkJoin);true;5000;RANDOM;2;3;1601300;1.6013
Quick Sort Paralelo (ForkJoin);true;5000;RANDOM;2;4;1645700;1.6457
Quick Sort Paralelo (ForkJoin);true;5000;RANDOM;2;5;1561900;1.5619
Quick Sort Paralelo (ForkJoin);true;5000;RANDOM;4;1;3427700;3.4277
Quick Sort Paralelo (ForkJoin);true;5000;RANDOM;4;2;1345900;1.3459
Quick Sort Paralelo (ForkJoin);true;5000;RANDOM;4;3;1516500;1.5165
Quick Sort Paralelo (ForkJoin);true;5000;RANDOM;4;4;2102400;2.1024
Quick Sort Paralelo (ForkJoin);true;5000;RANDOM;4;5;16421300;16.4213
Quick Sort Paralelo (ForkJoin);true;5000;RANDOM;8;1;2609700;2.6097
Quick Sort Paralelo (ForkJoin);true;5000;RANDOM;8;2;2120900;2.1209
Quick Sort Paralelo (ForkJoin);true;5000;RANDOM;8;3;2364700;2.3647
Quick Sort Paralelo (ForkJoin);true;5000;RANDOM;8;4;2768600;2.7686
Quick Sort Paralelo (ForkJoin);true;5000;RANDOM;8;5;2391500;2.3915
Merge Sort Serial;false;5000;RANDOM;1;1;1456200;1.4562
Merge Sort Serial;false;5000;RANDOM;1;2;1735200;1.7352
Merge Sort Serial;false;5000;RANDOM;1;3;1056000;1.0560
Merge Sort Serial;false;5000;RANDOM;1;4;1281300;1.2813
Merge Sort Serial;false;5000;RANDOM;1;5;1121200;1.1212
Merge Sort Paralelo (ForkJoin);true;5000;RANDOM;2;1;2281700;2.2817
Merge Sort Paralelo (ForkJoin);true;5000;RANDOM;2;2;3496700;3.4967
Merge Sort Paralelo (ForkJoin);true;5000;RANDOM;2;3;5774200;5.7742
Merge Sort Paralelo (ForkJoin);true;5000;RANDOM;2;4;6786300;6.7863
Merge Sort Paralelo (ForkJoin);true;5000;RANDOM;2;5;2015000;2.0150
Merge Sort Paralelo (ForkJoin);true;5000;RANDOM;4;1;1806800;1.8068
Merge Sort Paralelo (ForkJoin);true;5000;RANDOM;4;2;1535100;1.5351
Merge Sort Paralelo (ForkJoin);true;5000;RANDOM;4;3;1741800;1.7418
Merge Sort Paralelo (ForkJoin);true;5000;RANDOM;4;4;2134800;2.1348
Merge Sort Paralelo (ForkJoin);true;5000;RANDOM;4;5;1622100;1.6221
Merge Sort Paralelo (ForkJoin);true;5000;RANDOM;8;1;2078000;2.0780
Merge Sort Paralelo (ForkJoin);true;5000;RANDOM;8;2;2843200;2.8432
Merge Sort Paralelo (ForkJoin);true;5000;RANDOM;8;3;1894700;1.8947
Merge Sort Paralelo (ForkJoin);true;5000;RANDOM;8;4;1741800;1.7418
Merge Sort Paralelo (ForkJoin);true;5000;RANDOM;8;5;1791300;1.7913
Bubble Sort Serial;false;10000;RANDOM;1;1;150826900;150.8269
Bubble Sort Serial;false;10000;RANDOM;1;2;149997900;149.9979
Bubble Sort Serial;false;10000;RANDOM;1;3;142060900;142.0609
Bubble Sort Serial;false;10000;RANDOM;1;4;156307300;156.3073
Bubble Sort Serial;false;10000;RANDOM;1;5;135254800;135.2548
Bubble Sort Paralelo (Odd-Even);true;10000;RANDOM;2;1;44008000;44.0080
Bubble Sort Paralelo (Odd-Even);true;10000;RANDOM;2;2;47513200;47.5132
Bubble Sort Paralelo (Odd-Even);true;10000;RANDOM;2;3;42047700;42.0477
Bubble Sort Paralelo (Odd-Even);true;10000;RANDOM;2;4;39750300;39.7503
Bubble Sort Paralelo (Odd-Even);true;10000;RANDOM;2;5;38086100;38.0861
Bubble Sort Paralelo (Odd-Even);true;10000;RANDOM;4;1;26083700;26.0837
Bubble Sort Paralelo (Odd-Even);true;10000;RANDOM;4;2;26092300;26.0923
Bubble Sort Paralelo (Odd-Even);true;10000;RANDOM;4;3;26851400;26.8514
Bubble Sort Paralelo (Odd-Even);true;10000;RANDOM;4;4;24742800;24.7428
Bubble Sort Paralelo (Odd-Even);true;10000;RANDOM;4;5;25369300;25.3693
Bubble Sort Paralelo (Odd-Even);true;10000;RANDOM;8;1;63602300;63.6023
Bubble Sort Paralelo (Odd-Even);true;10000;RANDOM;8;2;56517800;56.5178
Bubble Sort Paralelo (Odd-Even);true;10000;RANDOM;8;3;124202200;124.2022
Bubble Sort Paralelo (Odd-Even);true;10000;RANDOM;8;4;78317500;78.3175
Bubble Sort Paralelo (Odd-Even);true;10000;RANDOM;8;5;89452900;89.4529
Insertion Sort Serial;false;10000;RANDOM;1;1;10853300;10.8533
Insertion Sort Serial;false;10000;RANDOM;1;2;10355900;10.3559
Insertion Sort Serial;false;10000;RANDOM;1;3;13067300;13.0673
Insertion Sort Serial;false;10000;RANDOM;1;4;12107900;12.1079
Insertion Sort Serial;false;10000;RANDOM;1;5;10638400;10.6384
Insertion Sort Paralelo (ForkJoin);true;10000;RANDOM;2;1;12301000;12.3010
Insertion Sort Paralelo (ForkJoin);true;10000;RANDOM;2;2;15858500;15.8585
Insertion Sort Paralelo (ForkJoin);true;10000;RANDOM;2;3;9742900;9.7429
Insertion Sort Paralelo (ForkJoin);true;10000;RANDOM;2;4;9942300;9.9423
Insertion Sort Paralelo (ForkJoin);true;10000;RANDOM;2;5;8941200;8.9412
Insertion Sort Paralelo (ForkJoin);true;10000;RANDOM;4;1;5937400;5.9374
Insertion Sort Paralelo (ForkJoin);true;10000;RANDOM;4;2;3539500;3.5395
Insertion Sort Paralelo (ForkJoin);true;10000;RANDOM;4;3;5631700;5.6317
Insertion Sort Paralelo (ForkJoin);true;10000;RANDOM;4;4;5005900;5.0059
Insertion Sort Paralelo (ForkJoin);true;10000;RANDOM;4;5;4625500;4.6255
Insertion Sort Paralelo (ForkJoin);true;10000;RANDOM;8;1;3464600;3.4646
Insertion Sort Paralelo (ForkJoin);true;10000;RANDOM;8;2;3178300;3.1783
Insertion Sort Paralelo (ForkJoin);true;10000;RANDOM;8;3;5428500;5.4285
Insertion Sort Paralelo (ForkJoin);true;10000;RANDOM;8;4;6327500;6.3275
Insertion Sort Paralelo (ForkJoin);true;10000;RANDOM;8;5;4824900;4.8249
Quick Sort Serial;false;10000;RANDOM;1;1;954600;0.9546
Quick Sort Serial;false;10000;RANDOM;1;2;919800;0.9198
Quick Sort Serial;false;10000;RANDOM;1;3;914000;0.9140
Quick Sort Serial;false;10000;RANDOM;1;4;995400;0.9954
Quick Sort Serial;false;10000;RANDOM;1;5;1243400;1.2434
Quick Sort Paralelo (ForkJoin);true;10000;RANDOM;2;1;1709900;1.7099
Quick Sort Paralelo (ForkJoin);true;10000;RANDOM;2;2;1397200;1.3972
Quick Sort Paralelo (ForkJoin);true;10000;RANDOM;2;3;1613900;1.6139
Quick Sort Paralelo (ForkJoin);true;10000;RANDOM;2;4;1653500;1.6535
Quick Sort Paralelo (ForkJoin);true;10000;RANDOM;2;5;5547500;5.5475
Quick Sort Paralelo (ForkJoin);true;10000;RANDOM;4;1;2008000;2.0080
Quick Sort Paralelo (ForkJoin);true;10000;RANDOM;4;2;1844800;1.8448
Quick Sort Paralelo (ForkJoin);true;10000;RANDOM;4;3;1926400;1.9264
Quick Sort Paralelo (ForkJoin);true;10000;RANDOM;4;4;1702800;1.7028
Quick Sort Paralelo (ForkJoin);true;10000;RANDOM;4;5;1807100;1.8071
Quick Sort Paralelo (ForkJoin);true;10000;RANDOM;8;1;1960100;1.9601
Quick Sort Paralelo (ForkJoin);true;10000;RANDOM;8;2;1881700;1.8817
Quick Sort Paralelo (ForkJoin);true;10000;RANDOM;8;3;1828900;1.8289
Quick Sort Paralelo (ForkJoin);true;10000;RANDOM;8;4;1656500;1.6565
Quick Sort Paralelo (ForkJoin);true;10000;RANDOM;8;5;1645800;1.6458
Merge Sort Serial;false;10000;RANDOM;1;1;2097700;2.0977
Merge Sort Serial;false;10000;RANDOM;1;2;2065800;2.0658
Merge Sort Serial;false;10000;RANDOM;1;3;2631100;2.6311
Merge Sort Serial;false;10000;RANDOM;1;4;2120100;2.1201
Merge Sort Serial;false;10000;RANDOM;1;5;2177900;2.1779
Merge Sort Paralelo (ForkJoin);true;10000;RANDOM;2;1;2343200;2.3432
Merge Sort Paralelo (ForkJoin);true;10000;RANDOM;2;2;2436100;2.4361
Merge Sort Paralelo (ForkJoin);true;10000;RANDOM;2;3;2217400;2.2174
Merge Sort Paralelo (ForkJoin);true;10000;RANDOM;2;4;2652400;2.6524
Merge Sort Paralelo (ForkJoin);true;10000;RANDOM;2;5;2811200;2.8112
Merge Sort Paralelo (ForkJoin);true;10000;RANDOM;4;1;1854200;1.8542
Merge Sort Paralelo (ForkJoin);true;10000;RANDOM;4;2;1970300;1.9703
Merge Sort Paralelo (ForkJoin);true;10000;RANDOM;4;3;2039900;2.0399
Merge Sort Paralelo (ForkJoin);true;10000;RANDOM;4;4;2419800;2.4198
Merge Sort Paralelo (ForkJoin);true;10000;RANDOM;4;5;1988800;1.9888
Merge Sort Paralelo (ForkJoin);true;10000;RANDOM;8;1;2517400;2.5174
Merge Sort Paralelo (ForkJoin);true;10000;RANDOM;8;2;2657000;2.6570
Merge Sort Paralelo (ForkJoin);true;10000;RANDOM;8;3;2020100;2.0201
Merge Sort Paralelo (ForkJoin);true;10000;RANDOM;8;4;2310600;2.3106
Merge Sort Paralelo (ForkJoin);true;10000;RANDOM;8;5;2064500;2.0645
Bubble Sort Serial;false;25000;RANDOM;1;1;1239305200;1239.3052
Bubble Sort Serial;false;25000;RANDOM;1;2;1239326300;1239.3263
Bubble Sort Serial;false;25000;RANDOM;1;3;1254027900;1254.0279
Bubble Sort Serial;false;25000;RANDOM;1;4;1218970100;1218.9701
Bubble Sort Serial;false;25000;RANDOM;1;5;1222091800;1222.0918
Bubble Sort Paralelo (Odd-Even);true;25000;RANDOM;2;1;312534200;312.5342
Bubble Sort Paralelo (Odd-Even);true;25000;RANDOM;2;2;293535400;293.5354
Bubble Sort Paralelo (Odd-Even);true;25000;RANDOM;2;3;287961700;287.9617
Bubble Sort Paralelo (Odd-Even);true;25000;RANDOM;2;4;303715500;303.7155
Bubble Sort Paralelo (Odd-Even);true;25000;RANDOM;2;5;280723600;280.7236
Bubble Sort Paralelo (Odd-Even);true;25000;RANDOM;4;1;141763000;141.7630
Bubble Sort Paralelo (Odd-Even);true;25000;RANDOM;4;2;149023700;149.0237
Bubble Sort Paralelo (Odd-Even);true;25000;RANDOM;4;3;167308600;167.3086
Bubble Sort Paralelo (Odd-Even);true;25000;RANDOM;4;4;143880700;143.8807
Bubble Sort Paralelo (Odd-Even);true;25000;RANDOM;4;5;150218500;150.2185
Bubble Sort Paralelo (Odd-Even);true;25000;RANDOM;8;1;329298900;329.2989
Bubble Sort Paralelo (Odd-Even);true;25000;RANDOM;8;2;355632700;355.6327
Bubble Sort Paralelo (Odd-Even);true;25000;RANDOM;8;3;323944300;323.9443
Bubble Sort Paralelo (Odd-Even);true;25000;RANDOM;8;4;346576700;346.5767
Bubble Sort Paralelo (Odd-Even);true;25000;RANDOM;8;5;296862900;296.8629
Insertion Sort Serial;false;25000;RANDOM;1;1;83270200;83.2702
Insertion Sort Serial;false;25000;RANDOM;1;2;76222200;76.2222
Insertion Sort Serial;false;25000;RANDOM;1;3;77287800;77.2878
Insertion Sort Serial;false;25000;RANDOM;1;4;72798000;72.7980
Insertion Sort Serial;false;25000;RANDOM;1;5;78076000;78.0760
Insertion Sort Paralelo (ForkJoin);true;25000;RANDOM;2;1;62111300;62.1113
Insertion Sort Paralelo (ForkJoin);true;25000;RANDOM;2;2;59708500;59.7085
Insertion Sort Paralelo (ForkJoin);true;25000;RANDOM;2;3;69383800;69.3838
Insertion Sort Paralelo (ForkJoin);true;25000;RANDOM;2;4;59200200;59.2002
Insertion Sort Paralelo (ForkJoin);true;25000;RANDOM;2;5;63548900;63.5489
Insertion Sort Paralelo (ForkJoin);true;25000;RANDOM;4;1;28437400;28.4374
Insertion Sort Paralelo (ForkJoin);true;25000;RANDOM;4;2;15119900;15.1199
Insertion Sort Paralelo (ForkJoin);true;25000;RANDOM;4;3;20305000;20.3050
Insertion Sort Paralelo (ForkJoin);true;25000;RANDOM;4;4;20925400;20.9254
Insertion Sort Paralelo (ForkJoin);true;25000;RANDOM;4;5;22251000;22.2510
Insertion Sort Paralelo (ForkJoin);true;25000;RANDOM;8;1;9903700;9.9037
Insertion Sort Paralelo (ForkJoin);true;25000;RANDOM;8;2;11477700;11.4777
Insertion Sort Paralelo (ForkJoin);true;25000;RANDOM;8;3;9097300;9.0973
Insertion Sort Paralelo (ForkJoin);true;25000;RANDOM;8;4;9642100;9.6421
Insertion Sort Paralelo (ForkJoin);true;25000;RANDOM;8;5;9828900;9.8289
Quick Sort Serial;false;25000;RANDOM;1;1;2567400;2.5674
Quick Sort Serial;false;25000;RANDOM;1;2;2562100;2.5621
Quick Sort Serial;false;25000;RANDOM;1;3;2679300;2.6793
Quick Sort Serial;false;25000;RANDOM;1;4;2605600;2.6056
Quick Sort Serial;false;25000;RANDOM;1;5;2505100;2.5051
Quick Sort Paralelo (ForkJoin);true;25000;RANDOM;2;1;2633100;2.6331
Quick Sort Paralelo (ForkJoin);true;25000;RANDOM;2;2;2249900;2.2499
Quick Sort Paralelo (ForkJoin);true;25000;RANDOM;2;3;2367200;2.3672
Quick Sort Paralelo (ForkJoin);true;25000;RANDOM;2;4;2713100;2.7131
Quick Sort Paralelo (ForkJoin);true;25000;RANDOM;2;5;3117500;3.1175
Quick Sort Paralelo (ForkJoin);true;25000;RANDOM;4;1;2549400;2.5494
Quick Sort Paralelo (ForkJoin);true;25000;RANDOM;4;2;2645600;2.6456
Quick Sort Paralelo (ForkJoin);true;25000;RANDOM;4;3;2638200;2.6382
Quick Sort Paralelo (ForkJoin);true;25000;RANDOM;4;4;2644900;2.6449
Quick Sort Paralelo (ForkJoin);true;25000;RANDOM;4;5;2132900;2.1329
Quick Sort Paralelo (ForkJoin);true;25000;RANDOM;8;1;2285400;2.2854
Quick Sort Paralelo (ForkJoin);true;25000;RANDOM;8;2;2328100;2.3281
Quick Sort Paralelo (ForkJoin);true;25000;RANDOM;8;3;2403400;2.4034
Quick Sort Paralelo (ForkJoin);true;25000;RANDOM;8;4;2456800;2.4568
Quick Sort Paralelo (ForkJoin);true;25000;RANDOM;8;5;2542800;2.5428
Merge Sort Serial;false;25000;RANDOM;1;1;5615800;5.6158
Merge Sort Serial;false;25000;RANDOM;1;2;5874100;5.8741
Merge Sort Serial;false;25000;RANDOM;1;3;6548300;6.5483
Merge Sort Serial;false;25000;RANDOM;1;4;6725300;6.7253
Merge Sort Serial;false;25000;RANDOM;1;5;5552600;5.5526
Merge Sort Paralelo (ForkJoin);true;25000;RANDOM;2;1;4147100;4.1471
Merge Sort Paralelo (ForkJoin);true;25000;RANDOM;2;2;4261200;4.2612
Merge Sort Paralelo (ForkJoin);true;25000;RANDOM;2;3;4217800;4.2178
Merge Sort Paralelo (ForkJoin);true;25000;RANDOM;2;4;4647000;4.6470
Merge Sort Paralelo (ForkJoin);true;25000;RANDOM;2;5;4667500;4.6675
Merge Sort Paralelo (ForkJoin);true;25000;RANDOM;4;1;3343100;3.3431
Merge Sort Paralelo (ForkJoin);true;25000;RANDOM;4;2;2996700;2.9967
Merge Sort Paralelo (ForkJoin);true;25000;RANDOM;4;3;3091100;3.0911
Merge Sort Paralelo (ForkJoin);true;25000;RANDOM;4;4;3342200;3.3422
Merge Sort Paralelo (ForkJoin);true;25000;RANDOM;4;5;3056600;3.0566
Merge Sort Paralelo (ForkJoin);true;25000;RANDOM;8;1;3473500;3.4735
Merge Sort Paralelo (ForkJoin);true;25000;RANDOM;8;2;3241900;3.2419
Merge Sort Paralelo (ForkJoin);true;25000;RANDOM;8;3;3239700;3.2397
Merge Sort Paralelo (ForkJoin);true;25000;RANDOM;8;4;3201000;3.2010
Merge Sort Paralelo (ForkJoin);true;25000;RANDOM;8;5;3724500;3.7245
Bubble Sort Serial;false;50000;RANDOM;1;1;5327454700;5327.4547
Bubble Sort Serial;false;50000;RANDOM;1;2;5221602100;5221.6021
Bubble Sort Serial;false;50000;RANDOM;1;3;5436771500;5436.7715
Bubble Sort Serial;false;50000;RANDOM;1;4;5255639800;5255.6398
Bubble Sort Serial;false;50000;RANDOM;1;5;5221416100;5221.4161
Bubble Sort Paralelo (Odd-Even);true;50000;RANDOM;2;1;1273541300;1273.5413
Bubble Sort Paralelo (Odd-Even);true;50000;RANDOM;2;2;1152997700;1152.9977
Bubble Sort Paralelo (Odd-Even);true;50000;RANDOM;2;3;1180108800;1180.1088
Bubble Sort Paralelo (Odd-Even);true;50000;RANDOM;2;4;1192088900;1192.0889
Bubble Sort Paralelo (Odd-Even);true;50000;RANDOM;2;5;1156322900;1156.3229
Bubble Sort Paralelo (Odd-Even);true;50000;RANDOM;4;1;587832700;587.8327
Bubble Sort Paralelo (Odd-Even);true;50000;RANDOM;4;2;588147700;588.1477
Bubble Sort Paralelo (Odd-Even);true;50000;RANDOM;4;3;570574900;570.5749
Bubble Sort Paralelo (Odd-Even);true;50000;RANDOM;4;4;590795500;590.7955
Bubble Sort Paralelo (Odd-Even);true;50000;RANDOM;4;5;587108700;587.1087
Bubble Sort Paralelo (Odd-Even);true;50000;RANDOM;8;1;869263800;869.2638
Bubble Sort Paralelo (Odd-Even);true;50000;RANDOM;8;2;917911300;917.9113
Bubble Sort Paralelo (Odd-Even);true;50000;RANDOM;8;3;1028133400;1028.1334
Bubble Sort Paralelo (Odd-Even);true;50000;RANDOM;8;4;1148919300;1148.9193
Bubble Sort Paralelo (Odd-Even);true;50000;RANDOM;8;5;1237718200;1237.7182
Insertion Sort Serial;false;50000;RANDOM;1;1;293186300;293.1863
Insertion Sort Serial;false;50000;RANDOM;1;2;286137200;286.1372
Insertion Sort Serial;false;50000;RANDOM;1;3;279822000;279.8220
Insertion Sort Serial;false;50000;RANDOM;1;4;305775200;305.7752
Insertion Sort Serial;false;50000;RANDOM;1;5;293997000;293.9970
Insertion Sort Paralelo (ForkJoin);true;50000;RANDOM;2;1;231671000;231.6710
Insertion Sort Paralelo (ForkJoin);true;50000;RANDOM;2;2;241480500;241.4805
Insertion Sort Paralelo (ForkJoin);true;50000;RANDOM;2;3;227075600;227.0756
Insertion Sort Paralelo (ForkJoin);true;50000;RANDOM;2;4;240654100;240.6541
Insertion Sort Paralelo (ForkJoin);true;50000;RANDOM;2;5;234436800;234.4368
Insertion Sort Paralelo (ForkJoin);true;50000;RANDOM;4;1;81465100;81.4651
Insertion Sort Paralelo (ForkJoin);true;50000;RANDOM;4;2;74879300;74.8793
Insertion Sort Paralelo (ForkJoin);true;50000;RANDOM;4;3;88420700;88.4207
Insertion Sort Paralelo (ForkJoin);true;50000;RANDOM;4;4;64367700;64.3677
Insertion Sort Paralelo (ForkJoin);true;50000;RANDOM;4;5;81541000;81.5410
Insertion Sort Paralelo (ForkJoin);true;50000;RANDOM;8;1;31340800;31.3408
Insertion Sort Paralelo (ForkJoin);true;50000;RANDOM;8;2;30973300;30.9733
Insertion Sort Paralelo (ForkJoin);true;50000;RANDOM;8;3;29527600;29.5276
Insertion Sort Paralelo (ForkJoin);true;50000;RANDOM;8;4;42077100;42.0771
Insertion Sort Paralelo (ForkJoin);true;50000;RANDOM;8;5;35635900;35.6359
Quick Sort Serial;false;50000;RANDOM;1;1;5584000;5.5840
Quick Sort Serial;false;50000;RANDOM;1;2;5674200;5.6742
Quick Sort Serial;false;50000;RANDOM;1;3;5636500;5.6365
Quick Sort Serial;false;50000;RANDOM;1;4;5411700;5.4117
Quick Sort Serial;false;50000;RANDOM;1;5;5821500;5.8215
Quick Sort Paralelo (ForkJoin);true;50000;RANDOM;2;1;4029000;4.0290
Quick Sort Paralelo (ForkJoin);true;50000;RANDOM;2;2;3834900;3.8349
Quick Sort Paralelo (ForkJoin);true;50000;RANDOM;2;3;4974300;4.9743
Quick Sort Paralelo (ForkJoin);true;50000;RANDOM;2;4;4852200;4.8522
Quick Sort Paralelo (ForkJoin);true;50000;RANDOM;2;5;4017700;4.0177
Quick Sort Paralelo (ForkJoin);true;50000;RANDOM;4;1;3134200;3.1342
Quick Sort Paralelo (ForkJoin);true;50000;RANDOM;4;2;3472600;3.4726
Quick Sort Paralelo (ForkJoin);true;50000;RANDOM;4;3;3158500;3.1585
Quick Sort Paralelo (ForkJoin);true;50000;RANDOM;4;4;3047300;3.0473
Quick Sort Paralelo (ForkJoin);true;50000;RANDOM;4;5;3296000;3.2960
Quick Sort Paralelo (ForkJoin);true;50000;RANDOM;8;1;2958500;2.9585
Quick Sort Paralelo (ForkJoin);true;50000;RANDOM;8;2;3148300;3.1483
Quick Sort Paralelo (ForkJoin);true;50000;RANDOM;8;3;3309500;3.3095
Quick Sort Paralelo (ForkJoin);true;50000;RANDOM;8;4;5134300;5.1343
Quick Sort Paralelo (ForkJoin);true;50000;RANDOM;8;5;3834500;3.8345
Merge Sort Serial;false;50000;RANDOM;1;1;13365700;13.3657
Merge Sort Serial;false;50000;RANDOM;1;2;11958200;11.9582
Merge Sort Serial;false;50000;RANDOM;1;3;12291000;12.2910
Merge Sort Serial;false;50000;RANDOM;1;4;11358900;11.3589
Merge Sort Serial;false;50000;RANDOM;1;5;11653400;11.6534
Merge Sort Paralelo (ForkJoin);true;50000;RANDOM;2;1;6906700;6.9067
Merge Sort Paralelo (ForkJoin);true;50000;RANDOM;2;2;9474900;9.4749
Merge Sort Paralelo (ForkJoin);true;50000;RANDOM;2;3;8656000;8.6560
Merge Sort Paralelo (ForkJoin);true;50000;RANDOM;2;4;7217400;7.2174
Merge Sort Paralelo (ForkJoin);true;50000;RANDOM;2;5;6840100;6.8401
Merge Sort Paralelo (ForkJoin);true;50000;RANDOM;4;1;4279000;4.2790
Merge Sort Paralelo (ForkJoin);true;50000;RANDOM;4;2;4725200;4.7252
Merge Sort Paralelo (ForkJoin);true;50000;RANDOM;4;3;5427900;5.4279
Merge Sort Paralelo (ForkJoin);true;50000;RANDOM;4;4;4664200;4.6642
Merge Sort Paralelo (ForkJoin);true;50000;RANDOM;4;5;5139600;5.1396
Merge Sort Paralelo (ForkJoin);true;50000;RANDOM;8;1;3808100;3.8081
Merge Sort Paralelo (ForkJoin);true;50000;RANDOM;8;2;4332400;4.3324
Merge Sort Paralelo (ForkJoin);true;50000;RANDOM;8;3;4226900;4.2269
Merge Sort Paralelo (ForkJoin);true;50000;RANDOM;8;4;4208400;4.2084
Merge Sort Paralelo (ForkJoin);true;50000;RANDOM;8;5;4222700;4.2227
Bubble Sort Serial;false;1000;NEARLY_SORTED;1;1;595300;0.5953
Bubble Sort Serial;false;1000;NEARLY_SORTED;1;2;604300;0.6043
Bubble Sort Serial;false;1000;NEARLY_SORTED;1;3;375300;0.3753
Bubble Sort Serial;false;1000;NEARLY_SORTED;1;4;530800;0.5308
Bubble Sort Serial;false;1000;NEARLY_SORTED;1;5;618200;0.6182
Bubble Sort Paralelo (Odd-Even);true;1000;NEARLY_SORTED;2;1;1381700;1.3817
Bubble Sort Paralelo (Odd-Even);true;1000;NEARLY_SORTED;2;2;1604300;1.6043
Bubble Sort Paralelo (Odd-Even);true;1000;NEARLY_SORTED;2;3;2946400;2.9464
Bubble Sort Paralelo (Odd-Even);true;1000;NEARLY_SORTED;2;4;1057900;1.0579
Bubble Sort Paralelo (Odd-Even);true;1000;NEARLY_SORTED;2;5;1446200;1.4462
Bubble Sort Paralelo (Odd-Even);true;1000;NEARLY_SORTED;4;1;1788100;1.7881
Bubble Sort Paralelo (Odd-Even);true;1000;NEARLY_SORTED;4;2;1575600;1.5756
Bubble Sort Paralelo (Odd-Even);true;1000;NEARLY_SORTED;4;3;1811500;1.8115
Bubble Sort Paralelo (Odd-Even);true;1000;NEARLY_SORTED;4;4;1640000;1.6400
Bubble Sort Paralelo (Odd-Even);true;1000;NEARLY_SORTED;4;5;1614200;1.6142
Bubble Sort Paralelo (Odd-Even);true;1000;NEARLY_SORTED;8;1;6024200;6.0242
Bubble Sort Paralelo (Odd-Even);true;1000;NEARLY_SORTED;8;2;59413200;59.4132
Bubble Sort Paralelo (Odd-Even);true;1000;NEARLY_SORTED;8;3;12419400;12.4194
Bubble Sort Paralelo (Odd-Even);true;1000;NEARLY_SORTED;8;4;29530700;29.5307
Bubble Sort Paralelo (Odd-Even);true;1000;NEARLY_SORTED;8;5;26930500;26.9305
Insertion Sort Serial;false;1000;NEARLY_SORTED;1;1;35000;0.0350
Insertion Sort Serial;false;1000;NEARLY_SORTED;1;2;36200;0.0362
Insertion Sort Serial;false;1000;NEARLY_SORTED;1;3;34600;0.0346
Insertion Sort Serial;false;1000;NEARLY_SORTED;1;4;38200;0.0382
Insertion Sort Serial;false;1000;NEARLY_SORTED;1;5;29300;0.0293
Insertion Sort Paralelo (ForkJoin);true;1000;NEARLY_SORTED;2;1;1744100;1.7441
Insertion Sort Paralelo (ForkJoin);true;1000;NEARLY_SORTED;2;2;940600;0.9406
Insertion Sort Paralelo (ForkJoin);true;1000;NEARLY_SORTED;2;3;929700;0.9297
Insertion Sort Paralelo (ForkJoin);true;1000;NEARLY_SORTED;2;4;1439700;1.4397
Insertion Sort Paralelo (ForkJoin);true;1000;NEARLY_SORTED;2;5;4586600;4.5866
Insertion Sort Paralelo (ForkJoin);true;1000;NEARLY_SORTED;4;1;1163600;1.1636
Insertion Sort Paralelo (ForkJoin);true;1000;NEARLY_SORTED;4;2;926900;0.9269
Insertion Sort Paralelo (ForkJoin);true;1000;NEARLY_SORTED;4;3;931800;0.9318
Insertion Sort Paralelo (ForkJoin);true;1000;NEARLY_SORTED;4;4;1024000;1.0240
Insertion Sort Paralelo (ForkJoin);true;1000;NEARLY_SORTED;4;5;914900;0.9149
Insertion Sort Paralelo (ForkJoin);true;1000;NEARLY_SORTED;8;1;1053800;1.0538
Insertion Sort Paralelo (ForkJoin);true;1000;NEARLY_SORTED;8;2;1153900;1.1539
Insertion Sort Paralelo (ForkJoin);true;1000;NEARLY_SORTED;8;3;1388100;1.3881
Insertion Sort Paralelo (ForkJoin);true;1000;NEARLY_SORTED;8;4;1063200;1.0632
Insertion Sort Paralelo (ForkJoin);true;1000;NEARLY_SORTED;8;5;1270900;1.2709
Quick Sort Serial;false;1000;NEARLY_SORTED;1;1;72800;0.0728
Quick Sort Serial;false;1000;NEARLY_SORTED;1;2;67100;0.0671
Quick Sort Serial;false;1000;NEARLY_SORTED;1;3;67100;0.0671
Quick Sort Serial;false;1000;NEARLY_SORTED;1;4;66500;0.0665
Quick Sort Serial;false;1000;NEARLY_SORTED;1;5;71400;0.0714
Quick Sort Paralelo (ForkJoin);true;1000;NEARLY_SORTED;2;1;1757800;1.7578
Quick Sort Paralelo (ForkJoin);true;1000;NEARLY_SORTED;2;2;832300;0.8323
Quick Sort Paralelo (ForkJoin);true;1000;NEARLY_SORTED;2;3;2947500;2.9475
Quick Sort Paralelo (ForkJoin);true;1000;NEARLY_SORTED;2;4;1797000;1.7970
Quick Sort Paralelo (ForkJoin);true;1000;NEARLY_SORTED;2;5;1006000;1.0060
Quick Sort Paralelo (ForkJoin);true;1000;NEARLY_SORTED;4;1;1221600;1.2216
Quick Sort Paralelo (ForkJoin);true;1000;NEARLY_SORTED;4;2;1074800;1.0748
Quick Sort Paralelo (ForkJoin);true;1000;NEARLY_SORTED;4;3;1069600;1.0696
Quick Sort Paralelo (ForkJoin);true;1000;NEARLY_SORTED;4;4;1062400;1.0624
Quick Sort Paralelo (ForkJoin);true;1000;NEARLY_SORTED;4;5;995000;0.9950
Quick Sort Paralelo (ForkJoin);true;1000;NEARLY_SORTED;8;1;843000;0.8430
Quick Sort Paralelo (ForkJoin);true;1000;NEARLY_SORTED;8;2;1124400;1.1244
Quick Sort Paralelo (ForkJoin);true;1000;NEARLY_SORTED;8;3;781500;0.7815
Quick Sort Paralelo (ForkJoin);true;1000;NEARLY_SORTED;8;4;922500;0.9225
Quick Sort Paralelo (ForkJoin);true;1000;NEARLY_SORTED;8;5;1189200;1.1892
Merge Sort Serial;false;1000;NEARLY_SORTED;1;1;426800;0.4268
Merge Sort Serial;false;1000;NEARLY_SORTED;1;2;226300;0.2263
Merge Sort Serial;false;1000;NEARLY_SORTED;1;3;306900;0.3069
Merge Sort Serial;false;1000;NEARLY_SORTED;1;4;211100;0.2111
Merge Sort Serial;false;1000;NEARLY_SORTED;1;5;223200;0.2232
Merge Sort Paralelo (ForkJoin);true;1000;NEARLY_SORTED;2;1;1092700;1.0927
Merge Sort Paralelo (ForkJoin);true;1000;NEARLY_SORTED;2;2;1889600;1.8896
Merge Sort Paralelo (ForkJoin);true;1000;NEARLY_SORTED;2;3;1008800;1.0088
Merge Sort Paralelo (ForkJoin);true;1000;NEARLY_SORTED;2;4;870600;0.8706
Merge Sort Paralelo (ForkJoin);true;1000;NEARLY_SORTED;2;5;1113000;1.1130
Merge Sort Paralelo (ForkJoin);true;1000;NEARLY_SORTED;4;1;845400;0.8454
Merge Sort Paralelo (ForkJoin);true;1000;NEARLY_SORTED;4;2;1040000;1.0400
Merge Sort Paralelo (ForkJoin);true;1000;NEARLY_SORTED;4;3;959800;0.9598
Merge Sort Paralelo (ForkJoin);true;1000;NEARLY_SORTED;4;4;1297600;1.2976
Merge Sort Paralelo (ForkJoin);true;1000;NEARLY_SORTED;4;5;971500;0.9715
Merge Sort Paralelo (ForkJoin);true;1000;NEARLY_SORTED;8;1;1014400;1.0144
Merge Sort Paralelo (ForkJoin);true;1000;NEARLY_SORTED;8;2;1084200;1.0842
Merge Sort Paralelo (ForkJoin);true;1000;NEARLY_SORTED;8;3;851800;0.8518
Merge Sort Paralelo (ForkJoin);true;1000;NEARLY_SORTED;8;4;1070400;1.0704
Merge Sort Paralelo (ForkJoin);true;1000;NEARLY_SORTED;8;5;1084100;1.0841
Bubble Sort Serial;false;5000;NEARLY_SORTED;1;1;10373900;10.3739
Bubble Sort Serial;false;5000;NEARLY_SORTED;1;2;11368800;11.3688
Bubble Sort Serial;false;5000;NEARLY_SORTED;1;3;12120100;12.1201
Bubble Sort Serial;false;5000;NEARLY_SORTED;1;4;13803100;13.8031
Bubble Sort Serial;false;5000;NEARLY_SORTED;1;5;15188600;15.1886
Bubble Sort Paralelo (Odd-Even);true;5000;NEARLY_SORTED;2;1;32610800;32.6108
Bubble Sort Paralelo (Odd-Even);true;5000;NEARLY_SORTED;2;2;29714200;29.7142
Bubble Sort Paralelo (Odd-Even);true;5000;NEARLY_SORTED;2;3;22670100;22.6701
Bubble Sort Paralelo (Odd-Even);true;5000;NEARLY_SORTED;2;4;31976000;31.9760
Bubble Sort Paralelo (Odd-Even);true;5000;NEARLY_SORTED;2;5;13851900;13.8519
Bubble Sort Paralelo (Odd-Even);true;5000;NEARLY_SORTED;4;1;37437100;37.4371
Bubble Sort Paralelo (Odd-Even);true;5000;NEARLY_SORTED;4;2;54519300;54.5193
Bubble Sort Paralelo (Odd-Even);true;5000;NEARLY_SORTED;4;3;71662700;71.6627
Bubble Sort Paralelo (Odd-Even);true;5000;NEARLY_SORTED;4;4;104847900;104.8479
Bubble Sort Paralelo (Odd-Even);true;5000;NEARLY_SORTED;4;5;7964700;7.9647
Bubble Sort Paralelo (Odd-Even);true;5000;NEARLY_SORTED;8;1;13283400;13.2834
Bubble Sort Paralelo (Odd-Even);true;5000;NEARLY_SORTED;8;2;18212800;18.2128
Bubble Sort Paralelo (Odd-Even);true;5000;NEARLY_SORTED;8;3;70144000;70.1440
Bubble Sort Paralelo (Odd-Even);true;5000;NEARLY_SORTED;8;4;34410600;34.4106
Bubble Sort Paralelo (Odd-Even);true;5000;NEARLY_SORTED;8;5;18556900;18.5569
Insertion Sort Serial;false;5000;NEARLY_SORTED;1;1;346300;0.3463
Insertion Sort Serial;false;5000;NEARLY_SORTED;1;2;550400;0.5504
Insertion Sort Serial;false;5000;NEARLY_SORTED;1;3;351800;0.3518
Insertion Sort Serial;false;5000;NEARLY_SORTED;1;4;601400;0.6014
Insertion Sort Serial;false;5000;NEARLY_SORTED;1;5;345500;0.3455
Insertion Sort Paralelo (ForkJoin);true;5000;NEARLY_SORTED;2;1;1470200;1.4702
Insertion Sort Paralelo (ForkJoin);true;5000;NEARLY_SORTED;2;2;1286100;1.2861
Insertion Sort Paralelo (ForkJoin);true;5000;NEARLY_SORTED;2;3;1466800;1.4668
Insertion Sort Paralelo (ForkJoin);true;5000;NEARLY_SORTED;2;4;1549400;1.5494
Insertion Sort Paralelo (ForkJoin);true;5000;NEARLY_SORTED;2;5;1290800;1.2908
Insertion Sort Paralelo (ForkJoin);true;5000;NEARLY_SORTED;4;1;1997900;1.9979
Insertion Sort Paralelo (ForkJoin);true;5000;NEARLY_SORTED;4;2;1204500;1.2045
Insertion Sort Paralelo (ForkJoin);true;5000;NEARLY_SORTED;4;3;1481200;1.4812
Insertion Sort Paralelo (ForkJoin);true;5000;NEARLY_SORTED;4;4;1147600;1.1476
Insertion Sort Paralelo (ForkJoin);true;5000;NEARLY_SORTED;4;5;1211200;1.2112
Insertion Sort Paralelo (ForkJoin);true;5000;NEARLY_SORTED;8;1;1580000;1.5800
Insertion Sort Paralelo (ForkJoin);true;5000;NEARLY_SORTED;8;2;1494900;1.4949
Insertion Sort Paralelo (ForkJoin);true;5000;NEARLY_SORTED;8;3;1434300;1.4343
Insertion Sort Paralelo (ForkJoin);true;5000;NEARLY_SORTED;8;4;1183900;1.1839
Insertion Sort Paralelo (ForkJoin);true;5000;NEARLY_SORTED;8;5;1565900;1.5659
Quick Sort Serial;false;5000;NEARLY_SORTED;1;1;340300;0.3403
Quick Sort Serial;false;5000;NEARLY_SORTED;1;2;271100;0.2711
Quick Sort Serial;false;5000;NEARLY_SORTED;1;3;357400;0.3574
Quick Sort Serial;false;5000;NEARLY_SORTED;1;4;313700;0.3137
Quick Sort Serial;false;5000;NEARLY_SORTED;1;5;472200;0.4722
Quick Sort Paralelo (ForkJoin);true;5000;NEARLY_SORTED;2;1;1172500;1.1725
Quick Sort Paralelo (ForkJoin);true;5000;NEARLY_SORTED;2;2;1057600;1.0576
Quick Sort Paralelo (ForkJoin);true;5000;NEARLY_SORTED;2;3;1168100;1.1681
Quick Sort Paralelo (ForkJoin);true;5000;NEARLY_SORTED;2;4;1072700;1.0727
Quick Sort Paralelo (ForkJoin);true;5000;NEARLY_SORTED;2;5;1288500;1.2885
Quick Sort Paralelo (ForkJoin);true;5000;NEARLY_SORTED;4;1;4102300;4.1023
Quick Sort Paralelo (ForkJoin);true;5000;NEARLY_SORTED;4;2;1348300;1.3483
Quick Sort Paralelo (ForkJoin);true;5000;NEARLY_SORTED;4;3;1544000;1.5440
Quick Sort Paralelo (ForkJoin);true;5000;NEARLY_SORTED;4;4;1199000;1.1990
Quick Sort Paralelo (ForkJoin);true;5000;NEARLY_SORTED;4;5;1230200;1.2302
Quick Sort Paralelo (ForkJoin);true;5000;NEARLY_SORTED;8;1;1423500;1.4235
Quick Sort Paralelo (ForkJoin);true;5000;NEARLY_SORTED;8;2;1743900;1.7439
Quick Sort Paralelo (ForkJoin);true;5000;NEARLY_SORTED;8;3;1646700;1.6467
Quick Sort Paralelo (ForkJoin);true;5000;NEARLY_SORTED;8;4;1965300;1.9653
Quick Sort Paralelo (ForkJoin);true;5000;NEARLY_SORTED;8;5;2574400;2.5744
Merge Sort Serial;false;5000;NEARLY_SORTED;1;1;775800;0.7758
Merge Sort Serial;false;5000;NEARLY_SORTED;1;2;1031100;1.0311
Merge Sort Serial;false;5000;NEARLY_SORTED;1;3;967900;0.9679
Merge Sort Serial;false;5000;NEARLY_SORTED;1;4;937400;0.9374
Merge Sort Serial;false;5000;NEARLY_SORTED;1;5;676200;0.6762
Merge Sort Paralelo (ForkJoin);true;5000;NEARLY_SORTED;2;1;1337300;1.3373
Merge Sort Paralelo (ForkJoin);true;5000;NEARLY_SORTED;2;2;1234600;1.2346
Merge Sort Paralelo (ForkJoin);true;5000;NEARLY_SORTED;2;3;1412700;1.4127
Merge Sort Paralelo (ForkJoin);true;5000;NEARLY_SORTED;2;4;1518900;1.5189
Merge Sort Paralelo (ForkJoin);true;5000;NEARLY_SORTED;2;5;1430800;1.4308
Merge Sort Paralelo (ForkJoin);true;5000;NEARLY_SORTED;4;1;2015300;2.0153
Merge Sort Paralelo (ForkJoin);true;5000;NEARLY_SORTED;4;2;1468000;1.4680
Merge Sort Paralelo (ForkJoin);true;5000;NEARLY_SORTED;4;3;1401500;1.4015
Merge Sort Paralelo (ForkJoin);true;5000;NEARLY_SORTED;4;4;1353300;1.3533
Merge Sort Paralelo (ForkJoin);true;5000;NEARLY_SORTED;4;5;1338800;1.3388
Merge Sort Paralelo (ForkJoin);true;5000;NEARLY_SORTED;8;1;1430600;1.4306
Merge Sort Paralelo (ForkJoin);true;5000;NEARLY_SORTED;8;2;1512600;1.5126
Merge Sort Paralelo (ForkJoin);true;5000;NEARLY_SORTED;8;3;1829300;1.8293
Merge Sort Paralelo (ForkJoin);true;5000;NEARLY_SORTED;8;4;1841800;1.8418
Merge Sort Paralelo (ForkJoin);true;5000;NEARLY_SORTED;8;5;1802500;1.8025
Bubble Sort Serial;false;10000;NEARLY_SORTED;1;1;43017800;43.0178
Bubble Sort Serial;false;10000;NEARLY_SORTED;1;2;38553300;38.5533
Bubble Sort Serial;false;10000;NEARLY_SORTED;1;3;44048800;44.0488
Bubble Sort Serial;false;10000;NEARLY_SORTED;1;4;45780900;45.7809
Bubble Sort Serial;false;10000;NEARLY_SORTED;1;5;38874700;38.8747
Bubble Sort Paralelo (Odd-Even);true;10000;NEARLY_SORTED;2;1;37942100;37.9421
Bubble Sort Paralelo (Odd-Even);true;10000;NEARLY_SORTED;2;2;37376300;37.3763
Bubble Sort Paralelo (Odd-Even);true;10000;NEARLY_SORTED;2;3;33974400;33.9744
Bubble Sort Paralelo (Odd-Even);true;10000;NEARLY_SORTED;2;4;30842100;30.8421
Bubble Sort Paralelo (Odd-Even);true;10000;NEARLY_SORTED;2;5;35201900;35.2019
Bubble Sort Paralelo (Odd-Even);true;10000;NEARLY_SORTED;4;1;28105300;28.1053
Bubble Sort Paralelo (Odd-Even);true;10000;NEARLY_SORTED;4;2;25410600;25.4106
Bubble Sort Paralelo (Odd-Even);true;10000;NEARLY_SORTED;4;3;23577200;23.5772
Bubble Sort Paralelo (Odd-Even);true;10000;NEARLY_SORTED;4;4;22619000;22.6190
Bubble Sort Paralelo (Odd-Even);true;10000;NEARLY_SORTED;4;5;22485300;22.4853
Bubble Sort Paralelo (Odd-Even);true;10000;NEARLY_SORTED;8;1;49092400;49.0924
Bubble Sort Paralelo (Odd-Even);true;10000;NEARLY_SORTED;8;2;68435800;68.4358
Bubble Sort Paralelo (Odd-Even);true;10000;NEARLY_SORTED;8;3;60374100;60.3741
Bubble Sort Paralelo (Odd-Even);true;10000;NEARLY_SORTED;8;4;53926900;53.9269
Bubble Sort Paralelo (Odd-Even);true;10000;NEARLY_SORTED;8;5;43142800;43.1428
Insertion Sort Serial;false;10000;NEARLY_SORTED;1;1;1378200;1.3782
Insertion Sort Serial;false;10000;NEARLY_SORTED;1;2;1461800;1.4618
Insertion Sort Serial;false;10000;NEARLY_SORTED;1;3;1425800;1.4258
Insertion Sort Serial;false;10000;NEARLY_SORTED;1;4;1946500;1.9465
Insertion Sort Serial;false;10000;NEARLY_SORTED;1;5;2401600;2.4016
Insertion Sort Paralelo (ForkJoin);true;10000;NEARLY_SORTED;2;1;3060300;3.0603
Insertion Sort Paralelo (ForkJoin);true;10000;NEARLY_SORTED;2;2;3767800;3.7678
Insertion Sort Paralelo (ForkJoin);true;10000;NEARLY_SORTED;2;3;2585200;2.5852
Insertion Sort Paralelo (ForkJoin);true;10000;NEARLY_SORTED;2;4;2350800;2.3508
Insertion Sort Paralelo (ForkJoin);true;10000;NEARLY_SORTED;2;5;3114700;3.1147
Insertion Sort Paralelo (ForkJoin);true;10000;NEARLY_SORTED;4;1;2646400;2.6464
Insertion Sort Paralelo (ForkJoin);true;10000;NEARLY_SORTED;4;2;1779700;1.7797
Insertion Sort Paralelo (ForkJoin);true;10000;NEARLY_SORTED;4;3;1656800;1.6568
Insertion Sort Paralelo (ForkJoin);true;10000;NEARLY_SORTED;4;4;2174300;2.1743
Insertion Sort Paralelo (ForkJoin);true;10000;NEARLY_SORTED;4;5;2080700;2.0807
Insertion Sort Paralelo (ForkJoin);true;10000;NEARLY_SORTED;8;1;2197600;2.1976
Insertion Sort Paralelo (ForkJoin);true;10000;NEARLY_SORTED;8;2;2001300;2.0013
Insertion Sort Paralelo (ForkJoin);true;10000;NEARLY_SORTED;8;3;2260400;2.2604
Insertion Sort Paralelo (ForkJoin);true;10000;NEARLY_SORTED;8;4;2121700;2.1217
Insertion Sort Paralelo (ForkJoin);true;10000;NEARLY_SORTED;8;5;1952600;1.9526
Quick Sort Serial;false;10000;NEARLY_SORTED;1;1;733100;0.7331
Quick Sort Serial;false;10000;NEARLY_SORTED;1;2;701600;0.7016
Quick Sort Serial;false;10000;NEARLY_SORTED;1;3;580500;0.5805
Quick Sort Serial;false;10000;NEARLY_SORTED;1;4;724300;0.7243
Quick Sort Serial;false;10000;NEARLY_SORTED;1;5;557600;0.5576
Quick Sort Paralelo (ForkJoin);true;10000;NEARLY_SORTED;2;1;1461100;1.4611
Quick Sort Paralelo (ForkJoin);true;10000;NEARLY_SORTED;2;2;1306100;1.3061
Quick Sort Paralelo (ForkJoin);true;10000;NEARLY_SORTED;2;3;1548300;1.5483
Quick Sort Paralelo (ForkJoin);true;10000;NEARLY_SORTED;2;4;1881000;1.8810
Quick Sort Paralelo (ForkJoin);true;10000;NEARLY_SORTED;2;5;1225900;1.2259
Quick Sort Paralelo (ForkJoin);true;10000;NEARLY_SORTED;4;1;1884500;1.8845
Quick Sort Paralelo (ForkJoin);true;10000;NEARLY_SORTED;4;2;1705900;1.7059
Quick Sort Paralelo (ForkJoin);true;10000;NEARLY_SORTED;4;3;1347000;1.3470
Quick Sort Paralelo (ForkJoin);true;10000;NEARLY_SORTED;4;4;1382100;1.3821
Quick Sort Paralelo (ForkJoin);true;10000;NEARLY_SORTED;4;5;1748100;1.7481
Quick Sort Paralelo (ForkJoin);true;10000;NEARLY_SORTED;8;1;1741500;1.7415
Quick Sort Paralelo (ForkJoin);true;10000;NEARLY_SORTED;8;2;1928800;1.9288
Quick Sort Paralelo (ForkJoin);true;10000;NEARLY_SORTED;8;3;3083300;3.0833
Quick Sort Paralelo (ForkJoin);true;10000;NEARLY_SORTED;8;4;2154900;2.1549
Quick Sort Paralelo (ForkJoin);true;10000;NEARLY_SORTED;8;5;3187800;3.1878
Merge Sort Serial;false;10000;NEARLY_SORTED;1;1;1769800;1.7698
Merge Sort Serial;false;10000;NEARLY_SORTED;1;2;2241400;2.2414
Merge Sort Serial;false;10000;NEARLY_SORTED;1;3;2153700;2.1537
Merge Sort Serial;false;10000;NEARLY_SORTED;1;4;2284600;2.2846
Merge Sort Serial;false;10000;NEARLY_SORTED;1;5;1404500;1.4045
Merge Sort Paralelo (ForkJoin);true;10000;NEARLY_SORTED;2;1;2128500;2.1285
Merge Sort Paralelo (ForkJoin);true;10000;NEARLY_SORTED;2;2;2924800;2.9248
Merge Sort Paralelo (ForkJoin);true;10000;NEARLY_SORTED;2;3;1752300;1.7523
Merge Sort Paralelo (ForkJoin);true;10000;NEARLY_SORTED;2;4;1692600;1.6926
Merge Sort Paralelo (ForkJoin);true;10000;NEARLY_SORTED;2;5;3284800;3.2848
Merge Sort Paralelo (ForkJoin);true;10000;NEARLY_SORTED;4;1;2033400;2.0334
Merge Sort Paralelo (ForkJoin);true;10000;NEARLY_SORTED;4;2;1887800;1.8878
Merge Sort Paralelo (ForkJoin);true;10000;NEARLY_SORTED;4;3;1833400;1.8334
Merge Sort Paralelo (ForkJoin);true;10000;NEARLY_SORTED;4;4;2055500;2.0555
Merge Sort Paralelo (ForkJoin);true;10000;NEARLY_SORTED;4;5;1887400;1.8874
Merge Sort Paralelo (ForkJoin);true;10000;NEARLY_SORTED;8;1;1945000;1.9450
Merge Sort Paralelo (ForkJoin);true;10000;NEARLY_SORTED;8;2;2000800;2.0008
Merge Sort Paralelo (ForkJoin);true;10000;NEARLY_SORTED;8;3;2181200;2.1812
Merge Sort Paralelo (ForkJoin);true;10000;NEARLY_SORTED;8;4;2187100;2.1871
Merge Sort Paralelo (ForkJoin);true;10000;NEARLY_SORTED;8;5;2523800;2.5238
Bubble Sort Serial;false;25000;NEARLY_SORTED;1;1;286414400;286.4144
Bubble Sort Serial;false;25000;NEARLY_SORTED;1;2;292691800;292.6918
Bubble Sort Serial;false;25000;NEARLY_SORTED;1;3;302636300;302.6363
Bubble Sort Serial;false;25000;NEARLY_SORTED;1;4;284049500;284.0495
Bubble Sort Serial;false;25000;NEARLY_SORTED;1;5;432195900;432.1959
Bubble Sort Paralelo (Odd-Even);true;25000;NEARLY_SORTED;2;1;218056600;218.0566
Bubble Sort Paralelo (Odd-Even);true;25000;NEARLY_SORTED;2;2;219866700;219.8667
Bubble Sort Paralelo (Odd-Even);true;25000;NEARLY_SORTED;2;3;221772300;221.7723
Bubble Sort Paralelo (Odd-Even);true;25000;NEARLY_SORTED;2;4;207167600;207.1676
Bubble Sort Paralelo (Odd-Even);true;25000;NEARLY_SORTED;2;5;225359700;225.3597
Bubble Sort Paralelo (Odd-Even);true;25000;NEARLY_SORTED;4;1;132608300;132.6083
Bubble Sort Paralelo (Odd-Even);true;25000;NEARLY_SORTED;4;2;121934800;121.9348
Bubble Sort Paralelo (Odd-Even);true;25000;NEARLY_SORTED;4;3;126711000;126.7110
Bubble Sort Paralelo (Odd-Even);true;25000;NEARLY_SORTED;4;4;125322700;125.3227
Bubble Sort Paralelo (Odd-Even);true;25000;NEARLY_SORTED;4;5;136063500;136.0635
Bubble Sort Paralelo (Odd-Even);true;25000;NEARLY_SORTED;8;1;191143400;191.1434
Bubble Sort Paralelo (Odd-Even);true;25000;NEARLY_SORTED;8;2;286549700;286.5497
Bubble Sort Paralelo (Odd-Even);true;25000;NEARLY_SORTED;8;3;190215800;190.2158
Bubble Sort Paralelo (Odd-Even);true;25000;NEARLY_SORTED;8;4;277915800;277.9158
Bubble Sort Paralelo (Odd-Even);true;25000;NEARLY_SORTED;8;5;212402900;212.4029
Insertion Sort Serial;false;25000;NEARLY_SORTED;1;1;11018800;11.0188
Insertion Sort Serial;false;25000;NEARLY_SORTED;1;2;8523200;8.5232
Insertion Sort Serial;false;25000;NEARLY_SORTED;1;3;9813100;9.8131
Insertion Sort Serial;false;25000;NEARLY_SORTED;1;4;9025300;9.0253
Insertion Sort Serial;false;25000;NEARLY_SORTED;1;5;11125600;11.1256
Insertion Sort Paralelo (ForkJoin);true;25000;NEARLY_SORTED;2;1;11492500;11.4925
Insertion Sort Paralelo (ForkJoin);true;25000;NEARLY_SORTED;2;2;9097500;9.0975
Insertion Sort Paralelo (ForkJoin);true;25000;NEARLY_SORTED;2;3;14189100;14.1891
Insertion Sort Paralelo (ForkJoin);true;25000;NEARLY_SORTED;2;4;11331600;11.3316
Insertion Sort Paralelo (ForkJoin);true;25000;NEARLY_SORTED;2;5;10972900;10.9729
Insertion Sort Paralelo (ForkJoin);true;25000;NEARLY_SORTED;4;1;5285700;5.2857
Insertion Sort Paralelo (ForkJoin);true;25000;NEARLY_SORTED;4;2;4816900;4.8169
Insertion Sort Paralelo (ForkJoin);true;25000;NEARLY_SORTED;4;3;6720500;6.7205
Insertion Sort Paralelo (ForkJoin);true;25000;NEARLY_SORTED;4;4;5384000;5.3840
Insertion Sort Paralelo (ForkJoin);true;25000;NEARLY_SORTED;4;5;5387600;5.3876
Insertion Sort Paralelo (ForkJoin);true;25000;NEARLY_SORTED;8;1;3389000;3.3890
Insertion Sort Paralelo (ForkJoin);true;25000;NEARLY_SORTED;8;2;3611300;3.6113
Insertion Sort Paralelo (ForkJoin);true;25000;NEARLY_SORTED;8;3;3423000;3.4230
Insertion Sort Paralelo (ForkJoin);true;25000;NEARLY_SORTED;8;4;3359400;3.3594
Insertion Sort Paralelo (ForkJoin);true;25000;NEARLY_SORTED;8;5;4000300;4.0003
Quick Sort Serial;false;25000;NEARLY_SORTED;1;1;1565200;1.5652
Quick Sort Serial;false;25000;NEARLY_SORTED;1;2;1442400;1.4424
Quick Sort Serial;false;25000;NEARLY_SORTED;1;3;1463500;1.4635
Quick Sort Serial;false;25000;NEARLY_SORTED;1;4;1605200;1.6052
Quick Sort Serial;false;25000;NEARLY_SORTED;1;5;1462600;1.4626
Quick Sort Paralelo (ForkJoin);true;25000;NEARLY_SORTED;2;1;2500500;2.5005
Quick Sort Paralelo (ForkJoin);true;25000;NEARLY_SORTED;2;2;2347400;2.3474
Quick Sort Paralelo (ForkJoin);true;25000;NEARLY_SORTED;2;3;2128500;2.1285
Quick Sort Paralelo (ForkJoin);true;25000;NEARLY_SORTED;2;4;1866200;1.8662
Quick Sort Paralelo (ForkJoin);true;25000;NEARLY_SORTED;2;5;2821300;2.8213
Quick Sort Paralelo (ForkJoin);true;25000;NEARLY_SORTED;4;1;2934200;2.9342
Quick Sort Paralelo (ForkJoin);true;25000;NEARLY_SORTED;4;2;2101700;2.1017
Quick Sort Paralelo (ForkJoin);true;25000;NEARLY_SORTED;4;3;4112300;4.1123
Quick Sort Paralelo (ForkJoin);true;25000;NEARLY_SORTED;4;4;1737300;1.7373
Quick Sort Paralelo (ForkJoin);true;25000;NEARLY_SORTED;4;5;1961500;1.9615
Quick Sort Paralelo (ForkJoin);true;25000;NEARLY_SORTED;8;1;2012900;2.0129
Quick Sort Paralelo (ForkJoin);true;25000;NEARLY_SORTED;8;2;2002800;2.0028
Quick Sort Paralelo (ForkJoin);true;25000;NEARLY_SORTED;8;3;2766500;2.7665
Quick Sort Paralelo (ForkJoin);true;25000;NEARLY_SORTED;8;4;2866400;2.8664
Quick Sort Paralelo (ForkJoin);true;25000;NEARLY_SORTED;8;5;2552500;2.5525
Merge Sort Serial;false;25000;NEARLY_SORTED;1;1;5006600;5.0066
Merge Sort Serial;false;25000;NEARLY_SORTED;1;2;4911700;4.9117
Merge Sort Serial;false;25000;NEARLY_SORTED;1;3;3828000;3.8280
Merge Sort Serial;false;25000;NEARLY_SORTED;1;4;4884100;4.8841
Merge Sort Serial;false;25000;NEARLY_SORTED;1;5;3690800;3.6908
Merge Sort Paralelo (ForkJoin);true;25000;NEARLY_SORTED;2;1;3096600;3.0966
Merge Sort Paralelo (ForkJoin);true;25000;NEARLY_SORTED;2;2;2398500;2.3985
Merge Sort Paralelo (ForkJoin);true;25000;NEARLY_SORTED;2;3;2411800;2.4118
Merge Sort Paralelo (ForkJoin);true;25000;NEARLY_SORTED;2;4;3385700;3.3857
Merge Sort Paralelo (ForkJoin);true;25000;NEARLY_SORTED;2;5;4724300;4.7243
Merge Sort Paralelo (ForkJoin);true;25000;NEARLY_SORTED;4;1;2973300;2.9733
Merge Sort Paralelo (ForkJoin);true;25000;NEARLY_SORTED;4;2;3481500;3.4815
Merge Sort Paralelo (ForkJoin);true;25000;NEARLY_SORTED;4;3;2303200;2.3032
Merge Sort Paralelo (ForkJoin);true;25000;NEARLY_SORTED;4;4;2761200;2.7612
Merge Sort Paralelo (ForkJoin);true;25000;NEARLY_SORTED;4;5;2296700;2.2967
Merge Sort Paralelo (ForkJoin);true;25000;NEARLY_SORTED;8;1;3193300;3.1933
Merge Sort Paralelo (ForkJoin);true;25000;NEARLY_SORTED;8;2;3390900;3.3909
Merge Sort Paralelo (ForkJoin);true;25000;NEARLY_SORTED;8;3;2457600;2.4576
Merge Sort Paralelo (ForkJoin);true;25000;NEARLY_SORTED;8;4;2719700;2.7197
Merge Sort Paralelo (ForkJoin);true;25000;NEARLY_SORTED;8;5;2444900;2.4449
Bubble Sort Serial;false;50000;NEARLY_SORTED;1;1;1222315700;1222.3157
Bubble Sort Serial;false;50000;NEARLY_SORTED;1;2;1258286600;1258.2866
Bubble Sort Serial;false;50000;NEARLY_SORTED;1;3;1283914700;1283.9147
Bubble Sort Serial;false;50000;NEARLY_SORTED;1;4;1298510300;1298.5103
Bubble Sort Serial;false;50000;NEARLY_SORTED;1;5;1429871200;1429.8712
Bubble Sort Paralelo (Odd-Even);true;50000;NEARLY_SORTED;2;1;1015417500;1015.4175
Bubble Sort Paralelo (Odd-Even);true;50000;NEARLY_SORTED;2;2;979185200;979.1852
Bubble Sort Paralelo (Odd-Even);true;50000;NEARLY_SORTED;2;3;861419700;861.4197
Bubble Sort Paralelo (Odd-Even);true;50000;NEARLY_SORTED;2;4;880341000;880.3410
Bubble Sort Paralelo (Odd-Even);true;50000;NEARLY_SORTED;2;5;1011671900;1011.6719
Bubble Sort Paralelo (Odd-Even);true;50000;NEARLY_SORTED;4;1;664685700;664.6857
Bubble Sort Paralelo (Odd-Even);true;50000;NEARLY_SORTED;4;2;840027800;840.0278
Bubble Sort Paralelo (Odd-Even);true;50000;NEARLY_SORTED;4;3;924606900;924.6069
Bubble Sort Paralelo (Odd-Even);true;50000;NEARLY_SORTED;4;4;525961700;525.9617
Bubble Sort Paralelo (Odd-Even);true;50000;NEARLY_SORTED;4;5;554709300;554.7093
Bubble Sort Paralelo (Odd-Even);true;50000;NEARLY_SORTED;8;1;879594800;879.5948
Bubble Sort Paralelo (Odd-Even);true;50000;NEARLY_SORTED;8;2;906661000;906.6610
Bubble Sort Paralelo (Odd-Even);true;50000;NEARLY_SORTED;8;3;851733900;851.7339
Bubble Sort Paralelo (Odd-Even);true;50000;NEARLY_SORTED;8;4;1280414200;1280.4142
Bubble Sort Paralelo (Odd-Even);true;50000;NEARLY_SORTED;8;5;1448919600;1448.9196
Insertion Sort Serial;false;50000;NEARLY_SORTED;1;1;35280000;35.2800
Insertion Sort Serial;false;50000;NEARLY_SORTED;1;2;36668500;36.6685
Insertion Sort Serial;false;50000;NEARLY_SORTED;1;3;33114800;33.1148
Insertion Sort Serial;false;50000;NEARLY_SORTED;1;4;36220200;36.2202
Insertion Sort Serial;false;50000;NEARLY_SORTED;1;5;36297600;36.2976
Insertion Sort Paralelo (ForkJoin);true;50000;NEARLY_SORTED;2;1;50099400;50.0994
Insertion Sort Paralelo (ForkJoin);true;50000;NEARLY_SORTED;2;2;41850100;41.8501
Insertion Sort Paralelo (ForkJoin);true;50000;NEARLY_SORTED;2;3;48509300;48.5093
Insertion Sort Paralelo (ForkJoin);true;50000;NEARLY_SORTED;2;4;44517400;44.5174
Insertion Sort Paralelo (ForkJoin);true;50000;NEARLY_SORTED;2;5;33663300;33.6633
Insertion Sort Paralelo (ForkJoin);true;50000;NEARLY_SORTED;4;1;30656600;30.6566
Insertion Sort Paralelo (ForkJoin);true;50000;NEARLY_SORTED;4;2;17347400;17.3474
Insertion Sort Paralelo (ForkJoin);true;50000;NEARLY_SORTED;4;3;16590300;16.5903
Insertion Sort Paralelo (ForkJoin);true;50000;NEARLY_SORTED;4;4;18532500;18.5325
Insertion Sort Paralelo (ForkJoin);true;50000;NEARLY_SORTED;4;5;17574500;17.5745
Insertion Sort Paralelo (ForkJoin);true;50000;NEARLY_SORTED;8;1;8637400;8.6374
Insertion Sort Paralelo (ForkJoin);true;50000;NEARLY_SORTED;8;2;6494200;6.4942
Insertion Sort Paralelo (ForkJoin);true;50000;NEARLY_SORTED;8;3;7603600;7.6036
Insertion Sort Paralelo (ForkJoin);true;50000;NEARLY_SORTED;8;4;7449200;7.4492
Insertion Sort Paralelo (ForkJoin);true;50000;NEARLY_SORTED;8;5;7482100;7.4821
Quick Sort Serial;false;50000;NEARLY_SORTED;1;1;4357600;4.3576
Quick Sort Serial;false;50000;NEARLY_SORTED;1;2;3691200;3.6912
Quick Sort Serial;false;50000;NEARLY_SORTED;1;3;3387600;3.3876
Quick Sort Serial;false;50000;NEARLY_SORTED;1;4;3134600;3.1346
Quick Sort Serial;false;50000;NEARLY_SORTED;1;5;3095900;3.0959
Quick Sort Paralelo (ForkJoin);true;50000;NEARLY_SORTED;2;1;3147400;3.1474
Quick Sort Paralelo (ForkJoin);true;50000;NEARLY_SORTED;2;2;2540600;2.5406
Quick Sort Paralelo (ForkJoin);true;50000;NEARLY_SORTED;2;3;2591500;2.5915
Quick Sort Paralelo (ForkJoin);true;50000;NEARLY_SORTED;2;4;3001600;3.0016
Quick Sort Paralelo (ForkJoin);true;50000;NEARLY_SORTED;2;5;2837300;2.8373
Quick Sort Paralelo (ForkJoin);true;50000;NEARLY_SORTED;4;1;2145800;2.1458
Quick Sort Paralelo (ForkJoin);true;50000;NEARLY_SORTED;4;2;2329700;2.3297
Quick Sort Paralelo (ForkJoin);true;50000;NEARLY_SORTED;4;3;2375400;2.3754
Quick Sort Paralelo (ForkJoin);true;50000;NEARLY_SORTED;4;4;2381000;2.3810
Quick Sort Paralelo (ForkJoin);true;50000;NEARLY_SORTED;4;5;2773800;2.7738
Quick Sort Paralelo (ForkJoin);true;50000;NEARLY_SORTED;8;1;3393900;3.3939
Quick Sort Paralelo (ForkJoin);true;50000;NEARLY_SORTED;8;2;2487300;2.4873
Quick Sort Paralelo (ForkJoin);true;50000;NEARLY_SORTED;8;3;2544100;2.5441
Quick Sort Paralelo (ForkJoin);true;50000;NEARLY_SORTED;8;4;3816200;3.8162
Quick Sort Paralelo (ForkJoin);true;50000;NEARLY_SORTED;8;5;3755400;3.7554
Merge Sort Serial;false;50000;NEARLY_SORTED;1;1;9946700;9.9467
Merge Sort Serial;false;50000;NEARLY_SORTED;1;2;9570700;9.5707
Merge Sort Serial;false;50000;NEARLY_SORTED;1;3;8019200;8.0192
Merge Sort Serial;false;50000;NEARLY_SORTED;1;4;7590800;7.5908
Merge Sort Serial;false;50000;NEARLY_SORTED;1;5;7362000;7.3620
Merge Sort Paralelo (ForkJoin);true;50000;NEARLY_SORTED;2;1;6856600;6.8566
Merge Sort Paralelo (ForkJoin);true;50000;NEARLY_SORTED;2;2;4670200;4.6702
Merge Sort Paralelo (ForkJoin);true;50000;NEARLY_SORTED;2;3;5836800;5.8368
Merge Sort Paralelo (ForkJoin);true;50000;NEARLY_SORTED;2;4;4160700;4.1607
Merge Sort Paralelo (ForkJoin);true;50000;NEARLY_SORTED;2;5;5723400;5.7234
Merge Sort Paralelo (ForkJoin);true;50000;NEARLY_SORTED;4;1;3944600;3.9446
Merge Sort Paralelo (ForkJoin);true;50000;NEARLY_SORTED;4;2;4138500;4.1385
Merge Sort Paralelo (ForkJoin);true;50000;NEARLY_SORTED;4;3;3414300;3.4143
Merge Sort Paralelo (ForkJoin);true;50000;NEARLY_SORTED;4;4;5048900;5.0489
Merge Sort Paralelo (ForkJoin);true;50000;NEARLY_SORTED;4;5;3442400;3.4424
Merge Sort Paralelo (ForkJoin);true;50000;NEARLY_SORTED;8;1;3819400;3.8194
Merge Sort Paralelo (ForkJoin);true;50000;NEARLY_SORTED;8;2;4122200;4.1222
Merge Sort Paralelo (ForkJoin);true;50000;NEARLY_SORTED;8;3;3727400;3.7274
Merge Sort Paralelo (ForkJoin);true;50000;NEARLY_SORTED;8;4;3456100;3.4561
Merge Sort Paralelo (ForkJoin);true;50000;NEARLY_SORTED;8;5;4267300;4.2673
Bubble Sort Serial;false;1000;REVERSED;1;1;1633900;1.6339
Bubble Sort Serial;false;1000;REVERSED;1;2;2895800;2.8958
Bubble Sort Serial;false;1000;REVERSED;1;3;1706300;1.7063
Bubble Sort Serial;false;1000;REVERSED;1;4;1659600;1.6596
Bubble Sort Serial;false;1000;REVERSED;1;5;1159100;1.1591
Bubble Sort Paralelo (Odd-Even);true;1000;REVERSED;2;1;1248800;1.2488
Bubble Sort Paralelo (Odd-Even);true;1000;REVERSED;2;2;1372700;1.3727
Bubble Sort Paralelo (Odd-Even);true;1000;REVERSED;2;3;1247600;1.2476
Bubble Sort Paralelo (Odd-Even);true;1000;REVERSED;2;4;1283500;1.2835
Bubble Sort Paralelo (Odd-Even);true;1000;REVERSED;2;5;1700300;1.7003
Bubble Sort Paralelo (Odd-Even);true;1000;REVERSED;4;1;2008700;2.0087
Bubble Sort Paralelo (Odd-Even);true;1000;REVERSED;4;2;1414500;1.4145
Bubble Sort Paralelo (Odd-Even);true;1000;REVERSED;4;3;1523500;1.5235
Bubble Sort Paralelo (Odd-Even);true;1000;REVERSED;4;4;1467900;1.4679
Bubble Sort Paralelo (Odd-Even);true;1000;REVERSED;4;5;1358000;1.3580
Bubble Sort Paralelo (Odd-Even);true;1000;REVERSED;8;1;4821600;4.8216
Bubble Sort Paralelo (Odd-Even);true;1000;REVERSED;8;2;29893500;29.8935
Bubble Sort Paralelo (Odd-Even);true;1000;REVERSED;8;3;3658800;3.6588
Bubble Sort Paralelo (Odd-Even);true;1000;REVERSED;8;4;2797000;2.7970
Bubble Sort Paralelo (Odd-Even);true;1000;REVERSED;8;5;10644000;10.6440
Insertion Sort Serial;false;1000;REVERSED;1;1;220900;0.2209
Insertion Sort Serial;false;1000;REVERSED;1;2;220900;0.2209
Insertion Sort Serial;false;1000;REVERSED;1;3;221300;0.2213
Insertion Sort Serial;false;1000;REVERSED;1;4;255800;0.2558
Insertion Sort Serial;false;1000;REVERSED;1;5;221300;0.2213
Insertion Sort Paralelo (ForkJoin);true;1000;REVERSED;2;1;1013600;1.0136
Insertion Sort Paralelo (ForkJoin);true;1000;REVERSED;2;2;1297900;1.2979
Insertion Sort Paralelo (ForkJoin);true;1000;REVERSED;2;3;1275800;1.2758
Insertion Sort Paralelo (ForkJoin);true;1000;REVERSED;2;4;1209500;1.2095
Insertion Sort Paralelo (ForkJoin);true;1000;REVERSED;2;5;1068700;1.0687
Insertion Sort Paralelo (ForkJoin);true;1000;REVERSED;4;1;1308800;1.3088
Insertion Sort Paralelo (ForkJoin);true;1000;REVERSED;4;2;1248900;1.2489
Insertion Sort Paralelo (ForkJoin);true;1000;REVERSED;4;3;1224200;1.2242
Insertion Sort Paralelo (ForkJoin);true;1000;REVERSED;4;4;1495200;1.4952
Insertion Sort Paralelo (ForkJoin);true;1000;REVERSED;4;5;9352600;9.3526
Insertion Sort Paralelo (ForkJoin);true;1000;REVERSED;8;1;35665000;35.6650
Insertion Sort Paralelo (ForkJoin);true;1000;REVERSED;8;2;1002700;1.0027
Insertion Sort Paralelo (ForkJoin);true;1000;REVERSED;8;3;1699600;1.6996
Insertion Sort Paralelo (ForkJoin);true;1000;REVERSED;8;4;1129100;1.1291
Insertion Sort Paralelo (ForkJoin);true;1000;REVERSED;8;5;1099400;1.0994
Quick Sort Serial;false;1000;REVERSED;1;1;45800;0.0458
Quick Sort Serial;false;1000;REVERSED;1;2;43200;0.0432
Quick Sort Serial;false;1000;REVERSED;1;3;53300;0.0533
Quick Sort Serial;false;1000;REVERSED;1;4;42100;0.0421
Quick Sort Serial;false;1000;REVERSED;1;5;44300;0.0443
Quick Sort Paralelo (ForkJoin);true;1000;REVERSED;2;1;833800;0.8338
Quick Sort Paralelo (ForkJoin);true;1000;REVERSED;2;2;581000;0.5810
Quick Sort Paralelo (ForkJoin);true;1000;REVERSED;2;3;673700;0.6737
Quick Sort Paralelo (ForkJoin);true;1000;REVERSED;2;4;655400;0.6554
Quick Sort Paralelo (ForkJoin);true;1000;REVERSED;2;5;972000;0.9720
Quick Sort Paralelo (ForkJoin);true;1000;REVERSED;4;1;744800;0.7448
Quick Sort Paralelo (ForkJoin);true;1000;REVERSED;4;2;722700;0.7227
Quick Sort Paralelo (ForkJoin);true;1000;REVERSED;4;3;695400;0.6954
Quick Sort Paralelo (ForkJoin);true;1000;REVERSED;4;4;642900;0.6429
Quick Sort Paralelo (ForkJoin);true;1000;REVERSED;4;5;631900;0.6319
Quick Sort Paralelo (ForkJoin);true;1000;REVERSED;8;1;660500;0.6605
Quick Sort Paralelo (ForkJoin);true;1000;REVERSED;8;2;833700;0.8337
Quick Sort Paralelo (ForkJoin);true;1000;REVERSED;8;3;790900;0.7909
Quick Sort Paralelo (ForkJoin);true;1000;REVERSED;8;4;721500;0.7215
Quick Sort Paralelo (ForkJoin);true;1000;REVERSED;8;5;747600;0.7476
Merge Sort Serial;false;1000;REVERSED;1;1;146500;0.1465
Merge Sort Serial;false;1000;REVERSED;1;2;174300;0.1743
Merge Sort Serial;false;1000;REVERSED;1;3;124900;0.1249
Merge Sort Serial;false;1000;REVERSED;1;4;125600;0.1256
Merge Sort Serial;false;1000;REVERSED;1;5;174000;0.1740
Merge Sort Paralelo (ForkJoin);true;1000;REVERSED;2;1;1065400;1.0654
Merge Sort Paralelo (ForkJoin);true;1000;REVERSED;2;2;687500;0.6875
Merge Sort Paralelo (ForkJoin);true;1000;REVERSED;2;3;697700;0.6977
Merge Sort Paralelo (ForkJoin);true;1000;REVERSED;2;4;873400;0.8734
Merge Sort Paralelo (ForkJoin);true;1000;REVERSED;2;5;692900;0.6929
Merge Sort Paralelo (ForkJoin);true;1000;REVERSED;4;1;1600800;1.6008
Merge Sort Paralelo (ForkJoin);true;1000;REVERSED;4;2;769200;0.7692
Merge Sort Paralelo (ForkJoin);true;1000;REVERSED;4;3;1033300;1.0333
Merge Sort Paralelo (ForkJoin);true;1000;REVERSED;4;4;730000;0.7300
Merge Sort Paralelo (ForkJoin);true;1000;REVERSED;4;5;696700;0.6967
Merge Sort Paralelo (ForkJoin);true;1000;REVERSED;8;1;643200;0.6432
Merge Sort Paralelo (ForkJoin);true;1000;REVERSED;8;2;707300;0.7073
Merge Sort Paralelo (ForkJoin);true;1000;REVERSED;8;3;749600;0.7496
Merge Sort Paralelo (ForkJoin);true;1000;REVERSED;8;4;836900;0.8369
Merge Sort Paralelo (ForkJoin);true;1000;REVERSED;8;5;895100;0.8951
Bubble Sort Serial;false;5000;REVERSED;1;1;29553300;29.5533
Bubble Sort Serial;false;5000;REVERSED;1;2;29131800;29.1318
Bubble Sort Serial;false;5000;REVERSED;1;3;28142400;28.1424
Bubble Sort Serial;false;5000;REVERSED;1;4;29391600;29.3916
Bubble Sort Serial;false;5000;REVERSED;1;5;29990500;29.9905
Bubble Sort Paralelo (Odd-Even);true;5000;REVERSED;2;1;11508800;11.5088
Bubble Sort Paralelo (Odd-Even);true;5000;REVERSED;2;2;7530500;7.5305
Bubble Sort Paralelo (Odd-Even);true;5000;REVERSED;2;3;8157700;8.1577
Bubble Sort Paralelo (Odd-Even);true;5000;REVERSED;2;4;8831700;8.8317
Bubble Sort Paralelo (Odd-Even);true;5000;REVERSED;2;5;7948300;7.9483
Bubble Sort Paralelo (Odd-Even);true;5000;REVERSED;4;1;9968100;9.9681
Bubble Sort Paralelo (Odd-Even);true;5000;REVERSED;4;2;8990800;8.9908
Bubble Sort Paralelo (Odd-Even);true;5000;REVERSED;4;3;8794900;8.7949
Bubble Sort Paralelo (Odd-Even);true;5000;REVERSED;4;4;6074100;6.0741
Bubble Sort Paralelo (Odd-Even);true;5000;REVERSED;4;5;8532500;8.5325
Bubble Sort Paralelo (Odd-Even);true;5000;REVERSED;8;1;13755500;13.7555
Bubble Sort Paralelo (Odd-Even);true;5000;REVERSED;8;2;79153800;79.1538
Bubble Sort Paralelo (Odd-Even);true;5000;REVERSED;8;3;16829200;16.8292
Bubble Sort Paralelo (Odd-Even);true;5000;REVERSED;8;4;21775900;21.7759
Bubble Sort Paralelo (Odd-Even);true;5000;REVERSED;8;5;11252800;11.2528
Insertion Sort Serial;false;5000;REVERSED;1;1;6052100;6.0521
Insertion Sort Serial;false;5000;REVERSED;1;2;5189400;5.1894
Insertion Sort Serial;false;5000;REVERSED;1;3;5550000;5.5500
Insertion Sort Serial;false;5000;REVERSED;1;4;5260300;5.2603
Insertion Sort Serial;false;5000;REVERSED;1;5;5593200;5.5932
Insertion Sort Paralelo (ForkJoin);true;5000;REVERSED;2;1;5047400;5.0474
Insertion Sort Paralelo (ForkJoin);true;5000;REVERSED;2;2;4823500;4.8235
Insertion Sort Paralelo (ForkJoin);true;5000;REVERSED;2;3;5302900;5.3029
Insertion Sort Paralelo (ForkJoin);true;5000;REVERSED;2;4;8740000;8.7400
Insertion Sort Paralelo (ForkJoin);true;5000;REVERSED;2;5;5231000;5.2310
Insertion Sort Paralelo (ForkJoin);true;5000;REVERSED;4;1;3202000;3.2020
Insertion Sort Paralelo (ForkJoin);true;5000;REVERSED;4;2;2470300;2.4703
Insertion Sort Paralelo (ForkJoin);true;5000;REVERSED;4;3;2529900;2.5299
Insertion Sort Paralelo (ForkJoin);true;5000;REVERSED;4;4;2342700;2.3427
Insertion Sort Paralelo (ForkJoin);true;5000;REVERSED;4;5;3111300;3.1113
Insertion Sort Paralelo (ForkJoin);true;5000;REVERSED;8;1;2099600;2.0996
Insertion Sort Paralelo (ForkJoin);true;5000;REVERSED;8;2;2938800;2.9388
Insertion Sort Paralelo (ForkJoin);true;5000;REVERSED;8;3;2578800;2.5788
Insertion Sort Paralelo (ForkJoin);true;5000;REVERSED;8;4;2470100;2.4701
Insertion Sort Paralelo (ForkJoin);true;5000;REVERSED;8;5;2070500;2.0705
Quick Sort Serial;false;5000;REVERSED;1;1;178300;0.1783
Quick Sort Serial;false;5000;REVERSED;1;2;163100;0.1631
Quick Sort Serial;false;5000;REVERSED;1;3;163700;0.1637
Quick Sort Serial;false;5000;REVERSED;1;4;162600;0.1626
Quick Sort Serial;false;5000;REVERSED;1;5;293900;0.2939
Quick Sort Paralelo (ForkJoin);true;5000;REVERSED;2;1;976800;0.9768
Quick Sort Paralelo (ForkJoin);true;5000;REVERSED;2;2;958900;0.9589
Quick Sort Paralelo (ForkJoin);true;5000;REVERSED;2;3;919400;0.9194
Quick Sort Paralelo (ForkJoin);true;5000;REVERSED;2;4;852500;0.8525
Quick Sort Paralelo (ForkJoin);true;5000;REVERSED;2;5;773500;0.7735
Quick Sort Paralelo (ForkJoin);true;5000;REVERSED;4;1;1353500;1.3535
Quick Sort Paralelo (ForkJoin);true;5000;REVERSED;4;2;1443100;1.4431
Quick Sort Paralelo (ForkJoin);true;5000;REVERSED;4;3;2258900;2.2589
Quick Sort Paralelo (ForkJoin);true;5000;REVERSED;4;4;1019400;1.0194
Quick Sort Paralelo (ForkJoin);true;5000;REVERSED;4;5;1123800;1.1238
Quick Sort Paralelo (ForkJoin);true;5000;REVERSED;8;1;1170900;1.1709
Quick Sort Paralelo (ForkJoin);true;5000;REVERSED;8;2;1171400;1.1714
Quick Sort Paralelo (ForkJoin);true;5000;REVERSED;8;3;1260400;1.2604
Quick Sort Paralelo (ForkJoin);true;5000;REVERSED;8;4;1095200;1.0952
Quick Sort Paralelo (ForkJoin);true;5000;REVERSED;8;5;1562200;1.5622
Merge Sort Serial;false;5000;REVERSED;1;1;601500;0.6015
Merge Sort Serial;false;5000;REVERSED;1;2;918500;0.9185
Merge Sort Serial;false;5000;REVERSED;1;3;935800;0.9358
Merge Sort Serial;false;5000;REVERSED;1;4;546400;0.5464
Merge Sort Serial;false;5000;REVERSED;1;5;781800;0.7818
Merge Sort Paralelo (ForkJoin);true;5000;REVERSED;2;1;1633500;1.6335
Merge Sort Paralelo (ForkJoin);true;5000;REVERSED;2;2;1642500;1.6425
Merge Sort Paralelo (ForkJoin);true;5000;REVERSED;2;3;1222000;1.2220
Merge Sort Paralelo (ForkJoin);true;5000;REVERSED;2;4;1415800;1.4158
Merge Sort Paralelo (ForkJoin);true;5000;REVERSED;2;5;1426800;1.4268
Merge Sort Paralelo (ForkJoin);true;5000;REVERSED;4;1;2166700;2.1667
Merge Sort Paralelo (ForkJoin);true;5000;REVERSED;4;2;1335500;1.3355
Merge Sort Paralelo (ForkJoin);true;5000;REVERSED;4;3;1328300;1.3283
Merge Sort Paralelo (ForkJoin);true;5000;REVERSED;4;4;1441100;1.4411
Merge Sort Paralelo (ForkJoin);true;5000;REVERSED;4;5;1384000;1.3840
Merge Sort Paralelo (ForkJoin);true;5000;REVERSED;8;1;1425100;1.4251
Merge Sort Paralelo (ForkJoin);true;5000;REVERSED;8;2;2073900;2.0739
Merge Sort Paralelo (ForkJoin);true;5000;REVERSED;8;3;2742200;2.7422
Merge Sort Paralelo (ForkJoin);true;5000;REVERSED;8;4;2204300;2.2043
Merge Sort Paralelo (ForkJoin);true;5000;REVERSED;8;5;2524000;2.5240
Bubble Sort Serial;false;10000;REVERSED;1;1;115257100;115.2571
Bubble Sort Serial;false;10000;REVERSED;1;2;117711300;117.7113
Bubble Sort Serial;false;10000;REVERSED;1;3;116432000;116.4320
Bubble Sort Serial;false;10000;REVERSED;1;4;115036500;115.0365
Bubble Sort Serial;false;10000;REVERSED;1;5;114786000;114.7860
Bubble Sort Paralelo (Odd-Even);true;10000;REVERSED;2;1;32165300;32.1653
Bubble Sort Paralelo (Odd-Even);true;10000;REVERSED;2;2;40001200;40.0012
Bubble Sort Paralelo (Odd-Even);true;10000;REVERSED;2;3;28541000;28.5410
Bubble Sort Paralelo (Odd-Even);true;10000;REVERSED;2;4;32065000;32.0650
Bubble Sort Paralelo (Odd-Even);true;10000;REVERSED;2;5;29362200;29.3622
Bubble Sort Paralelo (Odd-Even);true;10000;REVERSED;4;1;27829700;27.8297
Bubble Sort Paralelo (Odd-Even);true;10000;REVERSED;4;2;27078000;27.0780
Bubble Sort Paralelo (Odd-Even);true;10000;REVERSED;4;3;24133800;24.1338
Bubble Sort Paralelo (Odd-Even);true;10000;REVERSED;4;4;22342500;22.3425
Bubble Sort Paralelo (Odd-Even);true;10000;REVERSED;4;5;22549200;22.5492
Bubble Sort Paralelo (Odd-Even);true;10000;REVERSED;8;1;48200000;48.2000
Bubble Sort Paralelo (Odd-Even);true;10000;REVERSED;8;2;84807400;84.8074
Bubble Sort Paralelo (Odd-Even);true;10000;REVERSED;8;3;33928600;33.9286
Bubble Sort Paralelo (Odd-Even);true;10000;REVERSED;8;4;54895600;54.8956
Bubble Sort Paralelo (Odd-Even);true;10000;REVERSED;8;5;61122200;61.1222
Insertion Sort Serial;false;10000;REVERSED;1;1;21956800;21.9568
Insertion Sort Serial;false;10000;REVERSED;1;2;21187500;21.1875
Insertion Sort Serial;false;10000;REVERSED;1;3;25267800;25.2678
Insertion Sort Serial;false;10000;REVERSED;1;4;25742400;25.7424
Insertion Sort Serial;false;10000;REVERSED;1;5;24578600;24.5786
Insertion Sort Paralelo (ForkJoin);true;10000;REVERSED;2;1;30935400;30.9354
Insertion Sort Paralelo (ForkJoin);true;10000;REVERSED;2;2;18163200;18.1632
Insertion Sort Paralelo (ForkJoin);true;10000;REVERSED;2;3;17057000;17.0570
Insertion Sort Paralelo (ForkJoin);true;10000;REVERSED;2;4;17016800;17.0168
Insertion Sort Paralelo (ForkJoin);true;10000;REVERSED;2;5;17907100;17.9071
Insertion Sort Paralelo (ForkJoin);true;10000;REVERSED;4;1;9343700;9.3437
Insertion Sort Paralelo (ForkJoin);true;10000;REVERSED;4;2;9054900;9.0549
Insertion Sort Paralelo (ForkJoin);true;10000;REVERSED;4;3;8197700;8.1977
Insertion Sort Paralelo (ForkJoin);true;10000;REVERSED;4;4;9665700;9.6657
Insertion Sort Paralelo (ForkJoin);true;10000;REVERSED;4;5;7989900;7.9899
Insertion Sort Paralelo (ForkJoin);true;10000;REVERSED;8;1;6004800;6.0048
Insertion Sort Paralelo (ForkJoin);true;10000;REVERSED;8;2;4271300;4.2713
Insertion Sort Paralelo (ForkJoin);true;10000;REVERSED;8;3;5438700;5.4387
Insertion Sort Paralelo (ForkJoin);true;10000;REVERSED;8;4;4190000;4.1900
Insertion Sort Paralelo (ForkJoin);true;10000;REVERSED;8;5;3851400;3.8514
Quick Sort Serial;false;10000;REVERSED;1;1;324700;0.3247
Quick Sort Serial;false;10000;REVERSED;1;2;570000;0.5700
Quick Sort Serial;false;10000;REVERSED;1;3;327400;0.3274
Quick Sort Serial;false;10000;REVERSED;1;4;334600;0.3346
Quick Sort Serial;false;10000;REVERSED;1;5;381400;0.3814
Quick Sort Paralelo (ForkJoin);true;10000;REVERSED;2;1;1142900;1.1429
Quick Sort Paralelo (ForkJoin);true;10000;REVERSED;2;2;1162000;1.1620
Quick Sort Paralelo (ForkJoin);true;10000;REVERSED;2;3;1133400;1.1334
Quick Sort Paralelo (ForkJoin);true;10000;REVERSED;2;4;1262400;1.2624
Quick Sort Paralelo (ForkJoin);true;10000;REVERSED;2;5;1341000;1.3410
Quick Sort Paralelo (ForkJoin);true;10000;REVERSED;4;1;1856100;1.8561
Quick Sort Paralelo (ForkJoin);true;10000;REVERSED;4;2;1573100;1.5731
Quick Sort Paralelo (ForkJoin);true;10000;REVERSED;4;3;1081300;1.0813
Quick Sort Paralelo (ForkJoin);true;10000;REVERSED;4;4;1134900;1.1349
Quick Sort Paralelo (ForkJoin);true;10000;REVERSED;4;5;1121900;1.1219
Quick Sort Paralelo (ForkJoin);true;10000;REVERSED;8;1;1318700;1.3187
Quick Sort Paralelo (ForkJoin);true;10000;REVERSED;8;2;1493700;1.4937
Quick Sort Paralelo (ForkJoin);true;10000;REVERSED;8;3;1378700;1.3787
Quick Sort Paralelo (ForkJoin);true;10000;REVERSED;8;4;1656600;1.6566
Quick Sort Paralelo (ForkJoin);true;10000;REVERSED;8;5;2188300;2.1883
Merge Sort Serial;false;10000;REVERSED;1;1;1051400;1.0514
Merge Sort Serial;false;10000;REVERSED;1;2;1477900;1.4779
Merge Sort Serial;false;10000;REVERSED;1;3;1041600;1.0416
Merge Sort Serial;false;10000;REVERSED;1;4;1072300;1.0723
Merge Sort Serial;false;10000;REVERSED;1;5;1534800;1.5348
Merge Sort Paralelo (ForkJoin);true;10000;REVERSED;2;1;1676000;1.6760
Merge Sort Paralelo (ForkJoin);true;10000;REVERSED;2;2;1675900;1.6759
Merge Sort Paralelo (ForkJoin);true;10000;REVERSED;2;3;1762300;1.7623
Merge Sort Paralelo (ForkJoin);true;10000;REVERSED;2;4;1628500;1.6285
Merge Sort Paralelo (ForkJoin);true;10000;REVERSED;2;5;3125500;3.1255
Merge Sort Paralelo (ForkJoin);true;10000;REVERSED;4;1;1836100;1.8361
Merge Sort Paralelo (ForkJoin);true;10000;REVERSED;4;2;2082700;2.0827
Merge Sort Paralelo (ForkJoin);true;10000;REVERSED;4;3;2239300;2.2393
Merge Sort Paralelo (ForkJoin);true;10000;REVERSED;4;4;1856200;1.8562
Merge Sort Paralelo (ForkJoin);true;10000;REVERSED;4;5;1735000;1.7350
Merge Sort Paralelo (ForkJoin);true;10000;REVERSED;8;1;2067100;2.0671
Merge Sort Paralelo (ForkJoin);true;10000;REVERSED;8;2;2486400;2.4864
Merge Sort Paralelo (ForkJoin);true;10000;REVERSED;8;3;2292800;2.2928
Merge Sort Paralelo (ForkJoin);true;10000;REVERSED;8;4;2433600;2.4336
Merge Sort Paralelo (ForkJoin);true;10000;REVERSED;8;5;4433100;4.4331
Bubble Sort Serial;false;25000;REVERSED;1;1;732691500;732.6915
Bubble Sort Serial;false;25000;REVERSED;1;2;729422500;729.4225
Bubble Sort Serial;false;25000;REVERSED;1;3;845064200;845.0642
Bubble Sort Serial;false;25000;REVERSED;1;4;725322800;725.3228
Bubble Sort Serial;false;25000;REVERSED;1;5;731488700;731.4887
Bubble Sort Paralelo (Odd-Even);true;25000;REVERSED;2;1;203158600;203.1586
Bubble Sort Paralelo (Odd-Even);true;25000;REVERSED;2;2;186584400;186.5844
Bubble Sort Paralelo (Odd-Even);true;25000;REVERSED;2;3;184599400;184.5994
Bubble Sort Paralelo (Odd-Even);true;25000;REVERSED;2;4;191737900;191.7379
Bubble Sort Paralelo (Odd-Even);true;25000;REVERSED;2;5;217790800;217.7908
Bubble Sort Paralelo (Odd-Even);true;25000;REVERSED;4;1;142190000;142.1900
Bubble Sort Paralelo (Odd-Even);true;25000;REVERSED;4;2;121428300;121.4283
Bubble Sort Paralelo (Odd-Even);true;25000;REVERSED;4;3;121941200;121.9412
Bubble Sort Paralelo (Odd-Even);true;25000;REVERSED;4;4;120300000;120.3000
Bubble Sort Paralelo (Odd-Even);true;25000;REVERSED;4;5;138920600;138.9206
Bubble Sort Paralelo (Odd-Even);true;25000;REVERSED;8;1;287290200;287.2902
Bubble Sort Paralelo (Odd-Even);true;25000;REVERSED;8;2;339360900;339.3609
Bubble Sort Paralelo (Odd-Even);true;25000;REVERSED;8;3;301006600;301.0066
Bubble Sort Paralelo (Odd-Even);true;25000;REVERSED;8;4;302828600;302.8286
Bubble Sort Paralelo (Odd-Even);true;25000;REVERSED;8;5;350091100;350.0911
Insertion Sort Serial;false;25000;REVERSED;1;1;142328000;142.3280
Insertion Sort Serial;false;25000;REVERSED;1;2;148791100;148.7911
Insertion Sort Serial;false;25000;REVERSED;1;3;147352300;147.3523
Insertion Sort Serial;false;25000;REVERSED;1;4;143007600;143.0076
Insertion Sort Serial;false;25000;REVERSED;1;5;147465400;147.4654
Insertion Sort Paralelo (ForkJoin);true;25000;REVERSED;2;1;147133000;147.1330
Insertion Sort Paralelo (ForkJoin);true;25000;REVERSED;2;2;107913700;107.9137
Insertion Sort Paralelo (ForkJoin);true;25000;REVERSED;2;3;123677000;123.6770
Insertion Sort Paralelo (ForkJoin);true;25000;REVERSED;2;4;133907200;133.9072
Insertion Sort Paralelo (ForkJoin);true;25000;REVERSED;2;5;125919100;125.9191
Insertion Sort Paralelo (ForkJoin);true;25000;REVERSED;4;1;41471500;41.4715
Insertion Sort Paralelo (ForkJoin);true;25000;REVERSED;4;2;44378300;44.3783
Insertion Sort Paralelo (ForkJoin);true;25000;REVERSED;4;3;36228800;36.2288
Insertion Sort Paralelo (ForkJoin);true;25000;REVERSED;4;4;41454900;41.4549
Insertion Sort Paralelo (ForkJoin);true;25000;REVERSED;4;5;41613600;41.6136
Insertion Sort Paralelo (ForkJoin);true;25000;REVERSED;8;1;19397200;19.3972
Insertion Sort Paralelo (ForkJoin);true;25000;REVERSED;8;2;23583400;23.5834
Insertion Sort Paralelo (ForkJoin);true;25000;REVERSED;8;3;19698900;19.6989
Insertion Sort Paralelo (ForkJoin);true;25000;REVERSED;8;4;16143100;16.1431
Insertion Sort Paralelo (ForkJoin);true;25000;REVERSED;8;5;15908600;15.9086
Quick Sort Serial;false;25000;REVERSED;1;1;807100;0.8071
Quick Sort Serial;false;25000;REVERSED;1;2;1027700;1.0277
Quick Sort Serial;false;25000;REVERSED;1;3;947600;0.9476
Quick Sort Serial;false;25000;REVERSED;1;4;913600;0.9136
Quick Sort Serial;false;25000;REVERSED;1;5;981100;0.9811
Quick Sort Paralelo (ForkJoin);true;25000;REVERSED;2;1;1541100;1.5411
Quick Sort Paralelo (ForkJoin);true;25000;REVERSED;2;2;1400100;1.4001
Quick Sort Paralelo (ForkJoin);true;25000;REVERSED;2;3;1669000;1.6690
Quick Sort Paralelo (ForkJoin);true;25000;REVERSED;2;4;1694800;1.6948
Quick Sort Paralelo (ForkJoin);true;25000;REVERSED;2;5;1936200;1.9362
Quick Sort Paralelo (ForkJoin);true;25000;REVERSED;4;1;3479200;3.4792
Quick Sort Paralelo (ForkJoin);true;25000;REVERSED;4;2;1936300;1.9363
Quick Sort Paralelo (ForkJoin);true;25000;REVERSED;4;3;1622000;1.6220
Quick Sort Paralelo (ForkJoin);true;25000;REVERSED;4;4;1503100;1.5031
Quick Sort Paralelo (ForkJoin);true;25000;REVERSED;4;5;1568600;1.5686
Quick Sort Paralelo (ForkJoin);true;25000;REVERSED;8;1;2196200;2.1962
Quick Sort Paralelo (ForkJoin);true;25000;REVERSED;8;2;2470000;2.4700
Quick Sort Paralelo (ForkJoin);true;25000;REVERSED;8;3;1667400;1.6674
Quick Sort Paralelo (ForkJoin);true;25000;REVERSED;8;4;1764900;1.7649
Quick Sort Paralelo (ForkJoin);true;25000;REVERSED;8;5;1767700;1.7677
Merge Sort Serial;false;25000;REVERSED;1;1;2996300;2.9963
Merge Sort Serial;false;25000;REVERSED;1;2;3265600;3.2656
Merge Sort Serial;false;25000;REVERSED;1;3;2966100;2.9661
Merge Sort Serial;false;25000;REVERSED;1;4;2707000;2.7070
Merge Sort Serial;false;25000;REVERSED;1;5;2724300;2.7243
Merge Sort Paralelo (ForkJoin);true;25000;REVERSED;2;1;2404600;2.4046
Merge Sort Paralelo (ForkJoin);true;25000;REVERSED;2;2;2743900;2.7439
Merge Sort Paralelo (ForkJoin);true;25000;REVERSED;2;3;2428200;2.4282
Merge Sort Paralelo (ForkJoin);true;25000;REVERSED;2;4;2332600;2.3326
Merge Sort Paralelo (ForkJoin);true;25000;REVERSED;2;5;3256100;3.2561
Merge Sort Paralelo (ForkJoin);true;25000;REVERSED;4;1;2417500;2.4175
Merge Sort Paralelo (ForkJoin);true;25000;REVERSED;4;2;2439200;2.4392
Merge Sort Paralelo (ForkJoin);true;25000;REVERSED;4;3;2074400;2.0744
Merge Sort Paralelo (ForkJoin);true;25000;REVERSED;4;4;2138200;2.1382
Merge Sort Paralelo (ForkJoin);true;25000;REVERSED;4;5;2319700;2.3197
Merge Sort Paralelo (ForkJoin);true;25000;REVERSED;8;1;2709300;2.7093
Merge Sort Paralelo (ForkJoin);true;25000;REVERSED;8;2;2937800;2.9378
Merge Sort Paralelo (ForkJoin);true;25000;REVERSED;8;3;3124500;3.1245
Merge Sort Paralelo (ForkJoin);true;25000;REVERSED;8;4;2628000;2.6280
Merge Sort Paralelo (ForkJoin);true;25000;REVERSED;8;5;2374300;2.3743
Bubble Sort Serial;false;50000;REVERSED;1;1;2996202300;2996.2023
Bubble Sort Serial;false;50000;REVERSED;1;2;2932922000;2932.9220
Bubble Sort Serial;false;50000;REVERSED;1;3;2969840200;2969.8402
Bubble Sort Serial;false;50000;REVERSED;1;4;3025592300;3025.5923
Bubble Sort Serial;false;50000;REVERSED;1;5;2962357800;2962.3578
Bubble Sort Paralelo (Odd-Even);true;50000;REVERSED;2;1;825096200;825.0962
Bubble Sort Paralelo (Odd-Even);true;50000;REVERSED;2;2;917594400;917.5944
Bubble Sort Paralelo (Odd-Even);true;50000;REVERSED;2;3;861122700;861.1227
Bubble Sort Paralelo (Odd-Even);true;50000;REVERSED;2;4;785209700;785.2097
Bubble Sort Paralelo (Odd-Even);true;50000;REVERSED;2;5;770434200;770.4342
Bubble Sort Paralelo (Odd-Even);true;50000;REVERSED;4;1;479389900;479.3899
Bubble Sort Paralelo (Odd-Even);true;50000;REVERSED;4;2;508021500;508.0215
Bubble Sort Paralelo (Odd-Even);true;50000;REVERSED;4;3;479698800;479.6988
Bubble Sort Paralelo (Odd-Even);true;50000;REVERSED;4;4;491014100;491.0141
Bubble Sort Paralelo (Odd-Even);true;50000;REVERSED;4;5;484001200;484.0012
Bubble Sort Paralelo (Odd-Even);true;50000;REVERSED;8;1;842051800;842.0518
Bubble Sort Paralelo (Odd-Even);true;50000;REVERSED;8;2;858073000;858.0730
Bubble Sort Paralelo (Odd-Even);true;50000;REVERSED;8;3;834542800;834.5428
Bubble Sort Paralelo (Odd-Even);true;50000;REVERSED;8;4;781893200;781.8932
Bubble Sort Paralelo (Odd-Even);true;50000;REVERSED;8;5;797569100;797.5691
Insertion Sort Serial;false;50000;REVERSED;1;1;554178800;554.1788
Insertion Sort Serial;false;50000;REVERSED;1;2;586637000;586.6370
Insertion Sort Serial;false;50000;REVERSED;1;3;581994600;581.9946
Insertion Sort Serial;false;50000;REVERSED;1;4;587240100;587.2401
Insertion Sort Serial;false;50000;REVERSED;1;5;577914100;577.9141
Insertion Sort Paralelo (ForkJoin);true;50000;REVERSED;2;1;451700300;451.7003
Insertion Sort Paralelo (ForkJoin);true;50000;REVERSED;2;2;491884300;491.8843
Insertion Sort Paralelo (ForkJoin);true;50000;REVERSED;2;3;468930600;468.9306
Insertion Sort Paralelo (ForkJoin);true;50000;REVERSED;2;4;496367600;496.3676
Insertion Sort Paralelo (ForkJoin);true;50000;REVERSED;2;5;470045100;470.0451
Insertion Sort Paralelo (ForkJoin);true;50000;REVERSED;4;1;149532800;149.5328
Insertion Sort Paralelo (ForkJoin);true;50000;REVERSED;4;2;151634400;151.6344
Insertion Sort Paralelo (ForkJoin);true;50000;REVERSED;4;3;154865400;154.8654
Insertion Sort Paralelo (ForkJoin);true;50000;REVERSED;4;4;142374800;142.3748
Insertion Sort Paralelo (ForkJoin);true;50000;REVERSED;4;5;147487300;147.4873
Insertion Sort Paralelo (ForkJoin);true;50000;REVERSED;8;1;64231000;64.2310
Insertion Sort Paralelo (ForkJoin);true;50000;REVERSED;8;2;72680000;72.6800
Insertion Sort Paralelo (ForkJoin);true;50000;REVERSED;8;3;62111700;62.1117
Insertion Sort Paralelo (ForkJoin);true;50000;REVERSED;8;4;72090700;72.0907
Insertion Sort Paralelo (ForkJoin);true;50000;REVERSED;8;5;63448700;63.4487
Quick Sort Serial;false;50000;REVERSED;1;1;1940200;1.9402
Quick Sort Serial;false;50000;REVERSED;1;2;1619500;1.6195
Quick Sort Serial;false;50000;REVERSED;1;3;1596100;1.5961
Quick Sort Serial;false;50000;REVERSED;1;4;1952100;1.9521
Quick Sort Serial;false;50000;REVERSED;1;5;1602400;1.6024
Quick Sort Paralelo (ForkJoin);true;50000;REVERSED;2;1;2207500;2.2075
Quick Sort Paralelo (ForkJoin);true;50000;REVERSED;2;2;1928000;1.9280
Quick Sort Paralelo (ForkJoin);true;50000;REVERSED;2;3;2164300;2.1643
Quick Sort Paralelo (ForkJoin);true;50000;REVERSED;2;4;2094100;2.0941
Quick Sort Paralelo (ForkJoin);true;50000;REVERSED;2;5;4372000;4.3720
Quick Sort Paralelo (ForkJoin);true;50000;REVERSED;4;1;2044300;2.0443
Quick Sort Paralelo (ForkJoin);true;50000;REVERSED;4;2;2104100;2.1041
Quick Sort Paralelo (ForkJoin);true;50000;REVERSED;4;3;2392700;2.3927
Quick Sort Paralelo (ForkJoin);true;50000;REVERSED;4;4;1939600;1.9396
Quick Sort Paralelo (ForkJoin);true;50000;REVERSED;4;5;2149100;2.1491
Quick Sort Paralelo (ForkJoin);true;50000;REVERSED;8;1;2286200;2.2862
Quick Sort Paralelo (ForkJoin);true;50000;REVERSED;8;2;1859900;1.8599
Quick Sort Paralelo (ForkJoin);true;50000;REVERSED;8;3;1945900;1.9459
Quick Sort Paralelo (ForkJoin);true;50000;REVERSED;8;4;1845400;1.8454
Quick Sort Paralelo (ForkJoin);true;50000;REVERSED;8;5;1809900;1.8099
Merge Sort Serial;false;50000;REVERSED;1;1;5729300;5.7293
Merge Sort Serial;false;50000;REVERSED;1;2;5550400;5.5504
Merge Sort Serial;false;50000;REVERSED;1;3;5229400;5.2294
Merge Sort Serial;false;50000;REVERSED;1;4;5579400;5.5794
Merge Sort Serial;false;50000;REVERSED;1;5;5543300;5.5433
Merge Sort Paralelo (ForkJoin);true;50000;REVERSED;2;1;5561900;5.5619
Merge Sort Paralelo (ForkJoin);true;50000;REVERSED;2;2;3796900;3.7969
Merge Sort Paralelo (ForkJoin);true;50000;REVERSED;2;3;7211600;7.2116
Merge Sort Paralelo (ForkJoin);true;50000;REVERSED;2;4;6318000;6.3180
Merge Sort Paralelo (ForkJoin);true;50000;REVERSED;2;5;3822300;3.8223
Merge Sort Paralelo (ForkJoin);true;50000;REVERSED;4;1;3413900;3.4139
Merge Sort Paralelo (ForkJoin);true;50000;REVERSED;4;2;3249100;3.2491
Merge Sort Paralelo (ForkJoin);true;50000;REVERSED;4;3;3328100;3.3281
Merge Sort Paralelo (ForkJoin);true;50000;REVERSED;4;4;2806100;2.8061
Merge Sort Paralelo (ForkJoin);true;50000;REVERSED;4;5;2843400;2.8434
Merge Sort Paralelo (ForkJoin);true;50000;REVERSED;8;1;2752400;2.7524
Merge Sort Paralelo (ForkJoin);true;50000;REVERSED;8;2;3291000;3.2910
Merge Sort Paralelo (ForkJoin);true;50000;REVERSED;8;3;3578400;3.5784
Merge Sort Paralelo (ForkJoin);true;50000;REVERSED;8;4;3884400;3.8844
Merge Sort Paralelo (ForkJoin);true;50000;REVERSED;8;5;3106100;3.1061
Bubble Sort Serial;false;1000;RANDOM;1;1;1606000;1.6060
Bubble Sort Serial;false;1000;RANDOM;1;2;1387300;1.3873
Bubble Sort Serial;false;1000;RANDOM;1;3;1551000;1.5510
Bubble Sort Serial;false;1000;RANDOM;1;4;1409300;1.4093
Bubble Sort Serial;false;1000;RANDOM;1;5;1676300;1.6763
Bubble Sort Paralelo (Odd-Even);true;1000;RANDOM;2;1;2703000;2.7030
Bubble Sort Paralelo (Odd-Even);true;1000;RANDOM;2;2;3232000;3.2320
Bubble Sort Paralelo (Odd-Even);true;1000;RANDOM;2;3;2482200;2.4822
Bubble Sort Paralelo (Odd-Even);true;1000;RANDOM;2;4;1721800;1.7218
Bubble Sort Paralelo (Odd-Even);true;1000;RANDOM;2;5;1850300;1.8503
Bubble Sort Paralelo (Odd-Even);true;1000;RANDOM;4;1;1998500;1.9985
Bubble Sort Paralelo (Odd-Even);true;1000;RANDOM;4;2;1900700;1.9007
Bubble Sort Paralelo (Odd-Even);true;1000;RANDOM;4;3;1708500;1.7085
Bubble Sort Paralelo (Odd-Even);true;1000;RANDOM;4;4;1900700;1.9007
Bubble Sort Paralelo (Odd-Even);true;1000;RANDOM;4;5;2130000;2.1300
Bubble Sort Paralelo (Odd-Even);true;1000;RANDOM;8;1;59623600;59.6236
Bubble Sort Paralelo (Odd-Even);true;1000;RANDOM;8;2;37822600;37.8226
Bubble Sort Paralelo (Odd-Even);true;1000;RANDOM;8;3;46007000;46.0070
Bubble Sort Paralelo (Odd-Even);true;1000;RANDOM;8;4;30529200;30.5292
Bubble Sort Paralelo (Odd-Even);true;1000;RANDOM;8;5;44184900;44.1849
Insertion Sort Serial;false;1000;RANDOM;1;1;258000;0.2580
Insertion Sort Serial;false;1000;RANDOM;1;2;142300;0.1423
Insertion Sort Serial;false;1000;RANDOM;1;3;174500;0.1745
Insertion Sort Serial;false;1000;RANDOM;1;4;126600;0.1266
Insertion Sort Serial;false;1000;RANDOM;1;5;186300;0.1863
Insertion Sort Paralelo (ForkJoin);true;1000;RANDOM;2;1;1571500;1.5715
Insertion Sort Paralelo (ForkJoin);true;1000;RANDOM;2;2;1495400;1.4954
Insertion Sort Paralelo (ForkJoin);true;1000;RANDOM;2;3;1233400;1.2334
Insertion Sort Paralelo (ForkJoin);true;1000;RANDOM;2;4;1195400;1.1954
Insertion Sort Paralelo (ForkJoin);true;1000;RANDOM;2;5;1321400;1.3214
Insertion Sort Paralelo (ForkJoin);true;1000;RANDOM;4;1;1492800;1.4928
Insertion Sort Paralelo (ForkJoin);true;1000;RANDOM;4;2;1180400;1.1804
Insertion Sort Paralelo (ForkJoin);true;1000;RANDOM;4;3;1347100;1.3471
Insertion Sort Paralelo (ForkJoin);true;1000;RANDOM;4;4;1894400;1.8944
Insertion Sort Paralelo (ForkJoin);true;1000;RANDOM;4;5;1336600;1.3366
Insertion Sort Paralelo (ForkJoin);true;1000;RANDOM;8;1;1305200;1.3052
Insertion Sort Paralelo (ForkJoin);true;1000;RANDOM;8;2;1377400;1.3774
Insertion Sort Paralelo (ForkJoin);true;1000;RANDOM;8;3;1358200;1.3582
Insertion Sort Paralelo (ForkJoin);true;1000;RANDOM;8;4;1662500;1.6625
Insertion Sort Paralelo (ForkJoin);true;1000;RANDOM;8;5;1377000;1.3770
Quick Sort Serial;false;1000;RANDOM;1;1;145000;0.1450
Quick Sort Serial;false;1000;RANDOM;1;2;98600;0.0986
Quick Sort Serial;false;1000;RANDOM;1;3;99600;0.0996
Quick Sort Serial;false;1000;RANDOM;1;4;97700;0.0977
Quick Sort Serial;false;1000;RANDOM;1;5;106000;0.1060
Quick Sort Paralelo (ForkJoin);true;1000;RANDOM;2;1;1086000;1.0860
Quick Sort Paralelo (ForkJoin);true;1000;RANDOM;2;2;1170600;1.1706
Quick Sort Paralelo (ForkJoin);true;1000;RANDOM;2;3;898300;0.8983
Quick Sort Paralelo (ForkJoin);true;1000;RANDOM;2;4;1075300;1.0753
Quick Sort Paralelo (ForkJoin);true;1000;RANDOM;2;5;1259600;1.2596
Quick Sort Paralelo (ForkJoin);true;1000;RANDOM;4;1;839900;0.8399
Quick Sort Paralelo (ForkJoin);true;1000;RANDOM;4;2;1014300;1.0143
Quick Sort Paralelo (ForkJoin);true;1000;RANDOM;4;3;1133000;1.1330
Quick Sort Paralelo (ForkJoin);true;1000;RANDOM;4;4;913300;0.9133
Quick Sort Paralelo (ForkJoin);true;1000;RANDOM;4;5;915200;0.9152
Quick Sort Paralelo (ForkJoin);true;1000;RANDOM;8;1;1051400;1.0514
Quick Sort Paralelo (ForkJoin);true;1000;RANDOM;8;2;916100;0.9161
Quick Sort Paralelo (ForkJoin);true;1000;RANDOM;8;3;1764500;1.7645
Quick Sort Paralelo (ForkJoin);true;1000;RANDOM;8;4;1015500;1.0155
Quick Sort Paralelo (ForkJoin);true;1000;RANDOM;8;5;901200;0.9012
Merge Sort Serial;false;1000;RANDOM;1;1;275800;0.2758
Merge Sort Serial;false;1000;RANDOM;1;2;240600;0.2406
Merge Sort Serial;false;1000;RANDOM;1;3;250700;0.2507
Merge Sort Serial;false;1000;RANDOM;1;4;236300;0.2363
Merge Sort Serial;false;1000;RANDOM;1;5;238600;0.2386
Merge Sort Paralelo (ForkJoin);true;1000;RANDOM;2;1;1244100;1.2441
Merge Sort Paralelo (ForkJoin);true;1000;RANDOM;2;2;1553500;1.5535
Merge Sort Paralelo (ForkJoin);true;1000;RANDOM;2;3;1188700;1.1887
Merge Sort Paralelo (ForkJoin);true;1000;RANDOM;2;4;1204800;1.2048
Merge Sort Paralelo (ForkJoin);true;1000;RANDOM;2;5;1001500;1.0015
Merge Sort Paralelo (ForkJoin);true;1000;RANDOM;4;1;1081100;1.0811
Merge Sort Paralelo (ForkJoin);true;1000;RANDOM;4;2;1310300;1.3103
Merge Sort Paralelo (ForkJoin);true;1000;RANDOM;4;3;920900;0.9209
Merge Sort Paralelo (ForkJoin);true;1000;RANDOM;4;4;949800;0.9498
Merge Sort Paralelo (ForkJoin);true;1000;RANDOM;4;5;964800;0.9648
Merge Sort Paralelo (ForkJoin);true;1000;RANDOM;8;1;999600;0.9996
Merge Sort Paralelo (ForkJoin);true;1000;RANDOM;8;2;1116300;1.1163
Merge Sort Paralelo (ForkJoin);true;1000;RANDOM;8;3;1262500;1.2625
Merge Sort Paralelo (ForkJoin);true;1000;RANDOM;8;4;857500;0.8575
Merge Sort Paralelo (ForkJoin);true;1000;RANDOM;8;5;1014100;1.0141
Bubble Sort Serial;false;5000;RANDOM;1;1;26796600;26.7966
Bubble Sort Serial;false;5000;RANDOM;1;2;24125400;24.1254
Bubble Sort Serial;false;5000;RANDOM;1;3;21711900;21.7119
Bubble Sort Serial;false;5000;RANDOM;1;4;21567800;21.5678
Bubble Sort Serial;false;5000;RANDOM;1;5;28242200;28.2422
Bubble Sort Paralelo (Odd-Even);true;5000;RANDOM;2;1;12935500;12.9355
Bubble Sort Paralelo (Odd-Even);true;5000;RANDOM;2;2;13858100;13.8581
Bubble Sort Paralelo (Odd-Even);true;5000;RANDOM;2;3;11744100;11.7441
Bubble Sort Paralelo (Odd-Even);true;5000;RANDOM;2;4;10740900;10.7409
Bubble Sort Paralelo (Odd-Even);true;5000;RANDOM;2;5;10257600;10.2576
Bubble Sort Paralelo (Odd-Even);true;5000;RANDOM;4;1;13200900;13.2009
Bubble Sort Paralelo (Odd-Even);true;5000;RANDOM;4;2;9631400;9.6314
Bubble Sort Paralelo (Odd-Even);true;5000;RANDOM;4;3;8226500;8.2265
Bubble Sort Paralelo (Odd-Even);true;5000;RANDOM;4;4;9395900;9.3959
Bubble Sort Paralelo (Odd-Even);true;5000;RANDOM;4;5;9489400;9.4894
Bubble Sort Paralelo (Odd-Even);true;5000;RANDOM;8;1;29753800;29.7538
Bubble Sort Paralelo (Odd-Even);true;5000;RANDOM;8;2;14963900;14.9639
Bubble Sort Paralelo (Odd-Even);true;5000;RANDOM;8;3;16966600;16.9666
Bubble Sort Paralelo (Odd-Even);true;5000;RANDOM;8;4;31893200;31.8932
Bubble Sort Paralelo (Odd-Even);true;5000;RANDOM;8;5;28818100;28.8181
Insertion Sort Serial;false;5000;RANDOM;1;1;2739900;2.7399
Insertion Sort Serial;false;5000;RANDOM;1;2;3396300;3.3963
Insertion Sort Serial;false;5000;RANDOM;1;3;2867300;2.8673
Insertion Sort Serial;false;5000;RANDOM;1;4;2761100;2.7611
Insertion Sort Serial;false;5000;RANDOM;1;5;2755500;2.7555
Insertion Sort Paralelo (ForkJoin);true;5000;RANDOM;2;1;5322600;5.3226
Insertion Sort Paralelo (ForkJoin);true;5000;RANDOM;2;2;3334300;3.3343
Insertion Sort Paralelo (ForkJoin);true;5000;RANDOM;2;3;5067500;5.0675
Insertion Sort Paralelo (ForkJoin);true;5000;RANDOM;2;4;5989000;5.9890
Insertion Sort Paralelo (ForkJoin);true;5000;RANDOM;2;5;4137100;4.1371
Insertion Sort Paralelo (ForkJoin);true;5000;RANDOM;4;1;3129000;3.1290
Insertion Sort Paralelo (ForkJoin);true;5000;RANDOM;4;2;2720800;2.7208
Insertion Sort Paralelo (ForkJoin);true;5000;RANDOM;4;3;3151100;3.1511
Insertion Sort Paralelo (ForkJoin);true;5000;RANDOM;4;4;2816000;2.8160
Insertion Sort Paralelo (ForkJoin);true;5000;RANDOM;4;5;2890600;2.8906
Insertion Sort Paralelo (ForkJoin);true;5000;RANDOM;8;1;2295400;2.2954
Insertion Sort Paralelo (ForkJoin);true;5000;RANDOM;8;2;2215300;2.2153
Insertion Sort Paralelo (ForkJoin);true;5000;RANDOM;8;3;1986400;1.9864
Insertion Sort Paralelo (ForkJoin);true;5000;RANDOM;8;4;2337500;2.3375
Insertion Sort Paralelo (ForkJoin);true;5000;RANDOM;8;5;2547400;2.5474
Quick Sort Serial;false;5000;RANDOM;1;1;550800;0.5508
Quick Sort Serial;false;5000;RANDOM;1;2;449500;0.4495
Quick Sort Serial;false;5000;RANDOM;1;3;492000;0.4920
Quick Sort Serial;false;5000;RANDOM;1;4;446200;0.4462
Quick Sort Serial;false;5000;RANDOM;1;5;447900;0.4479
Quick Sort Paralelo (ForkJoin);true;5000;RANDOM;2;1;2109600;2.1096
Quick Sort Paralelo (ForkJoin);true;5000;RANDOM;2;2;1853700;1.8537
Quick Sort Paralelo (ForkJoin);true;5000;RANDOM;2;3;1753100;1.7531
Quick Sort Paralelo (ForkJoin);true;5000;RANDOM;2;4;1492100;1.4921
Quick Sort Paralelo (ForkJoin);true;5000;RANDOM;2;5;1737100;1.7371
Quick Sort Paralelo (ForkJoin);true;5000;RANDOM;4;1;1690500;1.6905
Quick Sort Paralelo (ForkJoin);true;5000;RANDOM;4;2;2449300;2.4493
Quick Sort Paralelo (ForkJoin);true;5000;RANDOM;4;3;1817900;1.8179
Quick Sort Paralelo (ForkJoin);true;5000;RANDOM;4;4;1752900;1.7529
Quick Sort Paralelo (ForkJoin);true;5000;RANDOM;4;5;2993600;2.9936
Quick Sort Paralelo (ForkJoin);true;5000;RANDOM;8;1;1851100;1.8511
Quick Sort Paralelo (ForkJoin);true;5000;RANDOM;8;2;2530400;2.5304
Quick Sort Paralelo (ForkJoin);true;5000;RANDOM;8;3;1720000;1.7200
Quick Sort Paralelo (ForkJoin);true;5000;RANDOM;8;4;2407500;2.4075
Quick Sort Paralelo (ForkJoin);true;5000;RANDOM;8;5;2402400;2.4024
Merge Sort Serial;false;5000;RANDOM;1;1;1327400;1.3274
Merge Sort Serial;false;5000;RANDOM;1;2;1245300;1.2453
Merge Sort Serial;false;5000;RANDOM;1;3;1023700;1.0237
Merge Sort Serial;false;5000;RANDOM;1;4;977700;0.9777
Merge Sort Serial;false;5000;RANDOM;1;5;1022900;1.0229
Merge Sort Paralelo (ForkJoin);true;5000;RANDOM;2;1;2117400;2.1174
Merge Sort Paralelo (ForkJoin);true;5000;RANDOM;2;2;2084000;2.0840
Merge Sort Paralelo (ForkJoin);true;5000;RANDOM;2;3;1548700;1.5487
Merge Sort Paralelo (ForkJoin);true;5000;RANDOM;2;4;1535200;1.5352
Merge Sort Paralelo (ForkJoin);true;5000;RANDOM;2;5;5336100;5.3361
Merge Sort Paralelo (ForkJoin);true;5000;RANDOM;4;1;2248400;2.2484
Merge Sort Paralelo (ForkJoin);true;5000;RANDOM;4;2;1735600;1.7356
Merge Sort Paralelo (ForkJoin);true;5000;RANDOM;4;3;1909200;1.9092
Merge Sort Paralelo (ForkJoin);true;5000;RANDOM;4;4;1964400;1.9644
Merge Sort Paralelo (ForkJoin);true;5000;RANDOM;4;5;1673000;1.6730
Merge Sort Paralelo (ForkJoin);true;5000;RANDOM;8;1;1763600;1.7636
Merge Sort Paralelo (ForkJoin);true;5000;RANDOM;8;2;2209800;2.2098
Merge Sort Paralelo (ForkJoin);true;5000;RANDOM;8;3;3450400;3.4504
Merge Sort Paralelo (ForkJoin);true;5000;RANDOM;8;4;2462000;2.4620
Merge Sort Paralelo (ForkJoin);true;5000;RANDOM;8;5;2436400;2.4364
Bubble Sort Serial;false;10000;RANDOM;1;1;138197200;138.1972
Bubble Sort Serial;false;10000;RANDOM;1;2;146738700;146.7387
Bubble Sort Serial;false;10000;RANDOM;1;3;136747600;136.7476
Bubble Sort Serial;false;10000;RANDOM;1;4;142840100;142.8401
Bubble Sort Serial;false;10000;RANDOM;1;5;138386500;138.3865
Bubble Sort Paralelo (Odd-Even);true;10000;RANDOM;2;1;44365800;44.3658
Bubble Sort Paralelo (Odd-Even);true;10000;RANDOM;2;2;35380400;35.3804
Bubble Sort Paralelo (Odd-Even);true;10000;RANDOM;2;3;45226400;45.2264
Bubble Sort Paralelo (Odd-Even);true;10000;RANDOM;2;4;77570400;77.5704
Bubble Sort Paralelo (Odd-Even);true;10000;RANDOM;2;5;43446500;43.4465
Bubble Sort Paralelo (Odd-Even);true;10000;RANDOM;4;1;28767300;28.7673
Bubble Sort Paralelo (Odd-Even);true;10000;RANDOM;4;2;25407500;25.4075
Bubble Sort Paralelo (Odd-Even);true;10000;RANDOM;4;3;25985100;25.9851
Bubble Sort Paralelo (Odd-Even);true;10000;RANDOM;4;4;23402300;23.4023
Bubble Sort Paralelo (Odd-Even);true;10000;RANDOM;4;5;29356700;29.3567
Bubble Sort Paralelo (Odd-Even);true;10000;RANDOM;8;1;71224200;71.2242
Bubble Sort Paralelo (Odd-Even);true;10000;RANDOM;8;2;50409000;50.4090
Bubble Sort Paralelo (Odd-Even);true;10000;RANDOM;8;3;48635000;48.6350
Bubble Sort Paralelo (Odd-Even);true;10000;RANDOM;8;4;69254900;69.2549
Bubble Sort Paralelo (Odd-Even);true;10000;RANDOM;8;5;92855900;92.8559
Insertion Sort Serial;false;10000;RANDOM;1;1;10539200;10.5392
Insertion Sort Serial;false;10000;RANDOM;1;2;11090600;11.0906
Insertion Sort Serial;false;10000;RANDOM;1;3;11177900;11.1779
Insertion Sort Serial;false;10000;RANDOM;1;4;10999900;10.9999
Insertion Sort Serial;false;10000;RANDOM;1;5;11386700;11.3867
Insertion Sort Paralelo (ForkJoin);true;10000;RANDOM;2;1;14745500;14.7455
Insertion Sort Paralelo (ForkJoin);true;10000;RANDOM;2;2;12777000;12.7770
Insertion Sort Paralelo (ForkJoin);true;10000;RANDOM;2;3;12214600;12.2146
Insertion Sort Paralelo (ForkJoin);true;10000;RANDOM;2;4;13674600;13.6746
Insertion Sort Paralelo (ForkJoin);true;10000;RANDOM;2;5;12216100;12.2161
Insertion Sort Paralelo (ForkJoin);true;10000;RANDOM;4;1;7274300;7.2743
Insertion Sort Paralelo (ForkJoin);true;10000;RANDOM;4;2;5500300;5.5003
Insertion Sort Paralelo (ForkJoin);true;10000;RANDOM;4;3;3577200;3.5772
Insertion Sort Paralelo (ForkJoin);true;10000;RANDOM;4;4;5013800;5.0138
Insertion Sort Paralelo (ForkJoin);true;10000;RANDOM;4;5;5317900;5.3179
Insertion Sort Paralelo (ForkJoin);true;10000;RANDOM;8;1;2853000;2.8530
Insertion Sort Paralelo (ForkJoin);true;10000;RANDOM;8;2;2841900;2.8419
Insertion Sort Paralelo (ForkJoin);true;10000;RANDOM;8;3;5120800;5.1208
Insertion Sort Paralelo (ForkJoin);true;10000;RANDOM;8;4;3808500;3.8085
Insertion Sort Paralelo (ForkJoin);true;10000;RANDOM;8;5;4425000;4.4250
Quick Sort Serial;false;10000;RANDOM;1;1;978100;0.9781
Quick Sort Serial;false;10000;RANDOM;1;2;1083700;1.0837
Quick Sort Serial;false;10000;RANDOM;1;3;992300;0.9923
Quick Sort Serial;false;10000;RANDOM;1;4;1002600;1.0026
Quick Sort Serial;false;10000;RANDOM;1;5;1004100;1.0041
Quick Sort Paralelo (ForkJoin);true;10000;RANDOM;2;1;1710700;1.7107
Quick Sort Paralelo (ForkJoin);true;10000;RANDOM;2;2;1573400;1.5734
Quick Sort Paralelo (ForkJoin);true;10000;RANDOM;2;3;1591800;1.5918
Quick Sort Paralelo (ForkJoin);true;10000;RANDOM;2;4;2278800;2.2788
Quick Sort Paralelo (ForkJoin);true;10000;RANDOM;2;5;2328500;2.3285
Quick Sort Paralelo (ForkJoin);true;10000;RANDOM;4;1;1606000;1.6060
Quick Sort Paralelo (ForkJoin);true;10000;RANDOM;4;2;1511500;1.5115
Quick Sort Paralelo (ForkJoin);true;10000;RANDOM;4;3;1774100;1.7741
Quick Sort Paralelo (ForkJoin);true;10000;RANDOM;4;4;1707800;1.7078
Quick Sort Paralelo (ForkJoin);true;10000;RANDOM;4;5;1704200;1.7042
Quick Sort Paralelo (ForkJoin);true;10000;RANDOM;8;1;1906000;1.9060
Quick Sort Paralelo (ForkJoin);true;10000;RANDOM;8;2;2549600;2.5496
Quick Sort Paralelo (ForkJoin);true;10000;RANDOM;8;3;2489700;2.4897
Quick Sort Paralelo (ForkJoin);true;10000;RANDOM;8;4;2039600;2.0396
Quick Sort Paralelo (ForkJoin);true;10000;RANDOM;8;5;2113800;2.1138
Merge Sort Serial;false;10000;RANDOM;1;1;2363900;2.3639
Merge Sort Serial;false;10000;RANDOM;1;2;2016100;2.0161
Merge Sort Serial;false;10000;RANDOM;1;3;2176800;2.1768
Merge Sort Serial;false;10000;RANDOM;1;4;2537600;2.5376
Merge Sort Serial;false;10000;RANDOM;1;5;2007600;2.0076
Merge Sort Paralelo (ForkJoin);true;10000;RANDOM;2;1;3324000;3.3240
Merge Sort Paralelo (ForkJoin);true;10000;RANDOM;2;2;2265300;2.2653
Merge Sort Paralelo (ForkJoin);true;10000;RANDOM;2;3;2324300;2.3243
Merge Sort Paralelo (ForkJoin);true;10000;RANDOM;2;4;2480500;2.4805
Merge Sort Paralelo (ForkJoin);true;10000;RANDOM;2;5;3181300;3.1813
Merge Sort Paralelo (ForkJoin);true;10000;RANDOM;4;1;1985800;1.9858
Merge Sort Paralelo (ForkJoin);true;10000;RANDOM;4;2;2289900;2.2899
Merge Sort Paralelo (ForkJoin);true;10000;RANDOM;4;3;2157900;2.1579
Merge Sort Paralelo (ForkJoin);true;10000;RANDOM;4;4;1966800;1.9668
Merge Sort Paralelo (ForkJoin);true;10000;RANDOM;4;5;2330400;2.3304
Merge Sort Paralelo (ForkJoin);true;10000;RANDOM;8;1;1997200;1.9972
Merge Sort Paralelo (ForkJoin);true;10000;RANDOM;8;2;2069600;2.0696
Merge Sort Paralelo (ForkJoin);true;10000;RANDOM;8;3;2493400;2.4934
Merge Sort Paralelo (ForkJoin);true;10000;RANDOM;8;4;2519400;2.5194
Merge Sort Paralelo (ForkJoin);true;10000;RANDOM;8;5;3187900;3.1879
Bubble Sort Serial;false;25000;RANDOM;1;1;1229512700;1229.5127
Bubble Sort Serial;false;25000;RANDOM;1;2;1236002700;1236.0027
Bubble Sort Serial;false;25000;RANDOM;1;3;1249849700;1249.8497
Bubble Sort Serial;false;25000;RANDOM;1;4;1225929600;1225.9296
Bubble Sort Serial;false;25000;RANDOM;1;5;1237060700;1237.0607
Bubble Sort Paralelo (Odd-Even);true;25000;RANDOM;2;1;261502600;261.5026
Bubble Sort Paralelo (Odd-Even);true;25000;RANDOM;2;2;258978400;258.9784
Bubble Sort Paralelo (Odd-Even);true;25000;RANDOM;2;3;268928900;268.9289
Bubble Sort Paralelo (Odd-Even);true;25000;RANDOM;2;4;300232900;300.2329
Bubble Sort Paralelo (Odd-Even);true;25000;RANDOM;2;5;298642100;298.6421
Bubble Sort Paralelo (Odd-Even);true;25000;RANDOM;4;1;168116600;168.1166
Bubble Sort Paralelo (Odd-Even);true;25000;RANDOM;4;2;159631800;159.6318
Bubble Sort Paralelo (Odd-Even);true;25000;RANDOM;4;3;154893600;154.8936
Bubble Sort Paralelo (Odd-Even);true;25000;RANDOM;4;4;165763000;165.7630
Bubble Sort Paralelo (Odd-Even);true;25000;RANDOM;4;5;150293500;150.2935
Bubble Sort Paralelo (Odd-Even);true;25000;RANDOM;8;1;366909300;366.9093
Bubble Sort Paralelo (Odd-Even);true;25000;RANDOM;8;2;322799500;322.7995
Bubble Sort Paralelo (Odd-Even);true;25000;RANDOM;8;3;299748800;299.7488
Bubble Sort Paralelo (Odd-Even);true;25000;RANDOM;8;4;272634500;272.6345
Bubble Sort Paralelo (Odd-Even);true;25000;RANDOM;8;5;233226300;233.2263
Insertion Sort Serial;false;25000;RANDOM;1;1;67164300;67.1643
Insertion Sort Serial;false;25000;RANDOM;1;2;66963100;66.9631
Insertion Sort Serial;false;25000;RANDOM;1;3;92592500;92.5925
Insertion Sort Serial;false;25000;RANDOM;1;4;68508800;68.5088
Insertion Sort Serial;false;25000;RANDOM;1;5;71961300;71.9613
Insertion Sort Paralelo (ForkJoin);true;25000;RANDOM;2;1;67360600;67.3606
Insertion Sort Paralelo (ForkJoin);true;25000;RANDOM;2;2;58538100;58.5381
Insertion Sort Paralelo (ForkJoin);true;25000;RANDOM;2;3;62971400;62.9714
Insertion Sort Paralelo (ForkJoin);true;25000;RANDOM;2;4;50876900;50.8769
Insertion Sort Paralelo (ForkJoin);true;25000;RANDOM;2;5;51926600;51.9266
Insertion Sort Paralelo (ForkJoin);true;25000;RANDOM;4;1;22516500;22.5165
Insertion Sort Paralelo (ForkJoin);true;25000;RANDOM;4;2;22972500;22.9725
Insertion Sort Paralelo (ForkJoin);true;25000;RANDOM;4;3;25892600;25.8926
Insertion Sort Paralelo (ForkJoin);true;25000;RANDOM;4;4;21926000;21.9260
Insertion Sort Paralelo (ForkJoin);true;25000;RANDOM;4;5;20238800;20.2388
Insertion Sort Paralelo (ForkJoin);true;25000;RANDOM;8;1;8352400;8.3524
Insertion Sort Paralelo (ForkJoin);true;25000;RANDOM;8;2;9728800;9.7288
Insertion Sort Paralelo (ForkJoin);true;25000;RANDOM;8;3;9743500;9.7435
Insertion Sort Paralelo (ForkJoin);true;25000;RANDOM;8;4;8846800;8.8468
Insertion Sort Paralelo (ForkJoin);true;25000;RANDOM;8;5;10676900;10.6769
Quick Sort Serial;false;25000;RANDOM;1;1;2559400;2.5594
Quick Sort Serial;false;25000;RANDOM;1;2;3240400;3.2404
Quick Sort Serial;false;25000;RANDOM;1;3;3444500;3.4445
Quick Sort Serial;false;25000;RANDOM;1;4;2802700;2.8027
Quick Sort Serial;false;25000;RANDOM;1;5;3084400;3.0844
Quick Sort Paralelo (ForkJoin);true;25000;RANDOM;2;1;2578700;2.5787
Quick Sort Paralelo (ForkJoin);true;25000;RANDOM;2;2;2701900;2.7019
Quick Sort Paralelo (ForkJoin);true;25000;RANDOM;2;3;2240600;2.2406
Quick Sort Paralelo (ForkJoin);true;25000;RANDOM;2;4;3013200;3.0132
Quick Sort Paralelo (ForkJoin);true;25000;RANDOM;2;5;2630600;2.6306
Quick Sort Paralelo (ForkJoin);true;25000;RANDOM;4;1;2259700;2.2597
Quick Sort Paralelo (ForkJoin);true;25000;RANDOM;4;2;2225900;2.2259
Quick Sort Paralelo (ForkJoin);true;25000;RANDOM;4;3;2274800;2.2748
Quick Sort Paralelo (ForkJoin);true;25000;RANDOM;4;4;1987100;1.9871
Quick Sort Paralelo (ForkJoin);true;25000;RANDOM;4;5;2341200;2.3412
Quick Sort Paralelo (ForkJoin);true;25000;RANDOM;8;1;2031200;2.0312
Quick Sort Paralelo (ForkJoin);true;25000;RANDOM;8;2;2281200;2.2812
Quick Sort Paralelo (ForkJoin);true;25000;RANDOM;8;3;2500500;2.5005
Quick Sort Paralelo (ForkJoin);true;25000;RANDOM;8;4;2642500;2.6425
Quick Sort Paralelo (ForkJoin);true;25000;RANDOM;8;5;2397400;2.3974
Merge Sort Serial;false;25000;RANDOM;1;1;5604700;5.6047
Merge Sort Serial;false;25000;RANDOM;1;2;5481400;5.4814
Merge Sort Serial;false;25000;RANDOM;1;3;5464900;5.4649
Merge Sort Serial;false;25000;RANDOM;1;4;5216500;5.2165
Merge Sort Serial;false;25000;RANDOM;1;5;5528000;5.5280
Merge Sort Paralelo (ForkJoin);true;25000;RANDOM;2;1;3950900;3.9509
Merge Sort Paralelo (ForkJoin);true;25000;RANDOM;2;2;4339200;4.3392
Merge Sort Paralelo (ForkJoin);true;25000;RANDOM;2;3;4265900;4.2659
Merge Sort Paralelo (ForkJoin);true;25000;RANDOM;2;4;4596900;4.5969
Merge Sort Paralelo (ForkJoin);true;25000;RANDOM;2;5;3910200;3.9102
Merge Sort Paralelo (ForkJoin);true;25000;RANDOM;4;1;3308200;3.3082
Merge Sort Paralelo (ForkJoin);true;25000;RANDOM;4;2;3430900;3.4309
Merge Sort Paralelo (ForkJoin);true;25000;RANDOM;4;3;3370700;3.3707
Merge Sort Paralelo (ForkJoin);true;25000;RANDOM;4;4;3015100;3.0151
Merge Sort Paralelo (ForkJoin);true;25000;RANDOM;4;5;3184000;3.1840
Merge Sort Paralelo (ForkJoin);true;25000;RANDOM;8;1;3406000;3.4060
Merge Sort Paralelo (ForkJoin);true;25000;RANDOM;8;2;3103900;3.1039
Merge Sort Paralelo (ForkJoin);true;25000;RANDOM;8;3;2961200;2.9612
Merge Sort Paralelo (ForkJoin);true;25000;RANDOM;8;4;3855900;3.8559
Merge Sort Paralelo (ForkJoin);true;25000;RANDOM;8;5;3114100;3.1141
Bubble Sort Serial;false;50000;RANDOM;1;1;5236423600;5236.4236
Bubble Sort Serial;false;50000;RANDOM;1;2;5282312800;5282.3128
Bubble Sort Serial;false;50000;RANDOM;1;3;5379919400;5379.9194
Bubble Sort Serial;false;50000;RANDOM;1;4;5264363900;5264.3639
Bubble Sort Serial;false;50000;RANDOM;1;5;5288731000;5288.7310
Bubble Sort Paralelo (Odd-Even);true;50000;RANDOM;2;1;1196049400;1196.0494
Bubble Sort Paralelo (Odd-Even);true;50000;RANDOM;2;2;1113408200;1113.4082
Bubble Sort Paralelo (Odd-Even);true;50000;RANDOM;2;3;1134360700;1134.3607
Bubble Sort Paralelo (Odd-Even);true;50000;RANDOM;2;4;1177068200;1177.0682
Bubble Sort Paralelo (Odd-Even);true;50000;RANDOM;2;5;1210144900;1210.1449
Bubble Sort Paralelo (Odd-Even);true;50000;RANDOM;4;1;582043000;582.0430
Bubble Sort Paralelo (Odd-Even);true;50000;RANDOM;4;2;752039100;752.0391
Bubble Sort Paralelo (Odd-Even);true;50000;RANDOM;4;3;602695000;602.6950
Bubble Sort Paralelo (Odd-Even);true;50000;RANDOM;4;4;635442800;635.4428
Bubble Sort Paralelo (Odd-Even);true;50000;RANDOM;4;5;593586600;593.5866
Bubble Sort Paralelo (Odd-Even);true;50000;RANDOM;8;1;877153200;877.1532
Bubble Sort Paralelo (Odd-Even);true;50000;RANDOM;8;2;1631841200;1631.8412
Bubble Sort Paralelo (Odd-Even);true;50000;RANDOM;8;3;1256357000;1256.3570
Bubble Sort Paralelo (Odd-Even);true;50000;RANDOM;8;4;1109058900;1109.0589
Bubble Sort Paralelo (Odd-Even);true;50000;RANDOM;8;5;921131700;921.1317
Insertion Sort Serial;false;50000;RANDOM;1;1;296999900;296.9999
Insertion Sort Serial;false;50000;RANDOM;1;2;290283500;290.2835
Insertion Sort Serial;false;50000;RANDOM;1;3;293567600;293.5676
Insertion Sort Serial;false;50000;RANDOM;1;4;294903200;294.9032
Insertion Sort Serial;false;50000;RANDOM;1;5;302679300;302.6793
Insertion Sort Paralelo (ForkJoin);true;50000;RANDOM;2;1;230770200;230.7702
Insertion Sort Paralelo (ForkJoin);true;50000;RANDOM;2;2;257032200;257.0322
Insertion Sort Paralelo (ForkJoin);true;50000;RANDOM;2;3;247035900;247.0359
Insertion Sort Paralelo (ForkJoin);true;50000;RANDOM;2;4;272034600;272.0346
Insertion Sort Paralelo (ForkJoin);true;50000;RANDOM;2;5;270589500;270.5895
Insertion Sort Paralelo (ForkJoin);true;50000;RANDOM;4;1;86253900;86.2539
Insertion Sort Paralelo (ForkJoin);true;50000;RANDOM;4;2;86546000;86.5460
Insertion Sort Paralelo (ForkJoin);true;50000;RANDOM;4;3;75096800;75.0968
Insertion Sort Paralelo (ForkJoin);true;50000;RANDOM;4;4;74594600;74.5946
Insertion Sort Paralelo (ForkJoin);true;50000;RANDOM;4;5;70754700;70.7547
Insertion Sort Paralelo (ForkJoin);true;50000;RANDOM;8;1;36310700;36.3107
Insertion Sort Paralelo (ForkJoin);true;50000;RANDOM;8;2;42433700;42.4337
Insertion Sort Paralelo (ForkJoin);true;50000;RANDOM;8;3;29984800;29.9848
Insertion Sort Paralelo (ForkJoin);true;50000;RANDOM;8;4;40718700;40.7187
Insertion Sort Paralelo (ForkJoin);true;50000;RANDOM;8;5;39660500;39.6605
Quick Sort Serial;false;50000;RANDOM;1;1;5476800;5.4768
Quick Sort Serial;false;50000;RANDOM;1;2;5910000;5.9100
Quick Sort Serial;false;50000;RANDOM;1;3;6616900;6.6169
Quick Sort Serial;false;50000;RANDOM;1;4;5564700;5.5647
Quick Sort Serial;false;50000;RANDOM;1;5;5692700;5.6927
Quick Sort Paralelo (ForkJoin);true;50000;RANDOM;2;1;4829900;4.8299
Quick Sort Paralelo (ForkJoin);true;50000;RANDOM;2;2;5035900;5.0359
Quick Sort Paralelo (ForkJoin);true;50000;RANDOM;2;3;5739500;5.7395
Quick Sort Paralelo (ForkJoin);true;50000;RANDOM;2;4;4055600;4.0556
Quick Sort Paralelo (ForkJoin);true;50000;RANDOM;2;5;3984200;3.9842
Quick Sort Paralelo (ForkJoin);true;50000;RANDOM;4;1;2961800;2.9618
Quick Sort Paralelo (ForkJoin);true;50000;RANDOM;4;2;3617600;3.6176
Quick Sort Paralelo (ForkJoin);true;50000;RANDOM;4;3;4421800;4.4218
Quick Sort Paralelo (ForkJoin);true;50000;RANDOM;4;4;2947800;2.9478
Quick Sort Paralelo (ForkJoin);true;50000;RANDOM;4;5;3305500;3.3055
Quick Sort Paralelo (ForkJoin);true;50000;RANDOM;8;1;2950500;2.9505
Quick Sort Paralelo (ForkJoin);true;50000;RANDOM;8;2;3500700;3.5007
Quick Sort Paralelo (ForkJoin);true;50000;RANDOM;8;3;3494500;3.4945
Quick Sort Paralelo (ForkJoin);true;50000;RANDOM;8;4;3583200;3.5832
Quick Sort Paralelo (ForkJoin);true;50000;RANDOM;8;5;3428000;3.4280
Merge Sort Serial;false;50000;RANDOM;1;1;15916800;15.9168
Merge Sort Serial;false;50000;RANDOM;1;2;11653600;11.6536
Merge Sort Serial;false;50000;RANDOM;1;3;12566500;12.5665
Merge Sort Serial;false;50000;RANDOM;1;4;11967400;11.9674
Merge Sort Serial;false;50000;RANDOM;1;5;12976300;12.9763
Merge Sort Paralelo (ForkJoin);true;50000;RANDOM;2;1;8668300;8.6683
Merge Sort Paralelo (ForkJoin);true;50000;RANDOM;2;2;7064600;7.0646
Merge Sort Paralelo (ForkJoin);true;50000;RANDOM;2;3;7665100;7.6651
Merge Sort Paralelo (ForkJoin);true;50000;RANDOM;2;4;7155400;7.1554
Merge Sort Paralelo (ForkJoin);true;50000;RANDOM;2;5;6999600;6.9996
Merge Sort Paralelo (ForkJoin);true;50000;RANDOM;4;1;6230400;6.2304
Merge Sort Paralelo (ForkJoin);true;50000;RANDOM;4;2;4546900;4.5469
Merge Sort Paralelo (ForkJoin);true;50000;RANDOM;4;3;5193200;5.1932
Merge Sort Paralelo (ForkJoin);true;50000;RANDOM;4;4;5011900;5.0119
Merge Sort Paralelo (ForkJoin);true;50000;RANDOM;4;5;5031400;5.0314
Merge Sort Paralelo (ForkJoin);true;50000;RANDOM;8;1;4913500;4.9135
Merge Sort Paralelo (ForkJoin);true;50000;RANDOM;8;2;5341200;5.3412
Merge Sort Paralelo (ForkJoin);true;50000;RANDOM;8;3;8684500;8.6845
Merge Sort Paralelo (ForkJoin);true;50000;RANDOM;8;4;8341400;8.3414
Merge Sort Paralelo (ForkJoin);true;50000;RANDOM;8;5;6572200;6.5722
Bubble Sort Serial;false;1000;NEARLY_SORTED;1;1;456100;0.4561
Bubble Sort Serial;false;1000;NEARLY_SORTED;1;2;433700;0.4337
Bubble Sort Serial;false;1000;NEARLY_SORTED;1;3;505400;0.5054
Bubble Sort Serial;false;1000;NEARLY_SORTED;1;4;455100;0.4551
Bubble Sort Serial;false;1000;NEARLY_SORTED;1;5;456000;0.4560
Bubble Sort Paralelo (Odd-Even);true;1000;NEARLY_SORTED;2;1;1259500;1.2595
Bubble Sort Paralelo (Odd-Even);true;1000;NEARLY_SORTED;2;2;1254600;1.2546
Bubble Sort Paralelo (Odd-Even);true;1000;NEARLY_SORTED;2;3;1172700;1.1727
Bubble Sort Paralelo (Odd-Even);true;1000;NEARLY_SORTED;2;4;1292900;1.2929
Bubble Sort Paralelo (Odd-Even);true;1000;NEARLY_SORTED;2;5;1252500;1.2525
Bubble Sort Paralelo (Odd-Even);true;1000;NEARLY_SORTED;4;1;1537800;1.5378
Bubble Sort Paralelo (Odd-Even);true;1000;NEARLY_SORTED;4;2;1795800;1.7958
Bubble Sort Paralelo (Odd-Even);true;1000;NEARLY_SORTED;4;3;1330100;1.3301
Bubble Sort Paralelo (Odd-Even);true;1000;NEARLY_SORTED;4;4;1616800;1.6168
Bubble Sort Paralelo (Odd-Even);true;1000;NEARLY_SORTED;4;5;1631700;1.6317
Bubble Sort Paralelo (Odd-Even);true;1000;NEARLY_SORTED;8;1;8147900;8.1479
Bubble Sort Paralelo (Odd-Even);true;1000;NEARLY_SORTED;8;2;2455500;2.4555
Bubble Sort Paralelo (Odd-Even);true;1000;NEARLY_SORTED;8;3;2354700;2.3547
Bubble Sort Paralelo (Odd-Even);true;1000;NEARLY_SORTED;8;4;4278600;4.2786
Bubble Sort Paralelo (Odd-Even);true;1000;NEARLY_SORTED;8;5;45223800;45.2238
Insertion Sort Serial;false;1000;NEARLY_SORTED;1;1;27200;0.0272
Insertion Sort Serial;false;1000;NEARLY_SORTED;1;2;37000;0.0370
Insertion Sort Serial;false;1000;NEARLY_SORTED;1;3;40500;0.0405
Insertion Sort Serial;false;1000;NEARLY_SORTED;1;4;32600;0.0326
Insertion Sort Serial;false;1000;NEARLY_SORTED;1;5;26500;0.0265
Insertion Sort Paralelo (ForkJoin);true;1000;NEARLY_SORTED;2;1;1102400;1.1024
Insertion Sort Paralelo (ForkJoin);true;1000;NEARLY_SORTED;2;2;943800;0.9438
Insertion Sort Paralelo (ForkJoin);true;1000;NEARLY_SORTED;2;3;818100;0.8181
Insertion Sort Paralelo (ForkJoin);true;1000;NEARLY_SORTED;2;4;5433900;5.4339
Insertion Sort Paralelo (ForkJoin);true;1000;NEARLY_SORTED;2;5;1687300;1.6873
Insertion Sort Paralelo (ForkJoin);true;1000;NEARLY_SORTED;4;1;1024000;1.0240
Insertion Sort Paralelo (ForkJoin);true;1000;NEARLY_SORTED;4;2;1050700;1.0507
Insertion Sort Paralelo (ForkJoin);true;1000;NEARLY_SORTED;4;3;1676700;1.6767
Insertion Sort Paralelo (ForkJoin);true;1000;NEARLY_SORTED;4;4;1482800;1.4828
Insertion Sort Paralelo (ForkJoin);true;1000;NEARLY_SORTED;4;5;1371600;1.3716
Insertion Sort Paralelo (ForkJoin);true;1000;NEARLY_SORTED;8;1;1191400;1.1914
Insertion Sort Paralelo (ForkJoin);true;1000;NEARLY_SORTED;8;2;1667900;1.6679
Insertion Sort Paralelo (ForkJoin);true;1000;NEARLY_SORTED;8;3;1218400;1.2184
Insertion Sort Paralelo (ForkJoin);true;1000;NEARLY_SORTED;8;4;1737100;1.7371
Insertion Sort Paralelo (ForkJoin);true;1000;NEARLY_SORTED;8;5;1010200;1.0102
Quick Sort Serial;false;1000;NEARLY_SORTED;1;1;62500;0.0625
Quick Sort Serial;false;1000;NEARLY_SORTED;1;2;75400;0.0754
Quick Sort Serial;false;1000;NEARLY_SORTED;1;3;61700;0.0617
Quick Sort Serial;false;1000;NEARLY_SORTED;1;4;58400;0.0584
Quick Sort Serial;false;1000;NEARLY_SORTED;1;5;71700;0.0717
Quick Sort Paralelo (ForkJoin);true;1000;NEARLY_SORTED;2;1;937400;0.9374
Quick Sort Paralelo (ForkJoin);true;1000;NEARLY_SORTED;2;2;930900;0.9309
Quick Sort Paralelo (ForkJoin);true;1000;NEARLY_SORTED;2;3;1269200;1.2692
Quick Sort Paralelo (ForkJoin);true;1000;NEARLY_SORTED;2;4;1482300;1.4823
Quick Sort Paralelo (ForkJoin);true;1000;NEARLY_SORTED;2;5;914700;0.9147
Quick Sort Paralelo (ForkJoin);true;1000;NEARLY_SORTED;4;1;1379000;1.3790
Quick Sort Paralelo (ForkJoin);true;1000;NEARLY_SORTED;4;2;1234500;1.2345
Quick Sort Paralelo (ForkJoin);true;1000;NEARLY_SORTED;4;3;1131300;1.1313
Quick Sort Paralelo (ForkJoin);true;1000;NEARLY_SORTED;4;4;2019000;2.0190
Quick Sort Paralelo (ForkJoin);true;1000;NEARLY_SORTED;4;5;1086500;1.0865
Quick Sort Paralelo (ForkJoin);true;1000;NEARLY_SORTED;8;1;1256800;1.2568
Quick Sort Paralelo (ForkJoin);true;1000;NEARLY_SORTED;8;2;1144000;1.1440
Quick Sort Paralelo (ForkJoin);true;1000;NEARLY_SORTED;8;3;1044800;1.0448
Quick Sort Paralelo (ForkJoin);true;1000;NEARLY_SORTED;8;4;993000;0.9930
Quick Sort Paralelo (ForkJoin);true;1000;NEARLY_SORTED;8;5;1164300;1.1643
Merge Sort Serial;false;1000;NEARLY_SORTED;1;1;149600;0.1496
Merge Sort Serial;false;1000;NEARLY_SORTED;1;2;168600;0.1686
Merge Sort Serial;false;1000;NEARLY_SORTED;1;3;169500;0.1695
Merge Sort Serial;false;1000;NEARLY_SORTED;1;4;180400;0.1804
Merge Sort Serial;false;1000;NEARLY_SORTED;1;5;147000;0.1470
Merge Sort Paralelo (ForkJoin);true;1000;NEARLY_SORTED;2;1;1083900;1.0839
Merge Sort Paralelo (ForkJoin);true;1000;NEARLY_SORTED;2;2;1038700;1.0387
Merge Sort Paralelo (ForkJoin);true;1000;NEARLY_SORTED;2;3;873700;0.8737
Merge Sort Paralelo (ForkJoin);true;1000;NEARLY_SORTED;2;4;725500;0.7255
Merge Sort Paralelo (ForkJoin);true;1000;NEARLY_SORTED;2;5;1272300;1.2723
Merge Sort Paralelo (ForkJoin);true;1000;NEARLY_SORTED;4;1;1071700;1.0717
Merge Sort Paralelo (ForkJoin);true;1000;NEARLY_SORTED;4;2;1075000;1.0750
Merge Sort Paralelo (ForkJoin);true;1000;NEARLY_SORTED;4;3;1189100;1.1891
Merge Sort Paralelo (ForkJoin);true;1000;NEARLY_SORTED;4;4;1218600;1.2186
Merge Sort Paralelo (ForkJoin);true;1000;NEARLY_SORTED;4;5;1533100;1.5331
Merge Sort Paralelo (ForkJoin);true;1000;NEARLY_SORTED;8;1;1072500;1.0725
Merge Sort Paralelo (ForkJoin);true;1000;NEARLY_SORTED;8;2;817900;0.8179
Merge Sort Paralelo (ForkJoin);true;1000;NEARLY_SORTED;8;3;896500;0.8965
Merge Sort Paralelo (ForkJoin);true;1000;NEARLY_SORTED;8;4;821700;0.8217
Merge Sort Paralelo (ForkJoin);true;1000;NEARLY_SORTED;8;5;822200;0.8222
Bubble Sort Serial;false;5000;NEARLY_SORTED;1;1;13614100;13.6141
Bubble Sort Serial;false;5000;NEARLY_SORTED;1;2;13530300;13.5303
Bubble Sort Serial;false;5000;NEARLY_SORTED;1;3;11979100;11.9791
Bubble Sort Serial;false;5000;NEARLY_SORTED;1;4;10363000;10.3630
Bubble Sort Serial;false;5000;NEARLY_SORTED;1;5;11286000;11.2860
Bubble Sort Paralelo (Odd-Even);true;5000;NEARLY_SORTED;2;1;12665200;12.6652
Bubble Sort Paralelo (Odd-Even);true;5000;NEARLY_SORTED;2;2;11269500;11.2695
Bubble Sort Paralelo (Odd-Even);true;5000;NEARLY_SORTED;2;3;8860000;8.8600
Bubble Sort Paralelo (Odd-Even);true;5000;NEARLY_SORTED;2;4;9977600;9.9776
Bubble Sort Paralelo (Odd-Even);true;5000;NEARLY_SORTED;2;5;9750200;9.7502
Bubble Sort Paralelo (Odd-Even);true;5000;NEARLY_SORTED;4;1;19872200;19.8722
Bubble Sort Paralelo (Odd-Even);true;5000;NEARLY_SORTED;4;2;22996400;22.9964
Bubble Sort Paralelo (Odd-Even);true;5000;NEARLY_SORTED;4;3;11916400;11.9164
Bubble Sort Paralelo (Odd-Even);true;5000;NEARLY_SORTED;4;4;9726700;9.7267
Bubble Sort Paralelo (Odd-Even);true;5000;NEARLY_SORTED;4;5;8075400;8.0754
Bubble Sort Paralelo (Odd-Even);true;5000;NEARLY_SORTED;8;1;44646600;44.6466
Bubble Sort Paralelo (Odd-Even);true;5000;NEARLY_SORTED;8;2;55869100;55.8691
Bubble Sort Paralelo (Odd-Even);true;5000;NEARLY_SORTED;8;3;67490000;67.4900
Bubble Sort Paralelo (Odd-Even);true;5000;NEARLY_SORTED;8;4;68222900;68.2229
Bubble Sort Paralelo (Odd-Even);true;5000;NEARLY_SORTED;8;5;45677100;45.6771
Insertion Sort Serial;false;5000;NEARLY_SORTED;1;1;520800;0.5208
Insertion Sort Serial;false;5000;NEARLY_SORTED;1;2;382700;0.3827
Insertion Sort Serial;false;5000;NEARLY_SORTED;1;3;395600;0.3956
Insertion Sort Serial;false;5000;NEARLY_SORTED;1;4;369500;0.3695
Insertion Sort Serial;false;5000;NEARLY_SORTED;1;5;424400;0.4244
Insertion Sort Paralelo (ForkJoin);true;5000;NEARLY_SORTED;2;1;1332700;1.3327
Insertion Sort Paralelo (ForkJoin);true;5000;NEARLY_SORTED;2;2;3522600;3.5226
Insertion Sort Paralelo (ForkJoin);true;5000;NEARLY_SORTED;2;3;2514000;2.5140
Insertion Sort Paralelo (ForkJoin);true;5000;NEARLY_SORTED;2;4;2950300;2.9503
Insertion Sort Paralelo (ForkJoin);true;5000;NEARLY_SORTED;2;5;2896100;2.8961
Insertion Sort Paralelo (ForkJoin);true;5000;NEARLY_SORTED;4;1;2231400;2.2314
Insertion Sort Paralelo (ForkJoin);true;5000;NEARLY_SORTED;4;2;1745300;1.7453
Insertion Sort Paralelo (ForkJoin);true;5000;NEARLY_SORTED;4;3;2936100;2.9361
Insertion Sort Paralelo (ForkJoin);true;5000;NEARLY_SORTED;4;4;7317700;7.3177
Insertion Sort Paralelo (ForkJoin);true;5000;NEARLY_SORTED;4;5;2148300;2.1483
Insertion Sort Paralelo (ForkJoin);true;5000;NEARLY_SORTED;8;1;33278500;33.2785
Insertion Sort Paralelo (ForkJoin);true;5000;NEARLY_SORTED;8;2;3537800;3.5378
Insertion Sort Paralelo (ForkJoin);true;5000;NEARLY_SORTED;8;3;2120100;2.1201
Insertion Sort Paralelo (ForkJoin);true;5000;NEARLY_SORTED;8;4;2335800;2.3358
Insertion Sort Paralelo (ForkJoin);true;5000;NEARLY_SORTED;8;5;3371900;3.3719
Quick Sort Serial;false;5000;NEARLY_SORTED;1;1;456800;0.4568
Quick Sort Serial;false;5000;NEARLY_SORTED;1;2;375800;0.3758
Quick Sort Serial;false;5000;NEARLY_SORTED;1;3;367700;0.3677
Quick Sort Serial;false;5000;NEARLY_SORTED;1;4;345900;0.3459
Quick Sort Serial;false;5000;NEARLY_SORTED;1;5;343700;0.3437
Quick Sort Paralelo (ForkJoin);true;5000;NEARLY_SORTED;2;1;1343900;1.3439
Quick Sort Paralelo (ForkJoin);true;5000;NEARLY_SORTED;2;2;1416300;1.4163
Quick Sort Paralelo (ForkJoin);true;5000;NEARLY_SORTED;2;3;3502000;3.5020
Quick Sort Paralelo (ForkJoin);true;5000;NEARLY_SORTED;2;4;2365400;2.3654
Quick Sort Paralelo (ForkJoin);true;5000;NEARLY_SORTED;2;5;1650900;1.6509
Quick Sort Paralelo (ForkJoin);true;5000;NEARLY_SORTED;4;1;1851500;1.8515
Quick Sort Paralelo (ForkJoin);true;5000;NEARLY_SORTED;4;2;4375000;4.3750
Quick Sort Paralelo (ForkJoin);true;5000;NEARLY_SORTED;4;3;4099300;4.0993
Quick Sort Paralelo (ForkJoin);true;5000;NEARLY_SORTED;4;4;4122300;4.1223
Quick Sort Paralelo (ForkJoin);true;5000;NEARLY_SORTED;4;5;1674200;1.6742
Quick Sort Paralelo (ForkJoin);true;5000;NEARLY_SORTED;8;1;2380000;2.3800
Quick Sort Paralelo (ForkJoin);true;5000;NEARLY_SORTED;8;2;2201800;2.2018
Quick Sort Paralelo (ForkJoin);true;5000;NEARLY_SORTED;8;3;2767600;2.7676
Quick Sort Paralelo (ForkJoin);true;5000;NEARLY_SORTED;8;4;1529400;1.5294
Quick Sort Paralelo (ForkJoin);true;5000;NEARLY_SORTED;8;5;1667900;1.6679
Merge Sort Serial;false;5000;NEARLY_SORTED;1;1;1326000;1.3260
Merge Sort Serial;false;5000;NEARLY_SORTED;1;2;1164700;1.1647
Merge Sort Serial;false;5000;NEARLY_SORTED;1;3;676600;0.6766
Merge Sort Serial;false;5000;NEARLY_SORTED;1;4;961400;0.9614
Merge Sort Serial;false;5000;NEARLY_SORTED;1;5;663700;0.6637
Merge Sort Paralelo (ForkJoin);true;5000;NEARLY_SORTED;2;1;2594200;2.5942
Merge Sort Paralelo (ForkJoin);true;5000;NEARLY_SORTED;2;2;2435600;2.4356
Merge Sort Paralelo (ForkJoin);true;5000;NEARLY_SORTED;2;3;1771600;1.7716
Merge Sort Paralelo (ForkJoin);true;5000;NEARLY_SORTED;2;4;1181800;1.1818
Merge Sort Paralelo (ForkJoin);true;5000;NEARLY_SORTED;2;5;2736100;2.7361
Merge Sort Paralelo (ForkJoin);true;5000;NEARLY_SORTED;4;1;2450800;2.4508
Merge Sort Paralelo (ForkJoin);true;5000;NEARLY_SORTED;4;2;2640300;2.6403
Merge Sort Paralelo (ForkJoin);true;5000;NEARLY_SORTED;4;3;1650900;1.6509
Merge Sort Paralelo (ForkJoin);true;5000;NEARLY_SORTED;4;4;2078200;2.0782
Merge Sort Paralelo (ForkJoin);true;5000;NEARLY_SORTED;4;5;2229700;2.2297
Merge Sort Paralelo (ForkJoin);true;5000;NEARLY_SORTED;8;1;2613400;2.6134
Merge Sort Paralelo (ForkJoin);true;5000;NEARLY_SORTED;8;2;2196900;2.1969
Merge Sort Paralelo (ForkJoin);true;5000;NEARLY_SORTED;8;3;1793800;1.7938
Merge Sort Paralelo (ForkJoin);true;5000;NEARLY_SORTED;8;4;2059300;2.0593
Merge Sort Paralelo (ForkJoin);true;5000;NEARLY_SORTED;8;5;1878200;1.8782
Bubble Sort Serial;false;10000;NEARLY_SORTED;1;1;686514300;686.5143
Bubble Sort Serial;false;10000;NEARLY_SORTED;1;2;128549600;128.5496
Bubble Sort Serial;false;10000;NEARLY_SORTED;1;3;59174400;59.1744
Bubble Sort Serial;false;10000;NEARLY_SORTED;1;4;60982800;60.9828
Bubble Sort Serial;false;10000;NEARLY_SORTED;1;5;51851500;51.8515
Bubble Sort Paralelo (Odd-Even);true;10000;NEARLY_SORTED;2;1;45347600;45.3476
Bubble Sort Paralelo (Odd-Even);true;10000;NEARLY_SORTED;2;2;43588600;43.5886
Bubble Sort Paralelo (Odd-Even);true;10000;NEARLY_SORTED;2;3;45582500;45.5825
Bubble Sort Paralelo (Odd-Even);true;10000;NEARLY_SORTED;2;4;50479100;50.4791
Bubble Sort Paralelo (Odd-Even);true;10000;NEARLY_SORTED;2;5;64584500;64.5845
Bubble Sort Paralelo (Odd-Even);true;10000;NEARLY_SORTED;4;1;34821800;34.8218
Bubble Sort Paralelo (Odd-Even);true;10000;NEARLY_SORTED;4;2;39469800;39.4698
Bubble Sort Paralelo (Odd-Even);true;10000;NEARLY_SORTED;4;3;37051800;37.0518
Bubble Sort Paralelo (Odd-Even);true;10000;NEARLY_SORTED;4;4;32492800;32.4928
Bubble Sort Paralelo (Odd-Even);true;10000;NEARLY_SORTED;4;5;39039000;39.0390
Bubble Sort Paralelo (Odd-Even);true;10000;NEARLY_SORTED;8;1;375602500;375.6025
Bubble Sort Paralelo (Odd-Even);true;10000;NEARLY_SORTED;8;2;119706500;119.7065
Bubble Sort Paralelo (Odd-Even);true;10000;NEARLY_SORTED;8;3;72395000;72.3950
Bubble Sort Paralelo (Odd-Even);true;10000;NEARLY_SORTED;8;4;257793000;257.7930
Bubble Sort Paralelo (Odd-Even);true;10000;NEARLY_SORTED;8;5;148121100;148.1211
Insertion Sort Serial;false;10000;NEARLY_SORTED;1;1;1385100;1.3851
Insertion Sort Serial;false;10000;NEARLY_SORTED;1;2;2074400;2.0744
Insertion Sort Serial;false;10000;NEARLY_SORTED;1;3;1813200;1.8132
Insertion Sort Serial;false;10000;NEARLY_SORTED;1;4;1388600;1.3886
Insertion Sort Serial;false;10000;NEARLY_SORTED;1;5;1766700;1.7667
Insertion Sort Paralelo (ForkJoin);true;10000;NEARLY_SORTED;2;1;2421300;2.4213
Insertion Sort Paralelo (ForkJoin);true;10000;NEARLY_SORTED;2;2;2269600;2.2696
Insertion Sort Paralelo (ForkJoin);true;10000;NEARLY_SORTED;2;3;3081400;3.0814
Insertion Sort Paralelo (ForkJoin);true;10000;NEARLY_SORTED;2;4;2702900;2.7029
Insertion Sort Paralelo (ForkJoin);true;10000;NEARLY_SORTED;2;5;2908200;2.9082
Insertion Sort Paralelo (ForkJoin);true;10000;NEARLY_SORTED;4;1;2188900;2.1889
Insertion Sort Paralelo (ForkJoin);true;10000;NEARLY_SORTED;4;2;247220200;247.2202
Insertion Sort Paralelo (ForkJoin);true;10000;NEARLY_SORTED;4;3;13282900;13.2829
Insertion Sort Paralelo (ForkJoin);true;10000;NEARLY_SORTED;4;4;2689800;2.6898
Insertion Sort Paralelo (ForkJoin);true;10000;NEARLY_SORTED;4;5;4305900;4.3059
Insertion Sort Paralelo (ForkJoin);true;10000;NEARLY_SORTED;8;1;39219300;39.2193
Insertion Sort Paralelo (ForkJoin);true;10000;NEARLY_SORTED;8;2;1913300;1.9133
Insertion Sort Paralelo (ForkJoin);true;10000;NEARLY_SORTED;8;3;4164900;4.1649
Insertion Sort Paralelo (ForkJoin);true;10000;NEARLY_SORTED;8;4;3886900;3.8869
Insertion Sort Paralelo (ForkJoin);true;10000;NEARLY_SORTED;8;5;3731000;3.7310
Quick Sort Serial;false;10000;NEARLY_SORTED;1;1;774300;0.7743
Quick Sort Serial;false;10000;NEARLY_SORTED;1;2;611500;0.6115
Quick Sort Serial;false;10000;NEARLY_SORTED;1;3;657700;0.6577
Quick Sort Serial;false;10000;NEARLY_SORTED;1;4;841200;0.8412
Quick Sort Serial;false;10000;NEARLY_SORTED;1;5;790000;0.7900
Quick Sort Paralelo (ForkJoin);true;10000;NEARLY_SORTED;2;1;2354900;2.3549
Quick Sort Paralelo (ForkJoin);true;10000;NEARLY_SORTED;2;2;3338500;3.3385
Quick Sort Paralelo (ForkJoin);true;10000;NEARLY_SORTED;2;3;12603500;12.6035
Quick Sort Paralelo (ForkJoin);true;10000;NEARLY_SORTED;2;4;3701800;3.7018
Quick Sort Paralelo (ForkJoin);true;10000;NEARLY_SORTED;2;5;3849700;3.8497
Quick Sort Paralelo (ForkJoin);true;10000;NEARLY_SORTED;4;1;2302600;2.3026
Quick Sort Paralelo (ForkJoin);true;10000;NEARLY_SORTED;4;2;2935300;2.9353
Quick Sort Paralelo (ForkJoin);true;10000;NEARLY_SORTED;4;3;2344500;2.3445
Quick Sort Paralelo (ForkJoin);true;10000;NEARLY_SORTED;4;4;2484700;2.4847
Quick Sort Paralelo (ForkJoin);true;10000;NEARLY_SORTED;4;5;1856100;1.8561
Quick Sort Paralelo (ForkJoin);true;10000;NEARLY_SORTED;8;1;2488600;2.4886
Quick Sort Paralelo (ForkJoin);true;10000;NEARLY_SORTED;8;2;3273400;3.2734
Quick Sort Paralelo (ForkJoin);true;10000;NEARLY_SORTED;8;3;2103100;2.1031
Quick Sort Paralelo (ForkJoin);true;10000;NEARLY_SORTED;8;4;4705600;4.7056
Quick Sort Paralelo (ForkJoin);true;10000;NEARLY_SORTED;8;5;1764100;1.7641
Merge Sort Serial;false;10000;NEARLY_SORTED;1;1;1325300;1.3253
Merge Sort Serial;false;10000;NEARLY_SORTED;1;2;1432800;1.4328
Merge Sort Serial;false;10000;NEARLY_SORTED;1;3;1678100;1.6781
Merge Sort Serial;false;10000;NEARLY_SORTED;1;4;1400600;1.4006
Merge Sort Serial;false;10000;NEARLY_SORTED;1;5;1613100;1.6131
Merge Sort Paralelo (ForkJoin);true;10000;NEARLY_SORTED;2;1;2670100;2.6701
Merge Sort Paralelo (ForkJoin);true;10000;NEARLY_SORTED;2;2;2581200;2.5812
Merge Sort Paralelo (ForkJoin);true;10000;NEARLY_SORTED;2;3;2658000;2.6580
Merge Sort Paralelo (ForkJoin);true;10000;NEARLY_SORTED;2;4;2069000;2.0690
Merge Sort Paralelo (ForkJoin);true;10000;NEARLY_SORTED;2;5;2262300;2.2623
Merge Sort Paralelo (ForkJoin);true;10000;NEARLY_SORTED;4;1;3170700;3.1707
Merge Sort Paralelo (ForkJoin);true;10000;NEARLY_SORTED;4;2;6539500;6.5395
Merge Sort Paralelo (ForkJoin);true;10000;NEARLY_SORTED;4;3;4278300;4.2783
Merge Sort Paralelo (ForkJoin);true;10000;NEARLY_SORTED;4;4;3996900;3.9969
Merge Sort Paralelo (ForkJoin);true;10000;NEARLY_SORTED;4;5;2927800;2.9278
Merge Sort Paralelo (ForkJoin);true;10000;NEARLY_SORTED;8;1;3035700;3.0357
Merge Sort Paralelo (ForkJoin);true;10000;NEARLY_SORTED;8;2;6186000;6.1860
Merge Sort Paralelo (ForkJoin);true;10000;NEARLY_SORTED;8;3;3186100;3.1861
Merge Sort Paralelo (ForkJoin);true;10000;NEARLY_SORTED;8;4;5577300;5.5773
Merge Sort Paralelo (ForkJoin);true;10000;NEARLY_SORTED;8;5;4521300;4.5213
Bubble Sort Serial;false;25000;NEARLY_SORTED;1;1;431984300;431.9843
Bubble Sort Serial;false;25000;NEARLY_SORTED;1;2;396587100;396.5871
Bubble Sort Serial;false;25000;NEARLY_SORTED;1;3;337723000;337.7230
Bubble Sort Serial;false;25000;NEARLY_SORTED;1;4;330288100;330.2881
Bubble Sort Serial;false;25000;NEARLY_SORTED;1;5;328971600;328.9716
Bubble Sort Paralelo (Odd-Even);true;25000;NEARLY_SORTED;2;1;222714400;222.7144
Bubble Sort Paralelo (Odd-Even);true;25000;NEARLY_SORTED;2;2;221580600;221.5806
Bubble Sort Paralelo (Odd-Even);true;25000;NEARLY_SORTED;2;3;214694000;214.6940
Bubble Sort Paralelo (Odd-Even);true;25000;NEARLY_SORTED;2;4;214747900;214.7479
Bubble Sort Paralelo (Odd-Even);true;25000;NEARLY_SORTED;2;5;226215800;226.2158
Bubble Sort Paralelo (Odd-Even);true;25000;NEARLY_SORTED;4;1;129276500;129.2765
Bubble Sort Paralelo (Odd-Even);true;25000;NEARLY_SORTED;4;2;134713600;134.7136
Bubble Sort Paralelo (Odd-Even);true;25000;NEARLY_SORTED;4;3;127112300;127.1123
Bubble Sort Paralelo (Odd-Even);true;25000;NEARLY_SORTED;4;4;128702300;128.7023
Bubble Sort Paralelo (Odd-Even);true;25000;NEARLY_SORTED;4;5;126049300;126.0493
Bubble Sort Paralelo (Odd-Even);true;25000;NEARLY_SORTED;8;1;271702200;271.7022
Bubble Sort Paralelo (Odd-Even);true;25000;NEARLY_SORTED;8;2;251780500;251.7805
Bubble Sort Paralelo (Odd-Even);true;25000;NEARLY_SORTED;8;3;214157600;214.1576
Bubble Sort Paralelo (Odd-Even);true;25000;NEARLY_SORTED;8;4;303189600;303.1896
Bubble Sort Paralelo (Odd-Even);true;25000;NEARLY_SORTED;8;5;202259100;202.2591
Insertion Sort Serial;false;25000;NEARLY_SORTED;1;1;9737500;9.7375
Insertion Sort Serial;false;25000;NEARLY_SORTED;1;2;11861400;11.8614
Insertion Sort Serial;false;25000;NEARLY_SORTED;1;3;8289100;8.2891
Insertion Sort Serial;false;25000;NEARLY_SORTED;1;4;8506700;8.5067
Insertion Sort Serial;false;25000;NEARLY_SORTED;1;5;8553900;8.5539
Insertion Sort Paralelo (ForkJoin);true;25000;NEARLY_SORTED;2;1;13386800;13.3868
Insertion Sort Paralelo (ForkJoin);true;25000;NEARLY_SORTED;2;2;15598200;15.5982
Insertion Sort Paralelo (ForkJoin);true;25000;NEARLY_SORTED;2;3;14321300;14.3213
Insertion Sort Paralelo (ForkJoin);true;25000;NEARLY_SORTED;2;4;10801900;10.8019
Insertion Sort Paralelo (ForkJoin);true;25000;NEARLY_SORTED;2;5;10125400;10.1254
Insertion Sort Paralelo (ForkJoin);true;25000;NEARLY_SORTED;4;1;5625800;5.6258
Insertion Sort Paralelo (ForkJoin);true;25000;NEARLY_SORTED;4;2;6058000;6.0580
Insertion Sort Paralelo (ForkJoin);true;25000;NEARLY_SORTED;4;3;5292700;5.2927
Insertion Sort Paralelo (ForkJoin);true;25000;NEARLY_SORTED;4;4;6222500;6.2225
Insertion Sort Paralelo (ForkJoin);true;25000;NEARLY_SORTED;4;5;5548500;5.5485
Insertion Sort Paralelo (ForkJoin);true;25000;NEARLY_SORTED;8;1;4351400;4.3514
Insertion Sort Paralelo (ForkJoin);true;25000;NEARLY_SORTED;8;2;3079200;3.0792
Insertion Sort Paralelo (ForkJoin);true;25000;NEARLY_SORTED;8;3;4207500;4.2075
Insertion Sort Paralelo (ForkJoin);true;25000;NEARLY_SORTED;8;4;2936200;2.9362
Insertion Sort Paralelo (ForkJoin);true;25000;NEARLY_SORTED;8;5;4356700;4.3567
Quick Sort Serial;false;25000;NEARLY_SORTED;1;1;2189200;2.1892
Quick Sort Serial;false;25000;NEARLY_SORTED;1;2;2201400;2.2014
Quick Sort Serial;false;25000;NEARLY_SORTED;1;3;2055600;2.0556
Quick Sort Serial;false;25000;NEARLY_SORTED;1;4;2136500;2.1365
Quick Sort Serial;false;25000;NEARLY_SORTED;1;5;1618900;1.6189
Quick Sort Paralelo (ForkJoin);true;25000;NEARLY_SORTED;2;1;2285700;2.2857
Quick Sort Paralelo (ForkJoin);true;25000;NEARLY_SORTED;2;2;2549800;2.5498
Quick Sort Paralelo (ForkJoin);true;25000;NEARLY_SORTED;2;3;1987700;1.9877
Quick Sort Paralelo (ForkJoin);true;25000;NEARLY_SORTED;2;4;3321300;3.3213
Quick Sort Paralelo (ForkJoin);true;25000;NEARLY_SORTED;2;5;47328600;47.3286
Quick Sort Paralelo (ForkJoin);true;25000;NEARLY_SORTED;4;1;1660700;1.6607
Quick Sort Paralelo (ForkJoin);true;25000;NEARLY_SORTED;4;2;1856700;1.8567
Quick Sort Paralelo (ForkJoin);true;25000;NEARLY_SORTED;4;3;21021400;21.0214
Quick Sort Paralelo (ForkJoin);true;25000;NEARLY_SORTED;4;4;2208900;2.2089
Quick Sort Paralelo (ForkJoin);true;25000;NEARLY_SORTED;4;5;2013400;2.0134
Quick Sort Paralelo (ForkJoin);true;25000;NEARLY_SORTED;8;1;2122800;2.1228
Quick Sort Paralelo (ForkJoin);true;25000;NEARLY_SORTED;8;2;2465900;2.4659
Quick Sort Paralelo (ForkJoin);true;25000;NEARLY_SORTED;8;3;2582700;2.5827
Quick Sort Paralelo (ForkJoin);true;25000;NEARLY_SORTED;8;4;2565700;2.5657
Quick Sort Paralelo (ForkJoin);true;25000;NEARLY_SORTED;8;5;2229800;2.2298
Merge Sort Serial;false;25000;NEARLY_SORTED;1;1;3493100;3.4931
Merge Sort Serial;false;25000;NEARLY_SORTED;1;2;3454300;3.4543
Merge Sort Serial;false;25000;NEARLY_SORTED;1;3;4902800;4.9028
Merge Sort Serial;false;25000;NEARLY_SORTED;1;4;3593600;3.5936
Merge Sort Serial;false;25000;NEARLY_SORTED;1;5;4877700;4.8777
Merge Sort Paralelo (ForkJoin);true;25000;NEARLY_SORTED;2;1;2358000;2.3580
Merge Sort Paralelo (ForkJoin);true;25000;NEARLY_SORTED;2;2;2763600;2.7636
Merge Sort Paralelo (ForkJoin);true;25000;NEARLY_SORTED;2;3;2816100;2.8161
Merge Sort Paralelo (ForkJoin);true;25000;NEARLY_SORTED;2;4;3960400;3.9604
Merge Sort Paralelo (ForkJoin);true;25000;NEARLY_SORTED;2;5;2692300;2.6923
Merge Sort Paralelo (ForkJoin);true;25000;NEARLY_SORTED;4;1;2574300;2.5743
Merge Sort Paralelo (ForkJoin);true;25000;NEARLY_SORTED;4;2;2090300;2.0903
Merge Sort Paralelo (ForkJoin);true;25000;NEARLY_SORTED;4;3;1978500;1.9785
Merge Sort Paralelo (ForkJoin);true;25000;NEARLY_SORTED;4;4;2125400;2.1254
Merge Sort Paralelo (ForkJoin);true;25000;NEARLY_SORTED;4;5;2183500;2.1835
Merge Sort Paralelo (ForkJoin);true;25000;NEARLY_SORTED;8;1;2317800;2.3178
Merge Sort Paralelo (ForkJoin);true;25000;NEARLY_SORTED;8;2;3211400;3.2114
Merge Sort Paralelo (ForkJoin);true;25000;NEARLY_SORTED;8;3;2267100;2.2671
Merge Sort Paralelo (ForkJoin);true;25000;NEARLY_SORTED;8;4;2256700;2.2567
Merge Sort Paralelo (ForkJoin);true;25000;NEARLY_SORTED;8;5;2477300;2.4773
Bubble Sort Serial;false;50000;NEARLY_SORTED;1;1;1358141700;1358.1417
Bubble Sort Serial;false;50000;NEARLY_SORTED;1;2;1326037600;1326.0376
Bubble Sort Serial;false;50000;NEARLY_SORTED;1;3;1375974700;1375.9747
Bubble Sort Serial;false;50000;NEARLY_SORTED;1;4;1322345400;1322.3454
Bubble Sort Serial;false;50000;NEARLY_SORTED;1;5;1325627000;1325.6270
Bubble Sort Paralelo (Odd-Even);true;50000;NEARLY_SORTED;2;1;1012662300;1012.6623
Bubble Sort Paralelo (Odd-Even);true;50000;NEARLY_SORTED;2;2;1040234400;1040.2344
Bubble Sort Paralelo (Odd-Even);true;50000;NEARLY_SORTED;2;3;897499300;897.4993
Bubble Sort Paralelo (Odd-Even);true;50000;NEARLY_SORTED;2;4;862271700;862.2717
Bubble Sort Paralelo (Odd-Even);true;50000;NEARLY_SORTED;2;5;882075800;882.0758
Bubble Sort Paralelo (Odd-Even);true;50000;NEARLY_SORTED;4;1;506545400;506.5454
Bubble Sort Paralelo (Odd-Even);true;50000;NEARLY_SORTED;4;2;515671600;515.6716
Bubble Sort Paralelo (Odd-Even);true;50000;NEARLY_SORTED;4;3;502722800;502.7228
Bubble Sort Paralelo (Odd-Even);true;50000;NEARLY_SORTED;4;4;497088400;497.0884
Bubble Sort Paralelo (Odd-Even);true;50000;NEARLY_SORTED;4;5;496668200;496.6682
Bubble Sort Paralelo (Odd-Even);true;50000;NEARLY_SORTED;8;1;752870900;752.8709
Bubble Sort Paralelo (Odd-Even);true;50000;NEARLY_SORTED;8;2;743936500;743.9365
Bubble Sort Paralelo (Odd-Even);true;50000;NEARLY_SORTED;8;3;733181500;733.1815
Bubble Sort Paralelo (Odd-Even);true;50000;NEARLY_SORTED;8;4;737476800;737.4768
Bubble Sort Paralelo (Odd-Even);true;50000;NEARLY_SORTED;8;5;791893200;791.8932
Insertion Sort Serial;false;50000;NEARLY_SORTED;1;1;36688300;36.6883
Insertion Sort Serial;false;50000;NEARLY_SORTED;1;2;33592700;33.5927
Insertion Sort Serial;false;50000;NEARLY_SORTED;1;3;37110200;37.1102
Insertion Sort Serial;false;50000;NEARLY_SORTED;1;4;37355600;37.3556
Insertion Sort Serial;false;50000;NEARLY_SORTED;1;5;33094100;33.0941
Insertion Sort Paralelo (ForkJoin);true;50000;NEARLY_SORTED;2;1;45642700;45.6427
Insertion Sort Paralelo (ForkJoin);true;50000;NEARLY_SORTED;2;2;39303700;39.3037
Insertion Sort Paralelo (ForkJoin);true;50000;NEARLY_SORTED;2;3;41330900;41.3309
Insertion Sort Paralelo (ForkJoin);true;50000;NEARLY_SORTED;2;4;45741800;45.7418
Insertion Sort Paralelo (ForkJoin);true;50000;NEARLY_SORTED;2;5;40625800;40.6258
Insertion Sort Paralelo (ForkJoin);true;50000;NEARLY_SORTED;4;1;16323300;16.3233
Insertion Sort Paralelo (ForkJoin);true;50000;NEARLY_SORTED;4;2;17916500;17.9165
Insertion Sort Paralelo (ForkJoin);true;50000;NEARLY_SORTED;4;3;14022700;14.0227
Insertion Sort Paralelo (ForkJoin);true;50000;NEARLY_SORTED;4;4;10791800;10.7918
Insertion Sort Paralelo (ForkJoin);true;50000;NEARLY_SORTED;4;5;17791600;17.7916
Insertion Sort Paralelo (ForkJoin);true;50000;NEARLY_SORTED;8;1;14448600;14.4486
Insertion Sort Paralelo (ForkJoin);true;50000;NEARLY_SORTED;8;2;9039500;9.0395
Insertion Sort Paralelo (ForkJoin);true;50000;NEARLY_SORTED;8;3;9989900;9.9899
Insertion Sort Paralelo (ForkJoin);true;50000;NEARLY_SORTED;8;4;6994900;6.9949
Insertion Sort Paralelo (ForkJoin);true;50000;NEARLY_SORTED;8;5;7699600;7.6996
Quick Sort Serial;false;50000;NEARLY_SORTED;1;1;3975400;3.9754
Quick Sort Serial;false;50000;NEARLY_SORTED;1;2;4018300;4.0183
Quick Sort Serial;false;50000;NEARLY_SORTED;1;3;3402400;3.4024
Quick Sort Serial;false;50000;NEARLY_SORTED;1;4;3421600;3.4216
Quick Sort Serial;false;50000;NEARLY_SORTED;1;5;3580800;3.5808
Quick Sort Paralelo (ForkJoin);true;50000;NEARLY_SORTED;2;1;2575100;2.5751
Quick Sort Paralelo (ForkJoin);true;50000;NEARLY_SORTED;2;2;2959400;2.9594
Quick Sort Paralelo (ForkJoin);true;50000;NEARLY_SORTED;2;3;3029800;3.0298
Quick Sort Paralelo (ForkJoin);true;50000;NEARLY_SORTED;2;4;2622100;2.6221
Quick Sort Paralelo (ForkJoin);true;50000;NEARLY_SORTED;2;5;3282500;3.2825
Quick Sort Paralelo (ForkJoin);true;50000;NEARLY_SORTED;4;1;2350100;2.3501
Quick Sort Paralelo (ForkJoin);true;50000;NEARLY_SORTED;4;2;2217300;2.2173
Quick Sort Paralelo (ForkJoin);true;50000;NEARLY_SORTED;4;3;2423700;2.4237
Quick Sort Paralelo (ForkJoin);true;50000;NEARLY_SORTED;4;4;2514300;2.5143
Quick Sort Paralelo (ForkJoin);true;50000;NEARLY_SORTED;4;5;2216800;2.2168
Quick Sort Paralelo (ForkJoin);true;50000;NEARLY_SORTED;8;1;2320000;2.3200
Quick Sort Paralelo (ForkJoin);true;50000;NEARLY_SORTED;8;2;2428600;2.4286
Quick Sort Paralelo (ForkJoin);true;50000;NEARLY_SORTED;8;3;2113400;2.1134
Quick Sort Paralelo (ForkJoin);true;50000;NEARLY_SORTED;8;4;2518600;2.5186
Quick Sort Paralelo (ForkJoin);true;50000;NEARLY_SORTED;8;5;3065800;3.0658
Merge Sort Serial;false;50000;NEARLY_SORTED;1;1;7507500;7.5075
Merge Sort Serial;false;50000;NEARLY_SORTED;1;2;6502400;6.5024
Merge Sort Serial;false;50000;NEARLY_SORTED;1;3;6579600;6.5796
Merge Sort Serial;false;50000;NEARLY_SORTED;1;4;6732800;6.7328
Merge Sort Serial;false;50000;NEARLY_SORTED;1;5;9041300;9.0413
Merge Sort Paralelo (ForkJoin);true;50000;NEARLY_SORTED;2;1;5646500;5.6465
Merge Sort Paralelo (ForkJoin);true;50000;NEARLY_SORTED;2;2;4470600;4.4706
Merge Sort Paralelo (ForkJoin);true;50000;NEARLY_SORTED;2;3;6436000;6.4360
Merge Sort Paralelo (ForkJoin);true;50000;NEARLY_SORTED;2;4;4086100;4.0861
Merge Sort Paralelo (ForkJoin);true;50000;NEARLY_SORTED;2;5;4933900;4.9339
Merge Sort Paralelo (ForkJoin);true;50000;NEARLY_SORTED;4;1;3333700;3.3337
Merge Sort Paralelo (ForkJoin);true;50000;NEARLY_SORTED;4;2;4603300;4.6033
Merge Sort Paralelo (ForkJoin);true;50000;NEARLY_SORTED;4;3;4443900;4.4439
Merge Sort Paralelo (ForkJoin);true;50000;NEARLY_SORTED;4;4;4314500;4.3145
Merge Sort Paralelo (ForkJoin);true;50000;NEARLY_SORTED;4;5;4209300;4.2093
Merge Sort Paralelo (ForkJoin);true;50000;NEARLY_SORTED;8;1;4045100;4.0451
Merge Sort Paralelo (ForkJoin);true;50000;NEARLY_SORTED;8;2;4443600;4.4436
Merge Sort Paralelo (ForkJoin);true;50000;NEARLY_SORTED;8;3;4051700;4.0517
Merge Sort Paralelo (ForkJoin);true;50000;NEARLY_SORTED;8;4;4021200;4.0212
Merge Sort Paralelo (ForkJoin);true;50000;NEARLY_SORTED;8;5;4319900;4.3199
Bubble Sort Serial;false;1000;REVERSED;1;1;1279500;1.2795
Bubble Sort Serial;false;1000;REVERSED;1;2;3075200;3.0752
Bubble Sort Serial;false;1000;REVERSED;1;3;6276000;6.2760
Bubble Sort Serial;false;1000;REVERSED;1;4;2777500;2.7775
Bubble Sort Serial;false;1000;REVERSED;1;5;1940800;1.9408
Bubble Sort Paralelo (Odd-Even);true;1000;REVERSED;2;1;1269300;1.2693
Bubble Sort Paralelo (Odd-Even);true;1000;REVERSED;2;2;1088600;1.0886
Bubble Sort Paralelo (Odd-Even);true;1000;REVERSED;2;3;1254100;1.2541
Bubble Sort Paralelo (Odd-Even);true;1000;REVERSED;2;4;1814900;1.8149
Bubble Sort Paralelo (Odd-Even);true;1000;REVERSED;2;5;1709900;1.7099
Bubble Sort Paralelo (Odd-Even);true;1000;REVERSED;4;1;1478000;1.4780
Bubble Sort Paralelo (Odd-Even);true;1000;REVERSED;4;2;1653700;1.6537
Bubble Sort Paralelo (Odd-Even);true;1000;REVERSED;4;3;1541500;1.5415
Bubble Sort Paralelo (Odd-Even);true;1000;REVERSED;4;4;1409500;1.4095
Bubble Sort Paralelo (Odd-Even);true;1000;REVERSED;4;5;1621000;1.6210
Bubble Sort Paralelo (Odd-Even);true;1000;REVERSED;8;1;8626100;8.6261
Bubble Sort Paralelo (Odd-Even);true;1000;REVERSED;8;2;8971500;8.9715
Bubble Sort Paralelo (Odd-Even);true;1000;REVERSED;8;3;2326100;2.3261
Bubble Sort Paralelo (Odd-Even);true;1000;REVERSED;8;4;5620400;5.6204
Bubble Sort Paralelo (Odd-Even);true;1000;REVERSED;8;5;3209200;3.2092
Insertion Sort Serial;false;1000;REVERSED;1;1;221700;0.2217
Insertion Sort Serial;false;1000;REVERSED;1;2;297500;0.2975
Insertion Sort Serial;false;1000;REVERSED;1;3;274400;0.2744
Insertion Sort Serial;false;1000;REVERSED;1;4;396000;0.3960
Insertion Sort Serial;false;1000;REVERSED;1;5;253200;0.2532
Insertion Sort Paralelo (ForkJoin);true;1000;REVERSED;2;1;1204500;1.2045
Insertion Sort Paralelo (ForkJoin);true;1000;REVERSED;2;2;1346800;1.3468
Insertion Sort Paralelo (ForkJoin);true;1000;REVERSED;2;3;2734600;2.7346
Insertion Sort Paralelo (ForkJoin);true;1000;REVERSED;2;4;1014300;1.0143
Insertion Sort Paralelo (ForkJoin);true;1000;REVERSED;2;5;1563600;1.5636
Insertion Sort Paralelo (ForkJoin);true;1000;REVERSED;4;1;1201900;1.2019
Insertion Sort Paralelo (ForkJoin);true;1000;REVERSED;4;2;1211900;1.2119
Insertion Sort Paralelo (ForkJoin);true;1000;REVERSED;4;3;1332200;1.3322
Insertion Sort Paralelo (ForkJoin);true;1000;REVERSED;4;4;1492600;1.4926
Insertion Sort Paralelo (ForkJoin);true;1000;REVERSED;4;5;1456600;1.4566
Insertion Sort Paralelo (ForkJoin);true;1000;REVERSED;8;1;1507200;1.5072
Insertion Sort Paralelo (ForkJoin);true;1000;REVERSED;8;2;1049100;1.0491
Insertion Sort Paralelo (ForkJoin);true;1000;REVERSED;8;3;1232700;1.2327
Insertion Sort Paralelo (ForkJoin);true;1000;REVERSED;8;4;1281700;1.2817
Insertion Sort Paralelo (ForkJoin);true;1000;REVERSED;8;5;1227400;1.2274
Quick Sort Serial;false;1000;REVERSED;1;1;78700;0.0787
Quick Sort Serial;false;1000;REVERSED;1;2;61500;0.0615
Quick Sort Serial;false;1000;REVERSED;1;3;54900;0.0549
Quick Sort Serial;false;1000;REVERSED;1;4;46000;0.0460
Quick Sort Serial;false;1000;REVERSED;1;5;47300;0.0473
Quick Sort Paralelo (ForkJoin);true;1000;REVERSED;2;1;905400;0.9054
Quick Sort Paralelo (ForkJoin);true;1000;REVERSED;2;2;752200;0.7522
Quick Sort Paralelo (ForkJoin);true;1000;REVERSED;2;3;687500;0.6875
Quick Sort Paralelo (ForkJoin);true;1000;REVERSED;2;4;625200;0.6252
Quick Sort Paralelo (ForkJoin);true;1000;REVERSED;2;5;668700;0.6687
Quick Sort Paralelo (ForkJoin);true;1000;REVERSED;4;1;755500;0.7555
Quick Sort Paralelo (ForkJoin);true;1000;REVERSED;4;2;620500;0.6205
Quick Sort Paralelo (ForkJoin);true;1000;REVERSED;4;3;881300;0.8813
Quick Sort Paralelo (ForkJoin);true;1000;REVERSED;4;4;786000;0.7860
Quick Sort Paralelo (ForkJoin);true;1000;REVERSED;4;5;619200;0.6192
Quick Sort Paralelo (ForkJoin);true;1000;REVERSED;8;1;654900;0.6549
Quick Sort Paralelo (ForkJoin);true;1000;REVERSED;8;2;626600;0.6266
Quick Sort Paralelo (ForkJoin);true;1000;REVERSED;8;3;610100;0.6101
Quick Sort Paralelo (ForkJoin);true;1000;REVERSED;8;4;612100;0.6121
Quick Sort Paralelo (ForkJoin);true;1000;REVERSED;8;5;618300;0.6183
Merge Sort Serial;false;1000;REVERSED;1;1;131300;0.1313
Merge Sort Serial;false;1000;REVERSED;1;2;201300;0.2013
Merge Sort Serial;false;1000;REVERSED;1;3;192500;0.1925
Merge Sort Serial;false;1000;REVERSED;1;4;186800;0.1868
Merge Sort Serial;false;1000;REVERSED;1;5;147800;0.1478
Merge Sort Paralelo (ForkJoin);true;1000;REVERSED;2;1;773900;0.7739
Merge Sort Paralelo (ForkJoin);true;1000;REVERSED;2;2;727600;0.7276
Merge Sort Paralelo (ForkJoin);true;1000;REVERSED;2;3;782300;0.7823
Merge Sort Paralelo (ForkJoin);true;1000;REVERSED;2;4;1109200;1.1092
Merge Sort Paralelo (ForkJoin);true;1000;REVERSED;2;5;725800;0.7258
Merge Sort Paralelo (ForkJoin);true;1000;REVERSED;4;1;1035700;1.0357
Merge Sort Paralelo (ForkJoin);true;1000;REVERSED;4;2;814800;0.8148
Merge Sort Paralelo (ForkJoin);true;1000;REVERSED;4;3;993800;0.9938
Merge Sort Paralelo (ForkJoin);true;1000;REVERSED;4;4;734600;0.7346
Merge Sort Paralelo (ForkJoin);true;1000;REVERSED;4;5;688400;0.6884
Merge Sort Paralelo (ForkJoin);true;1000;REVERSED;8;1;906600;0.9066
Merge Sort Paralelo (ForkJoin);true;1000;REVERSED;8;2;911200;0.9112
Merge Sort Paralelo (ForkJoin);true;1000;REVERSED;8;3;674400;0.6744
Merge Sort Paralelo (ForkJoin);true;1000;REVERSED;8;4;852600;0.8526
Merge Sort Paralelo (ForkJoin);true;1000;REVERSED;8;5;696500;0.6965
Bubble Sort Serial;false;5000;REVERSED;1;1;29039900;29.0399
Bubble Sort Serial;false;5000;REVERSED;1;2;28494100;28.4941
Bubble Sort Serial;false;5000;REVERSED;1;3;30075200;30.0752
Bubble Sort Serial;false;5000;REVERSED;1;4;30520900;30.5209
Bubble Sort Serial;false;5000;REVERSED;1;5;29301400;29.3014
Bubble Sort Paralelo (Odd-Even);true;5000;REVERSED;2;1;8831000;8.8310
Bubble Sort Paralelo (Odd-Even);true;5000;REVERSED;2;2;8690500;8.6905
Bubble Sort Paralelo (Odd-Even);true;5000;REVERSED;2;3;10972300;10.9723
Bubble Sort Paralelo (Odd-Even);true;5000;REVERSED;2;4;15589900;15.5899
Bubble Sort Paralelo (Odd-Even);true;5000;REVERSED;2;5;8555900;8.5559
Bubble Sort Paralelo (Odd-Even);true;5000;REVERSED;4;1;8770800;8.7708
Bubble Sort Paralelo (Odd-Even);true;5000;REVERSED;4;2;13930600;13.9306
Bubble Sort Paralelo (Odd-Even);true;5000;REVERSED;4;3;7859300;7.8593
Bubble Sort Paralelo (Odd-Even);true;5000;REVERSED;4;4;7104400;7.1044
Bubble Sort Paralelo (Odd-Even);true;5000;REVERSED;4;5;7535900;7.5359
Bubble Sort Paralelo (Odd-Even);true;5000;REVERSED;8;1;13984800;13.9848
Bubble Sort Paralelo (Odd-Even);true;5000;REVERSED;8;2;29480000;29.4800
Bubble Sort Paralelo (Odd-Even);true;5000;REVERSED;8;3;56135300;56.1353
Bubble Sort Paralelo (Odd-Even);true;5000;REVERSED;8;4;14518200;14.5182
Bubble Sort Paralelo (Odd-Even);true;5000;REVERSED;8;5;95971200;95.9712
Insertion Sort Serial;false;5000;REVERSED;1;1;5537400;5.5374
Insertion Sort Serial;false;5000;REVERSED;1;2;5250600;5.2506
Insertion Sort Serial;false;5000;REVERSED;1;3;5457800;5.4578
Insertion Sort Serial;false;5000;REVERSED;1;4;5215900;5.2159
Insertion Sort Serial;false;5000;REVERSED;1;5;5191100;5.1911
Insertion Sort Paralelo (ForkJoin);true;5000;REVERSED;2;1;5257100;5.2571
Insertion Sort Paralelo (ForkJoin);true;5000;REVERSED;2;2;4750500;4.7505
Insertion Sort Paralelo (ForkJoin);true;5000;REVERSED;2;3;5175500;5.1755
Insertion Sort Paralelo (ForkJoin);true;5000;REVERSED;2;4;6350600;6.3506
Insertion Sort Paralelo (ForkJoin);true;5000;REVERSED;2;5;4875800;4.8758
Insertion Sort Paralelo (ForkJoin);true;5000;REVERSED;4;1;2909000;2.9090
Insertion Sort Paralelo (ForkJoin);true;5000;REVERSED;4;2;3030900;3.0309
Insertion Sort Paralelo (ForkJoin);true;5000;REVERSED;4;3;3581300;3.5813
Insertion Sort Paralelo (ForkJoin);true;5000;REVERSED;4;4;3324300;3.3243
Insertion Sort Paralelo (ForkJoin);true;5000;REVERSED;4;5;5931900;5.9319
Insertion Sort Paralelo (ForkJoin);true;5000;REVERSED;8;1;2041800;2.0418
Insertion Sort Paralelo (ForkJoin);true;5000;REVERSED;8;2;2241100;2.2411
Insertion Sort Paralelo (ForkJoin);true;5000;REVERSED;8;3;2083100;2.0831
Insertion Sort Paralelo (ForkJoin);true;5000;REVERSED;8;4;2588300;2.5883
Insertion Sort Paralelo (ForkJoin);true;5000;REVERSED;8;5;2374400;2.3744
Quick Sort Serial;false;5000;REVERSED;1;1;178900;0.1789
Quick Sort Serial;false;5000;REVERSED;1;2;169100;0.1691
Quick Sort Serial;false;5000;REVERSED;1;3;259000;0.2590
Quick Sort Serial;false;5000;REVERSED;1;4;234400;0.2344
Quick Sort Serial;false;5000;REVERSED;1;5;245000;0.2450
Quick Sort Paralelo (ForkJoin);true;5000;REVERSED;2;1;1229500;1.2295
Quick Sort Paralelo (ForkJoin);true;5000;REVERSED;2;2;1002300;1.0023
Quick Sort Paralelo (ForkJoin);true;5000;REVERSED;2;3;860300;0.8603
Quick Sort Paralelo (ForkJoin);true;5000;REVERSED;2;4;1003300;1.0033
Quick Sort Paralelo (ForkJoin);true;5000;REVERSED;2;5;931300;0.9313
Quick Sort Paralelo (ForkJoin);true;5000;REVERSED;4;1;1540800;1.5408
Quick Sort Paralelo (ForkJoin);true;5000;REVERSED;4;2;1255700;1.2557
Quick Sort Paralelo (ForkJoin);true;5000;REVERSED;4;3;1895200;1.8952
Quick Sort Paralelo (ForkJoin);true;5000;REVERSED;4;4;1198700;1.1987
Quick Sort Paralelo (ForkJoin);true;5000;REVERSED;4;5;1074000;1.0740
Quick Sort Paralelo (ForkJoin);true;5000;REVERSED;8;1;1590200;1.5902
Quick Sort Paralelo (ForkJoin);true;5000;REVERSED;8;2;1222000;1.2220
Quick Sort Paralelo (ForkJoin);true;5000;REVERSED;8;3;1353800;1.3538
Quick Sort Paralelo (ForkJoin);true;5000;REVERSED;8;4;1089500;1.0895
Quick Sort Paralelo (ForkJoin);true;5000;REVERSED;8;5;1352600;1.3526
Merge Sort Serial;false;5000;REVERSED;1;1;625700;0.6257
Merge Sort Serial;false;5000;REVERSED;1;2;607000;0.6070
Merge Sort Serial;false;5000;REVERSED;1;3;559000;0.5590
Merge Sort Serial;false;5000;REVERSED;1;4;729600;0.7296
Merge Sort Serial;false;5000;REVERSED;1;5;845700;0.8457
Merge Sort Paralelo (ForkJoin);true;5000;REVERSED;2;1;1849700;1.8497
Merge Sort Paralelo (ForkJoin);true;5000;REVERSED;2;2;2617800;2.6178
Merge Sort Paralelo (ForkJoin);true;5000;REVERSED;2;3;1806900;1.8069
Merge Sort Paralelo (ForkJoin);true;5000;REVERSED;2;4;1934800;1.9348
Merge Sort Paralelo (ForkJoin);true;5000;REVERSED;2;5;1612100;1.6121
Merge Sort Paralelo (ForkJoin);true;5000;REVERSED;4;1;1560300;1.5603
Merge Sort Paralelo (ForkJoin);true;5000;REVERSED;4;2;1507500;1.5075
Merge Sort Paralelo (ForkJoin);true;5000;REVERSED;4;3;1951200;1.9512
Merge Sort Paralelo (ForkJoin);true;5000;REVERSED;4;4;1647900;1.6479
Merge Sort Paralelo (ForkJoin);true;5000;REVERSED;4;5;1238900;1.2389
Merge Sort Paralelo (ForkJoin);true;5000;REVERSED;8;1;1526400;1.5264
Merge Sort Paralelo (ForkJoin);true;5000;REVERSED;8;2;1418300;1.4183
Merge Sort Paralelo (ForkJoin);true;5000;REVERSED;8;3;2101000;2.1010
Merge Sort Paralelo (ForkJoin);true;5000;REVERSED;8;4;1827200;1.8272
Merge Sort Paralelo (ForkJoin);true;5000;REVERSED;8;5;2124600;2.1246
Bubble Sort Serial;false;10000;REVERSED;1;1;121318500;121.3185
Bubble Sort Serial;false;10000;REVERSED;1;2;118480000;118.4800
Bubble Sort Serial;false;10000;REVERSED;1;3;116223000;116.2230
Bubble Sort Serial;false;10000;REVERSED;1;4;122018600;122.0186
Bubble Sort Serial;false;10000;REVERSED;1;5;115188200;115.1882
Bubble Sort Paralelo (Odd-Even);true;10000;REVERSED;2;1;38850200;38.8502
Bubble Sort Paralelo (Odd-Even);true;10000;REVERSED;2;2;36403800;36.4038
Bubble Sort Paralelo (Odd-Even);true;10000;REVERSED;2;3;31950500;31.9505
Bubble Sort Paralelo (Odd-Even);true;10000;REVERSED;2;4;35374000;35.3740
Bubble Sort Paralelo (Odd-Even);true;10000;REVERSED;2;5;33662100;33.6621
Bubble Sort Paralelo (Odd-Even);true;10000;REVERSED;4;1;26395800;26.3958
Bubble Sort Paralelo (Odd-Even);true;10000;REVERSED;4;2;24703400;24.7034
Bubble Sort Paralelo (Odd-Even);true;10000;REVERSED;4;3;28097500;28.0975
Bubble Sort Paralelo (Odd-Even);true;10000;REVERSED;4;4;29938200;29.9382
Bubble Sort Paralelo (Odd-Even);true;10000;REVERSED;4;5;28486500;28.4865
Bubble Sort Paralelo (Odd-Even);true;10000;REVERSED;8;1;257254700;257.2547
Bubble Sort Paralelo (Odd-Even);true;10000;REVERSED;8;2;242652000;242.6520
Bubble Sort Paralelo (Odd-Even);true;10000;REVERSED;8;3;89789500;89.7895
Bubble Sort Paralelo (Odd-Even);true;10000;REVERSED;8;4;71516500;71.5165
Bubble Sort Paralelo (Odd-Even);true;10000;REVERSED;8;5;213385900;213.3859
Insertion Sort Serial;false;10000;REVERSED;1;1;27621500;27.6215
Insertion Sort Serial;false;10000;REVERSED;1;2;21252300;21.2523
Insertion Sort Serial;false;10000;REVERSED;1;3;22577200;22.5772
Insertion Sort Serial;false;10000;REVERSED;1;4;21050300;21.0503
Insertion Sort Serial;false;10000;REVERSED;1;5;21684100;21.6841
Insertion Sort Paralelo (ForkJoin);true;10000;REVERSED;2;1;19492600;19.4926
Insertion Sort Paralelo (ForkJoin);true;10000;REVERSED;2;2;18129500;18.1295
Insertion Sort Paralelo (ForkJoin);true;10000;REVERSED;2;3;25144200;25.1442
Insertion Sort Paralelo (ForkJoin);true;10000;REVERSED;2;4;26817200;26.8172
Insertion Sort Paralelo (ForkJoin);true;10000;REVERSED;2;5;23885400;23.8854
Insertion Sort Paralelo (ForkJoin);true;10000;REVERSED;4;1;9124800;9.1248
Insertion Sort Paralelo (ForkJoin);true;10000;REVERSED;4;2;9289500;9.2895
Insertion Sort Paralelo (ForkJoin);true;10000;REVERSED;4;3;8132600;8.1326
Insertion Sort Paralelo (ForkJoin);true;10000;REVERSED;4;4;5265900;5.2659
Insertion Sort Paralelo (ForkJoin);true;10000;REVERSED;4;5;5471500;5.4715
Insertion Sort Paralelo (ForkJoin);true;10000;REVERSED;8;1;5107200;5.1072
Insertion Sort Paralelo (ForkJoin);true;10000;REVERSED;8;2;4703300;4.7033
Insertion Sort Paralelo (ForkJoin);true;10000;REVERSED;8;3;5153500;5.1535
Insertion Sort Paralelo (ForkJoin);true;10000;REVERSED;8;4;4371000;4.3710
Insertion Sort Paralelo (ForkJoin);true;10000;REVERSED;8;5;5619000;5.6190
Quick Sort Serial;false;10000;REVERSED;1;1;484200;0.4842
Quick Sort Serial;false;10000;REVERSED;1;2;340800;0.3408
Quick Sort Serial;false;10000;REVERSED;1;3;476900;0.4769
Quick Sort Serial;false;10000;REVERSED;1;4;445800;0.4458
Quick Sort Serial;false;10000;REVERSED;1;5;361500;0.3615
Quick Sort Paralelo (ForkJoin);true;10000;REVERSED;2;1;1401300;1.4013
Quick Sort Paralelo (ForkJoin);true;10000;REVERSED;2;2;1159700;1.1597
Quick Sort Paralelo (ForkJoin);true;10000;REVERSED;2;3;1163000;1.1630
Quick Sort Paralelo (ForkJoin);true;10000;REVERSED;2;4;1046600;1.0466
Quick Sort Paralelo (ForkJoin);true;10000;REVERSED;2;5;1372600;1.3726
Quick Sort Paralelo (ForkJoin);true;10000;REVERSED;4;1;1466400;1.4664
Quick Sort Paralelo (ForkJoin);true;10000;REVERSED;4;2;1457500;1.4575
Quick Sort Paralelo (ForkJoin);true;10000;REVERSED;4;3;1525900;1.5259
Quick Sort Paralelo (ForkJoin);true;10000;REVERSED;4;4;1738300;1.7383
Quick Sort Paralelo (ForkJoin);true;10000;REVERSED;4;5;1433900;1.4339
Quick Sort Paralelo (ForkJoin);true;10000;REVERSED;8;1;1816600;1.8166
Quick Sort Paralelo (ForkJoin);true;10000;REVERSED;8;2;2244900;2.2449
Quick Sort Paralelo (ForkJoin);true;10000;REVERSED;8;3;1798000;1.7980
Quick Sort Paralelo (ForkJoin);true;10000;REVERSED;8;4;1804100;1.8041
Quick Sort Paralelo (ForkJoin);true;10000;REVERSED;8;5;1753200;1.7532
Merge Sort Serial;false;10000;REVERSED;1;1;1065000;1.0650
Merge Sort Serial;false;10000;REVERSED;1;2;1068200;1.0682
Merge Sort Serial;false;10000;REVERSED;1;3;1726600;1.7266
Merge Sort Serial;false;10000;REVERSED;1;4;1158800;1.1588
Merge Sort Serial;false;10000;REVERSED;1;5;1385500;1.3855
Merge Sort Paralelo (ForkJoin);true;10000;REVERSED;2;1;1535600;1.5356
Merge Sort Paralelo (ForkJoin);true;10000;REVERSED;2;2;1553500;1.5535
Merge Sort Paralelo (ForkJoin);true;10000;REVERSED;2;3;2255500;2.2555
Merge Sort Paralelo (ForkJoin);true;10000;REVERSED;2;4;1505400;1.5054
Merge Sort Paralelo (ForkJoin);true;10000;REVERSED;2;5;1790800;1.7908
Merge Sort Paralelo (ForkJoin);true;10000;REVERSED;4;1;1813300;1.8133
Merge Sort Paralelo (ForkJoin);true;10000;REVERSED;4;2;1446700;1.4467
Merge Sort Paralelo (ForkJoin);true;10000;REVERSED;4;3;2256800;2.2568
Merge Sort Paralelo (ForkJoin);true;10000;REVERSED;4;4;1636100;1.6361
Merge Sort Paralelo (ForkJoin);true;10000;REVERSED;4;5;1524200;1.5242
Merge Sort Paralelo (ForkJoin);true;10000;REVERSED;8;1;1702100;1.7021
Merge Sort Paralelo (ForkJoin);true;10000;REVERSED;8;2;1719800;1.7198
Merge Sort Paralelo (ForkJoin);true;10000;REVERSED;8;3;4440700;4.4407
Merge Sort Paralelo (ForkJoin);true;10000;REVERSED;8;4;2436600;2.4366
Merge Sort Paralelo (ForkJoin);true;10000;REVERSED;8;5;2283200;2.2832
Bubble Sort Serial;false;25000;REVERSED;1;1;729118700;729.1187
Bubble Sort Serial;false;25000;REVERSED;1;2;758668800;758.6688
Bubble Sort Serial;false;25000;REVERSED;1;3;815030600;815.0306
Bubble Sort Serial;false;25000;REVERSED;1;4;759767800;759.7678
Bubble Sort Serial;false;25000;REVERSED;1;5;736156300;736.1563
Bubble Sort Paralelo (Odd-Even);true;25000;REVERSED;2;1;208679800;208.6798
Bubble Sort Paralelo (Odd-Even);true;25000;REVERSED;2;2;206290500;206.2905
Bubble Sort Paralelo (Odd-Even);true;25000;REVERSED;2;3;208801400;208.8014
Bubble Sort Paralelo (Odd-Even);true;25000;REVERSED;2;4;231423100;231.4231
Bubble Sort Paralelo (Odd-Even);true;25000;REVERSED;2;5;238173500;238.1735
Bubble Sort Paralelo (Odd-Even);true;25000;REVERSED;4;1;196913900;196.9139
Bubble Sort Paralelo (Odd-Even);true;25000;REVERSED;4;2;139794900;139.7949
Bubble Sort Paralelo (Odd-Even);true;25000;REVERSED;4;3;177413500;177.4135
Bubble Sort Paralelo (Odd-Even);true;25000;REVERSED;4;4;147168200;147.1682
Bubble Sort Paralelo (Odd-Even);true;25000;REVERSED;4;5;138776000;138.7760
Bubble Sort Paralelo (Odd-Even);true;25000;REVERSED;8;1;380898300;380.8983
Bubble Sort Paralelo (Odd-Even);true;25000;REVERSED;8;2;191484800;191.4848
Bubble Sort Paralelo (Odd-Even);true;25000;REVERSED;8;3;383500000;383.5000
Bubble Sort Paralelo (Odd-Even);true;25000;REVERSED;8;4;351413400;351.4134
Bubble Sort Paralelo (Odd-Even);true;25000;REVERSED;8;5;237174900;237.1749
Insertion Sort Serial;false;25000;REVERSED;1;1;153015200;153.0152
Insertion Sort Serial;false;25000;REVERSED;1;2;149517300;149.5173
Insertion Sort Serial;false;25000;REVERSED;1;3;149247300;149.2473
Insertion Sort Serial;false;25000;REVERSED;1;4;155340000;155.3400
Insertion Sort Serial;false;25000;REVERSED;1;5;146789600;146.7896
Insertion Sort Paralelo (ForkJoin);true;25000;REVERSED;2;1;126979000;126.9790
Insertion Sort Paralelo (ForkJoin);true;25000;REVERSED;2;2;138052500;138.0525
Insertion Sort Paralelo (ForkJoin);true;25000;REVERSED;2;3;130391300;130.3913
Insertion Sort Paralelo (ForkJoin);true;25000;REVERSED;2;4;113979400;113.9794
Insertion Sort Paralelo (ForkJoin);true;25000;REVERSED;2;5;114351600;114.3516
Insertion Sort Paralelo (ForkJoin);true;25000;REVERSED;4;1;45816000;45.8160
Insertion Sort Paralelo (ForkJoin);true;25000;REVERSED;4;2;47317200;47.3172
Insertion Sort Paralelo (ForkJoin);true;25000;REVERSED;4;3;38723600;38.7236
Insertion Sort Paralelo (ForkJoin);true;25000;REVERSED;4;4;38740900;38.7409
Insertion Sort Paralelo (ForkJoin);true;25000;REVERSED;4;5;40710800;40.7108
Insertion Sort Paralelo (ForkJoin);true;25000;REVERSED;8;1;25667500;25.6675
Insertion Sort Paralelo (ForkJoin);true;25000;REVERSED;8;2;22229400;22.2294
Insertion Sort Paralelo (ForkJoin);true;25000;REVERSED;8;3;17952200;17.9522
Insertion Sort Paralelo (ForkJoin);true;25000;REVERSED;8;4;16262100;16.2621
Insertion Sort Paralelo (ForkJoin);true;25000;REVERSED;8;5;19287300;19.2873
Quick Sort Serial;false;25000;REVERSED;1;1;917100;0.9171
Quick Sort Serial;false;25000;REVERSED;1;2;963600;0.9636
Quick Sort Serial;false;25000;REVERSED;1;3;1096600;1.0966
Quick Sort Serial;false;25000;REVERSED;1;4;941800;0.9418
Quick Sort Serial;false;25000;REVERSED;1;5;898400;0.8984
Quick Sort Paralelo (ForkJoin);true;25000;REVERSED;2;1;1562700;1.5627
Quick Sort Paralelo (ForkJoin);true;25000;REVERSED;2;2;1698300;1.6983
Quick Sort Paralelo (ForkJoin);true;25000;REVERSED;2;3;1497000;1.4970
Quick Sort Paralelo (ForkJoin);true;25000;REVERSED;2;4;1350400;1.3504
Quick Sort Paralelo (ForkJoin);true;25000;REVERSED;2;5;2906000;2.9060
Quick Sort Paralelo (ForkJoin);true;25000;REVERSED;4;1;2533900;2.5339
Quick Sort Paralelo (ForkJoin);true;25000;REVERSED;4;2;1630600;1.6306
Quick Sort Paralelo (ForkJoin);true;25000;REVERSED;4;3;1724800;1.7248
Quick Sort Paralelo (ForkJoin);true;25000;REVERSED;4;4;1704800;1.7048
Quick Sort Paralelo (ForkJoin);true;25000;REVERSED;4;5;1721000;1.7210
Quick Sort Paralelo (ForkJoin);true;25000;REVERSED;8;1;2132500;2.1325
Quick Sort Paralelo (ForkJoin);true;25000;REVERSED;8;2;2230100;2.2301
Quick Sort Paralelo (ForkJoin);true;25000;REVERSED;8;3;2902900;2.9029
Quick Sort Paralelo (ForkJoin);true;25000;REVERSED;8;4;3609000;3.6090
Quick Sort Paralelo (ForkJoin);true;25000;REVERSED;8;5;2247100;2.2471
Merge Sort Serial;false;25000;REVERSED;1;1;3545900;3.5459
Merge Sort Serial;false;25000;REVERSED;1;2;4709200;4.7092
Merge Sort Serial;false;25000;REVERSED;1;3;4410900;4.4109
Merge Sort Serial;false;25000;REVERSED;1;4;2900300;2.9003
Merge Sort Serial;false;25000;REVERSED;1;5;4651100;4.6511
Merge Sort Paralelo (ForkJoin);true;25000;REVERSED;2;1;4514800;4.5148
Merge Sort Paralelo (ForkJoin);true;25000;REVERSED;2;2;3948800;3.9488
Merge Sort Paralelo (ForkJoin);true;25000;REVERSED;2;3;3961400;3.9614
Merge Sort Paralelo (ForkJoin);true;25000;REVERSED;2;4;4015700;4.0157
Merge Sort Paralelo (ForkJoin);true;25000;REVERSED;2;5;3501100;3.5011
Merge Sort Paralelo (ForkJoin);true;25000;REVERSED;4;1;4041100;4.0411
Merge Sort Paralelo (ForkJoin);true;25000;REVERSED;4;2;2889100;2.8891
Merge Sort Paralelo (ForkJoin);true;25000;REVERSED;4;3;3440200;3.4402
Merge Sort Paralelo (ForkJoin);true;25000;REVERSED;4;4;2741800;2.7418
Merge Sort Paralelo (ForkJoin);true;25000;REVERSED;4;5;3175800;3.1758
Merge Sort Paralelo (ForkJoin);true;25000;REVERSED;8;1;2367300;2.3673
Merge Sort Paralelo (ForkJoin);true;25000;REVERSED;8;2;3838800;3.8388
Merge Sort Paralelo (ForkJoin);true;25000;REVERSED;8;3;2692800;2.6928
Merge Sort Paralelo (ForkJoin);true;25000;REVERSED;8;4;2366800;2.3668
Merge Sort Paralelo (ForkJoin);true;25000;REVERSED;8;5;2442100;2.4421
Bubble Sort Serial;false;50000;REVERSED;1;1;2942987600;2942.9876
Bubble Sort Serial;false;50000;REVERSED;1;2;2991646700;2991.6467
Bubble Sort Serial;false;50000;REVERSED;1;3;2986876000;2986.8760
Bubble Sort Serial;false;50000;REVERSED;1;4;2966434800;2966.4348
Bubble Sort Serial;false;50000;REVERSED;1;5;2950896700;2950.8967
Bubble Sort Paralelo (Odd-Even);true;50000;REVERSED;2;1;821143700;821.1437
Bubble Sort Paralelo (Odd-Even);true;50000;REVERSED;2;2;774776500;774.7765
Bubble Sort Paralelo (Odd-Even);true;50000;REVERSED;2;3;818514100;818.5141
Bubble Sort Paralelo (Odd-Even);true;50000;REVERSED;2;4;850511100;850.5111
Bubble Sort Paralelo (Odd-Even);true;50000;REVERSED;2;5;834476900;834.4769
Bubble Sort Paralelo (Odd-Even);true;50000;REVERSED;4;1;655360200;655.3602
Bubble Sort Paralelo (Odd-Even);true;50000;REVERSED;4;2;501858300;501.8583
Bubble Sort Paralelo (Odd-Even);true;50000;REVERSED;4;3;662692500;662.6925
Bubble Sort Paralelo (Odd-Even);true;50000;REVERSED;4;4;643694900;643.6949
Bubble Sort Paralelo (Odd-Even);true;50000;REVERSED;4;5;531537800;531.5378
Bubble Sort Paralelo (Odd-Even);true;50000;REVERSED;8;1;983893400;983.8934
Bubble Sort Paralelo (Odd-Even);true;50000;REVERSED;8;2;1019740000;1019.7400
Bubble Sort Paralelo (Odd-Even);true;50000;REVERSED;8;3;796524900;796.5249
Bubble Sort Paralelo (Odd-Even);true;50000;REVERSED;8;4;2003501500;2003.5015
Bubble Sort Paralelo (Odd-Even);true;50000;REVERSED;8;5;849252400;849.2524
Insertion Sort Serial;false;50000;REVERSED;1;1;583016000;583.0160
Insertion Sort Serial;false;50000;REVERSED;1;2;620828800;620.8288
Insertion Sort Serial;false;50000;REVERSED;1;3;575362000;575.3620
Insertion Sort Serial;false;50000;REVERSED;1;4;592564200;592.5642
Insertion Sort Serial;false;50000;REVERSED;1;5;580157400;580.1574
Insertion Sort Paralelo (ForkJoin);true;50000;REVERSED;2;1;496223300;496.2233
Insertion Sort Paralelo (ForkJoin);true;50000;REVERSED;2;2;470748100;470.7481
Insertion Sort Paralelo (ForkJoin);true;50000;REVERSED;2;3;456811900;456.8119
Insertion Sort Paralelo (ForkJoin);true;50000;REVERSED;2;4;444814400;444.8144
Insertion Sort Paralelo (ForkJoin);true;50000;REVERSED;2;5;558136100;558.1361
Insertion Sort Paralelo (ForkJoin);true;50000;REVERSED;4;1;151137500;151.1375
Insertion Sort Paralelo (ForkJoin);true;50000;REVERSED;4;2;157990400;157.9904
Insertion Sort Paralelo (ForkJoin);true;50000;REVERSED;4;3;140542000;140.5420
Insertion Sort Paralelo (ForkJoin);true;50000;REVERSED;4;4;150686700;150.6867
Insertion Sort Paralelo (ForkJoin);true;50000;REVERSED;4;5;139735100;139.7351
Insertion Sort Paralelo (ForkJoin);true;50000;REVERSED;8;1;62221500;62.2215
Insertion Sort Paralelo (ForkJoin);true;50000;REVERSED;8;2;60584300;60.5843
Insertion Sort Paralelo (ForkJoin);true;50000;REVERSED;8;3;77718200;77.7182
Insertion Sort Paralelo (ForkJoin);true;50000;REVERSED;8;4;62576500;62.5765
Insertion Sort Paralelo (ForkJoin);true;50000;REVERSED;8;5;63512300;63.5123
Quick Sort Serial;false;50000;REVERSED;1;1;1860700;1.8607
Quick Sort Serial;false;50000;REVERSED;1;2;2068800;2.0688
Quick Sort Serial;false;50000;REVERSED;1;3;1835500;1.8355
Quick Sort Serial;false;50000;REVERSED;1;4;1754800;1.7548
Quick Sort Serial;false;50000;REVERSED;1;5;1788900;1.7889
Quick Sort Paralelo (ForkJoin);true;50000;REVERSED;2;1;1893400;1.8934
Quick Sort Paralelo (ForkJoin);true;50000;REVERSED;2;2;1769600;1.7696
Quick Sort Paralelo (ForkJoin);true;50000;REVERSED;2;3;1996300;1.9963
Quick Sort Paralelo (ForkJoin);true;50000;REVERSED;2;4;2053800;2.0538
Quick Sort Paralelo (ForkJoin);true;50000;REVERSED;2;5;2378900;2.3789
Quick Sort Paralelo (ForkJoin);true;50000;REVERSED;4;1;2357100;2.3571
Quick Sort Paralelo (ForkJoin);true;50000;REVERSED;4;2;1833000;1.8330
Quick Sort Paralelo (ForkJoin);true;50000;REVERSED;4;3;2708000;2.7080
Quick Sort Paralelo (ForkJoin);true;50000;REVERSED;4;4;2047700;2.0477
Quick Sort Paralelo (ForkJoin);true;50000;REVERSED;4;5;1937600;1.9376
Quick Sort Paralelo (ForkJoin);true;50000;REVERSED;8;1;2005300;2.0053
Quick Sort Paralelo (ForkJoin);true;50000;REVERSED;8;2;2162800;2.1628
Quick Sort Paralelo (ForkJoin);true;50000;REVERSED;8;3;2379800;2.3798
Quick Sort Paralelo (ForkJoin);true;50000;REVERSED;8;4;2305900;2.3059
Quick Sort Paralelo (ForkJoin);true;50000;REVERSED;8;5;2256400;2.2564
Merge Sort Serial;false;50000;REVERSED;1;1;6028500;6.0285
Merge Sort Serial;false;50000;REVERSED;1;2;5325700;5.3257
Merge Sort Serial;false;50000;REVERSED;1;3;5687200;5.6872
Merge Sort Serial;false;50000;REVERSED;1;4;5207600;5.2076
Merge Sort Serial;false;50000;REVERSED;1;5;5844900;5.8449
Merge Sort Paralelo (ForkJoin);true;50000;REVERSED;2;1;3555000;3.5550
Merge Sort Paralelo (ForkJoin);true;50000;REVERSED;2;2;3533200;3.5332
Merge Sort Paralelo (ForkJoin);true;50000;REVERSED;2;3;4325600;4.3256
Merge Sort Paralelo (ForkJoin);true;50000;REVERSED;2;4;5643300;5.6433
Merge Sort Paralelo (ForkJoin);true;50000;REVERSED;2;5;3714200;3.7142
Merge Sort Paralelo (ForkJoin);true;50000;REVERSED;4;1;3261300;3.2613
Merge Sort Paralelo (ForkJoin);true;50000;REVERSED;4;2;3207600;3.2076
Merge Sort Paralelo (ForkJoin);true;50000;REVERSED;4;3;3335300;3.3353
Merge Sort Paralelo (ForkJoin);true;50000;REVERSED;4;4;4783400;4.7834
Merge Sort Paralelo (ForkJoin);true;50000;REVERSED;4;5;4255900;4.2559
Merge Sort Paralelo (ForkJoin);true;50000;REVERSED;8;1;3656600;3.6566
Merge Sort Paralelo (ForkJoin);true;50000;REVERSED;8;2;3036500;3.0365
Merge Sort Paralelo (ForkJoin);true;50000;REVERSED;8;3;3267800;3.2678
Merge Sort Paralelo (ForkJoin);true;50000;REVERSED;8;4;3337900;3.3379
Merge Sort Paralelo (ForkJoin);true;50000;REVERSED;8;5;3052800;3.0528
Bubble Sort Serial;false;1000;RANDOM;1;1;1819600;1.8196
Bubble Sort Serial;false;1000;RANDOM;1;2;1617700;1.6177
Bubble Sort Serial;false;1000;RANDOM;1;3;1870500;1.8705
Bubble Sort Serial;false;1000;RANDOM;1;4;2336900;2.3369
Bubble Sort Serial;false;1000;RANDOM;1;5;1858200;1.8582
Bubble Sort Paralelo (Odd-Even);true;1000;RANDOM;2;1;13414800;13.4148
Bubble Sort Paralelo (Odd-Even);true;1000;RANDOM;2;2;3777900;3.7779
Bubble Sort Paralelo (Odd-Even);true;1000;RANDOM;2;3;3906900;3.9069
Bubble Sort Paralelo (Odd-Even);true;1000;RANDOM;2;4;2507300;2.5073
Bubble Sort Paralelo (Odd-Even);true;1000;RANDOM;2;5;3753400;3.7534
Bubble Sort Paralelo (Odd-Even);true;1000;RANDOM;4;1;2831900;2.8319
Bubble Sort Paralelo (Odd-Even);true;1000;RANDOM;4;2;3797600;3.7976
Bubble Sort Paralelo (Odd-Even);true;1000;RANDOM;4;3;7232100;7.2321
Bubble Sort Paralelo (Odd-Even);true;1000;RANDOM;4;4;20982500;20.9825
Bubble Sort Paralelo (Odd-Even);true;1000;RANDOM;4;5;8997100;8.9971
Bubble Sort Paralelo (Odd-Even);true;1000;RANDOM;8;1;113899300;113.8993
Bubble Sort Paralelo (Odd-Even);true;1000;RANDOM;8;2;56743300;56.7433
Bubble Sort Paralelo (Odd-Even);true;1000;RANDOM;8;3;83729500;83.7295
Bubble Sort Paralelo (Odd-Even);true;1000;RANDOM;8;4;81867100;81.8671
Bubble Sort Paralelo (Odd-Even);true;1000;RANDOM;8;5;69628700;69.6287
Insertion Sort Serial;false;1000;RANDOM;1;1;170800;0.1708
Insertion Sort Serial;false;1000;RANDOM;1;2;189700;0.1897
Insertion Sort Serial;false;1000;RANDOM;1;3;179800;0.1798
Insertion Sort Serial;false;1000;RANDOM;1;4;178200;0.1782
Insertion Sort Serial;false;1000;RANDOM;1;5;391900;0.3919
Insertion Sort Paralelo (ForkJoin);true;1000;RANDOM;2;1;10850500;10.8505
Insertion Sort Paralelo (ForkJoin);true;1000;RANDOM;2;2;40339900;40.3399
Insertion Sort Paralelo (ForkJoin);true;1000;RANDOM;2;3;3655200;3.6552
Insertion Sort Paralelo (ForkJoin);true;1000;RANDOM;2;4;30292100;30.2921
Insertion Sort Paralelo (ForkJoin);true;1000;RANDOM;2;5;1593000;1.5930
Insertion Sort Paralelo (ForkJoin);true;1000;RANDOM;4;1;1694800;1.6948
Insertion Sort Paralelo (ForkJoin);true;1000;RANDOM;4;2;1623600;1.6236
Insertion Sort Paralelo (ForkJoin);true;1000;RANDOM;4;3;1309300;1.3093
Insertion Sort Paralelo (ForkJoin);true;1000;RANDOM;4;4;1201900;1.2019
Insertion Sort Paralelo (ForkJoin);true;1000;RANDOM;4;5;1584300;1.5843
Insertion Sort Paralelo (ForkJoin);true;1000;RANDOM;8;1;6760600;6.7606
Insertion Sort Paralelo (ForkJoin);true;1000;RANDOM;8;2;1175600;1.1756
Insertion Sort Paralelo (ForkJoin);true;1000;RANDOM;8;3;1678800;1.6788
Insertion Sort Paralelo (ForkJoin);true;1000;RANDOM;8;4;19767600;19.7676
Insertion Sort Paralelo (ForkJoin);true;1000;RANDOM;8;5;2051100;2.0511
Quick Sort Serial;false;1000;RANDOM;1;1;147500;0.1475
Quick Sort Serial;false;1000;RANDOM;1;2;95700;0.0957
Quick Sort Serial;false;1000;RANDOM;1;3;102400;0.1024
Quick Sort Serial;false;1000;RANDOM;1;4;131400;0.1314
Quick Sort Serial;false;1000;RANDOM;1;5;97700;0.0977
Quick Sort Paralelo (ForkJoin);true;1000;RANDOM;2;1;3664500;3.6645
Quick Sort Paralelo (ForkJoin);true;1000;RANDOM;2;2;1257200;1.2572
Quick Sort Paralelo (ForkJoin);true;1000;RANDOM;2;3;1430800;1.4308
Quick Sort Paralelo (ForkJoin);true;1000;RANDOM;2;4;3192900;3.1929
Quick Sort Paralelo (ForkJoin);true;1000;RANDOM;2;5;1326500;1.3265
Quick Sort Paralelo (ForkJoin);true;1000;RANDOM;4;1;1137100;1.1371
Quick Sort Paralelo (ForkJoin);true;1000;RANDOM;4;2;1001500;1.0015
Quick Sort Paralelo (ForkJoin);true;1000;RANDOM;4;3;1711300;1.7113
Quick Sort Paralelo (ForkJoin);true;1000;RANDOM;4;4;1596100;1.5961
Quick Sort Paralelo (ForkJoin);true;1000;RANDOM;4;5;1569900;1.5699
Quick Sort Paralelo (ForkJoin);true;1000;RANDOM;8;1;943900;0.9439
Quick Sort Paralelo (ForkJoin);true;1000;RANDOM;8;2;950100;0.9501
Quick Sort Paralelo (ForkJoin);true;1000;RANDOM;8;3;923900;0.9239
Quick Sort Paralelo (ForkJoin);true;1000;RANDOM;8;4;3597100;3.5971
Quick Sort Paralelo (ForkJoin);true;1000;RANDOM;8;5;1878700;1.8787
Merge Sort Serial;false;1000;RANDOM;1;1;296300;0.2963
Merge Sort Serial;false;1000;RANDOM;1;2;230200;0.2302
Merge Sort Serial;false;1000;RANDOM;1;3;193800;0.1938
Merge Sort Serial;false;1000;RANDOM;1;4;205300;0.2053
Merge Sort Serial;false;1000;RANDOM;1;5;244500;0.2445
Merge Sort Paralelo (ForkJoin);true;1000;RANDOM;2;1;2794000;2.7940
Merge Sort Paralelo (ForkJoin);true;1000;RANDOM;2;2;3035900;3.0359
Merge Sort Paralelo (ForkJoin);true;1000;RANDOM;2;3;1323500;1.3235
Merge Sort Paralelo (ForkJoin);true;1000;RANDOM;2;4;1690900;1.6909
Merge Sort Paralelo (ForkJoin);true;1000;RANDOM;2;5;1253800;1.2538
Merge Sort Paralelo (ForkJoin);true;1000;RANDOM;4;1;1254100;1.2541
Merge Sort Paralelo (ForkJoin);true;1000;RANDOM;4;2;1239500;1.2395
Merge Sort Paralelo (ForkJoin);true;1000;RANDOM;4;3;1271100;1.2711
Merge Sort Paralelo (ForkJoin);true;1000;RANDOM;4;4;1128200;1.1282
Merge Sort Paralelo (ForkJoin);true;1000;RANDOM;4;5;1975100;1.9751
Merge Sort Paralelo (ForkJoin);true;1000;RANDOM;8;1;3223300;3.2233
Merge Sort Paralelo (ForkJoin);true;1000;RANDOM;8;2;1034700;1.0347
Merge Sort Paralelo (ForkJoin);true;1000;RANDOM;8;3;1311500;1.3115
Merge Sort Paralelo (ForkJoin);true;1000;RANDOM;8;4;1400200;1.4002
Merge Sort Paralelo (ForkJoin);true;1000;RANDOM;8;5;904000;0.9040
Bubble Sort Serial;false;5000;RANDOM;1;1;37224700;37.2247
Bubble Sort Serial;false;5000;RANDOM;1;2;24930900;24.9309
Bubble Sort Serial;false;5000;RANDOM;1;3;26160000;26.1600
Bubble Sort Serial;false;5000;RANDOM;1;4;26418000;26.4180
Bubble Sort Serial;false;5000;RANDOM;1;5;24690800;24.6908
Bubble Sort Paralelo (Odd-Even);true;5000;RANDOM;2;1;11810700;11.8107
Bubble Sort Paralelo (Odd-Even);true;5000;RANDOM;2;2;10676600;10.6766
Bubble Sort Paralelo (Odd-Even);true;5000;RANDOM;2;3;10285000;10.2850
Bubble Sort Paralelo (Odd-Even);true;5000;RANDOM;2;4;10397000;10.3970
Bubble Sort Paralelo (Odd-Even);true;5000;RANDOM;2;5;12389500;12.3895
Bubble Sort Paralelo (Odd-Even);true;5000;RANDOM;4;1;10249300;10.2493
Bubble Sort Paralelo (Odd-Even);true;5000;RANDOM;4;2;13190300;13.1903
Bubble Sort Paralelo (Odd-Even);true;5000;RANDOM;4;3;10871100;10.8711
Bubble Sort Paralelo (Odd-Even);true;5000;RANDOM;4;4;7664800;7.6648
Bubble Sort Paralelo (Odd-Even);true;5000;RANDOM;4;5;8030100;8.0301
Bubble Sort Paralelo (Odd-Even);true;5000;RANDOM;8;1;15747400;15.7474
Bubble Sort Paralelo (Odd-Even);true;5000;RANDOM;8;2;301980000;301.9800
Bubble Sort Paralelo (Odd-Even);true;5000;RANDOM;8;3;288614300;288.6143
Bubble Sort Paralelo (Odd-Even);true;5000;RANDOM;8;4;110261300;110.2613
Bubble Sort Paralelo (Odd-Even);true;5000;RANDOM;8;5;35119200;35.1192
Insertion Sort Serial;false;5000;RANDOM;1;1;2993300;2.9933
Insertion Sort Serial;false;5000;RANDOM;1;2;2854100;2.8541
Insertion Sort Serial;false;5000;RANDOM;1;3;3539100;3.5391
Insertion Sort Serial;false;5000;RANDOM;1;4;2884500;2.8845
Insertion Sort Serial;false;5000;RANDOM;1;5;2761700;2.7617
Insertion Sort Paralelo (ForkJoin);true;5000;RANDOM;2;1;3905600;3.9056
Insertion Sort Paralelo (ForkJoin);true;5000;RANDOM;2;2;4167600;4.1676
Insertion Sort Paralelo (ForkJoin);true;5000;RANDOM;2;3;3567600;3.5676
Insertion Sort Paralelo (ForkJoin);true;5000;RANDOM;2;4;4101500;4.1015
Insertion Sort Paralelo (ForkJoin);true;5000;RANDOM;2;5;3704300;3.7043
Insertion Sort Paralelo (ForkJoin);true;5000;RANDOM;4;1;2356400;2.3564
Insertion Sort Paralelo (ForkJoin);true;5000;RANDOM;4;2;3125900;3.1259
Insertion Sort Paralelo (ForkJoin);true;5000;RANDOM;4;3;3348500;3.3485
Insertion Sort Paralelo (ForkJoin);true;5000;RANDOM;4;4;4097300;4.0973
Insertion Sort Paralelo (ForkJoin);true;5000;RANDOM;4;5;3899900;3.8999
Insertion Sort Paralelo (ForkJoin);true;5000;RANDOM;8;1;2835400;2.8354
Insertion Sort Paralelo (ForkJoin);true;5000;RANDOM;8;2;3335400;3.3354
Insertion Sort Paralelo (ForkJoin);true;5000;RANDOM;8;3;2972800;2.9728
Insertion Sort Paralelo (ForkJoin);true;5000;RANDOM;8;4;2589400;2.5894
Insertion Sort Paralelo (ForkJoin);true;5000;RANDOM;8;5;3342000;3.3420
Quick Sort Serial;false;5000;RANDOM;1;1;580300;0.5803
Quick Sort Serial;false;5000;RANDOM;1;2;452500;0.4525
Quick Sort Serial;false;5000;RANDOM;1;3;523400;0.5234
Quick Sort Serial;false;5000;RANDOM;1;4;446300;0.4463
Quick Sort Serial;false;5000;RANDOM;1;5;448300;0.4483
Quick Sort Paralelo (ForkJoin);true;5000;RANDOM;2;1;1285700;1.2857
Quick Sort Paralelo (ForkJoin);true;5000;RANDOM;2;2;1153200;1.1532
Quick Sort Paralelo (ForkJoin);true;5000;RANDOM;2;3;1567400;1.5674
Quick Sort Paralelo (ForkJoin);true;5000;RANDOM;2;4;1732200;1.7322
Quick Sort Paralelo (ForkJoin);true;5000;RANDOM;2;5;2188800;2.1888
Quick Sort Paralelo (ForkJoin);true;5000;RANDOM;4;1;1586300;1.5863
Quick Sort Paralelo (ForkJoin);true;5000;RANDOM;4;2;1801200;1.8012
Quick Sort Paralelo (ForkJoin);true;5000;RANDOM;4;3;4216500;4.2165
Quick Sort Paralelo (ForkJoin);true;5000;RANDOM;4;4;3308300;3.3083
Quick Sort Paralelo (ForkJoin);true;5000;RANDOM;4;5;1515400;1.5154
Quick Sort Paralelo (ForkJoin);true;5000;RANDOM;8;1;2773300;2.7733
Quick Sort Paralelo (ForkJoin);true;5000;RANDOM;8;2;2244200;2.2442
Quick Sort Paralelo (ForkJoin);true;5000;RANDOM;8;3;2678400;2.6784
Quick Sort Paralelo (ForkJoin);true;5000;RANDOM;8;4;2369200;2.3692
Quick Sort Paralelo (ForkJoin);true;5000;RANDOM;8;5;3911100;3.9111
Merge Sort Serial;false;5000;RANDOM;1;1;1070300;1.0703
Merge Sort Serial;false;5000;RANDOM;1;2;1246700;1.2467
Merge Sort Serial;false;5000;RANDOM;1;3;980800;0.9808
Merge Sort Serial;false;5000;RANDOM;1;4;973800;0.9738
Merge Sort Serial;false;5000;RANDOM;1;5;977000;0.9770
Merge Sort Paralelo (ForkJoin);true;5000;RANDOM;2;1;1624100;1.6241
Merge Sort Paralelo (ForkJoin);true;5000;RANDOM;2;2;1914300;1.9143
Merge Sort Paralelo (ForkJoin);true;5000;RANDOM;2;3;3541400;3.5414
Merge Sort Paralelo (ForkJoin);true;5000;RANDOM;2;4;1797800;1.7978
Merge Sort Paralelo (ForkJoin);true;5000;RANDOM;2;5;2039400;2.0394
Merge Sort Paralelo (ForkJoin);true;5000;RANDOM;4;1;1708700;1.7087
Merge Sort Paralelo (ForkJoin);true;5000;RANDOM;4;2;1934000;1.9340
Merge Sort Paralelo (ForkJoin);true;5000;RANDOM;4;3;1611800;1.6118
Merge Sort Paralelo (ForkJoin);true;5000;RANDOM;4;4;1588100;1.5881
Merge Sort Paralelo (ForkJoin);true;5000;RANDOM;4;5;1964400;1.9644
Merge Sort Paralelo (ForkJoin);true;5000;RANDOM;8;1;4769800;4.7698
Merge Sort Paralelo (ForkJoin);true;5000;RANDOM;8;2;2315600;2.3156
Merge Sort Paralelo (ForkJoin);true;5000;RANDOM;8;3;2259800;2.2598
Merge Sort Paralelo (ForkJoin);true;5000;RANDOM;8;4;3446600;3.4466
Merge Sort Paralelo (ForkJoin);true;5000;RANDOM;8;5;2552500;2.5525
Bubble Sort Serial;false;10000;RANDOM;1;1;149258500;149.2585
Bubble Sort Serial;false;10000;RANDOM;1;2;156511600;156.5116
Bubble Sort Serial;false;10000;RANDOM;1;3;167136500;167.1365
Bubble Sort Serial;false;10000;RANDOM;1;4;154753300;154.7533
Bubble Sort Serial;false;10000;RANDOM;1;5;139502200;139.5022
Bubble Sort Paralelo (Odd-Even);true;10000;RANDOM;2;1;37057700;37.0577
Bubble Sort Paralelo (Odd-Even);true;10000;RANDOM;2;2;46919900;46.9199
Bubble Sort Paralelo (Odd-Even);true;10000;RANDOM;2;3;47000900;47.0009
Bubble Sort Paralelo (Odd-Even);true;10000;RANDOM;2;4;46645400;46.6454
Bubble Sort Paralelo (Odd-Even);true;10000;RANDOM;2;5;50153000;50.1530
Bubble Sort Paralelo (Odd-Even);true;10000;RANDOM;4;1;31434000;31.4340
Bubble Sort Paralelo (Odd-Even);true;10000;RANDOM;4;2;32256800;32.2568
Bubble Sort Paralelo (Odd-Even);true;10000;RANDOM;4;3;30167300;30.1673
Bubble Sort Paralelo (Odd-Even);true;10000;RANDOM;4;4;27294400;27.2944
Bubble Sort Paralelo (Odd-Even);true;10000;RANDOM;4;5;25086600;25.0866
Bubble Sort Paralelo (Odd-Even);true;10000;RANDOM;8;1;182288600;182.2886
Bubble Sort Paralelo (Odd-Even);true;10000;RANDOM;8;2;408298000;408.2980
Bubble Sort Paralelo (Odd-Even);true;10000;RANDOM;8;3;56242600;56.2426
Bubble Sort Paralelo (Odd-Even);true;10000;RANDOM;8;4;467586600;467.5866
Bubble Sort Paralelo (Odd-Even);true;10000;RANDOM;8;5;74831800;74.8318
Insertion Sort Serial;false;10000;RANDOM;1;1;11556900;11.5569
Insertion Sort Serial;false;10000;RANDOM;1;2;11607100;11.6071
Insertion Sort Serial;false;10000;RANDOM;1;3;12614200;12.6142
Insertion Sort Serial;false;10000;RANDOM;1;4;12294200;12.2942
Insertion Sort Serial;false;10000;RANDOM;1;5;14418500;14.4185
Insertion Sort Paralelo (ForkJoin);true;10000;RANDOM;2;1;11424900;11.4249
Insertion Sort Paralelo (ForkJoin);true;10000;RANDOM;2;2;16675500;16.6755
Insertion Sort Paralelo (ForkJoin);true;10000;RANDOM;2;3;12689000;12.6890
Insertion Sort Paralelo (ForkJoin);true;10000;RANDOM;2;4;11563600;11.5636
Insertion Sort Paralelo (ForkJoin);true;10000;RANDOM;2;5;15969600;15.9696
Insertion Sort Paralelo (ForkJoin);true;10000;RANDOM;4;1;5602100;5.6021
Insertion Sort Paralelo (ForkJoin);true;10000;RANDOM;4;2;5940700;5.9407
Insertion Sort Paralelo (ForkJoin);true;10000;RANDOM;4;3;14392600;14.3926
Insertion Sort Paralelo (ForkJoin);true;10000;RANDOM;4;4;7539700;7.5397
Insertion Sort Paralelo (ForkJoin);true;10000;RANDOM;4;5;5653200;5.6532
Insertion Sort Paralelo (ForkJoin);true;10000;RANDOM;8;1;3255800;3.2558
Insertion Sort Paralelo (ForkJoin);true;10000;RANDOM;8;2;3178600;3.1786
Insertion Sort Paralelo (ForkJoin);true;10000;RANDOM;8;3;3728200;3.7282
Insertion Sort Paralelo (ForkJoin);true;10000;RANDOM;8;4;3649800;3.6498
Insertion Sort Paralelo (ForkJoin);true;10000;RANDOM;8;5;5130000;5.1300
Quick Sort Serial;false;10000;RANDOM;1;1;1073200;1.0732
Quick Sort Serial;false;10000;RANDOM;1;2;1042700;1.0427
Quick Sort Serial;false;10000;RANDOM;1;3;1028800;1.0288
Quick Sort Serial;false;10000;RANDOM;1;4;1050300;1.0503
Quick Sort Serial;false;10000;RANDOM;1;5;1142600;1.1426
Quick Sort Paralelo (ForkJoin);true;10000;RANDOM;2;1;1744200;1.7442
Quick Sort Paralelo (ForkJoin);true;10000;RANDOM;2;2;1797500;1.7975
Quick Sort Paralelo (ForkJoin);true;10000;RANDOM;2;3;1669300;1.6693
Quick Sort Paralelo (ForkJoin);true;10000;RANDOM;2;4;2683900;2.6839
Quick Sort Paralelo (ForkJoin);true;10000;RANDOM;2;5;1864900;1.8649
Quick Sort Paralelo (ForkJoin);true;10000;RANDOM;4;1;2562800;2.5628
Quick Sort Paralelo (ForkJoin);true;10000;RANDOM;4;2;1686500;1.6865
Quick Sort Paralelo (ForkJoin);true;10000;RANDOM;4;3;1566000;1.5660
Quick Sort Paralelo (ForkJoin);true;10000;RANDOM;4;4;2442300;2.4423
Quick Sort Paralelo (ForkJoin);true;10000;RANDOM;4;5;3759900;3.7599
Quick Sort Paralelo (ForkJoin);true;10000;RANDOM;8;1;2938700;2.9387
Quick Sort Paralelo (ForkJoin);true;10000;RANDOM;8;2;3201300;3.2013
Quick Sort Paralelo (ForkJoin);true;10000;RANDOM;8;3;2890300;2.8903
Quick Sort Paralelo (ForkJoin);true;10000;RANDOM;8;4;3251500;3.2515
Quick Sort Paralelo (ForkJoin);true;10000;RANDOM;8;5;2180000;2.1800
Merge Sort Serial;false;10000;RANDOM;1;1;2267000;2.2670
Merge Sort Serial;false;10000;RANDOM;1;2;2457400;2.4574
Merge Sort Serial;false;10000;RANDOM;1;3;2029800;2.0298
Merge Sort Serial;false;10000;RANDOM;1;4;2737200;2.7372
Merge Sort Serial;false;10000;RANDOM;1;5;2093600;2.0936
Merge Sort Paralelo (ForkJoin);true;10000;RANDOM;2;1;2838500;2.8385
Merge Sort Paralelo (ForkJoin);true;10000;RANDOM;2;2;2072900;2.0729
Merge Sort Paralelo (ForkJoin);true;10000;RANDOM;2;3;3089300;3.0893
Merge Sort Paralelo (ForkJoin);true;10000;RANDOM;2;4;2491600;2.4916
Merge Sort Paralelo (ForkJoin);true;10000;RANDOM;2;5;2357200;2.3572
Merge Sort Paralelo (ForkJoin);true;10000;RANDOM;4;1;2341900;2.3419
Merge Sort Paralelo (ForkJoin);true;10000;RANDOM;4;2;2489900;2.4899
Merge Sort Paralelo (ForkJoin);true;10000;RANDOM;4;3;1961700;1.9617
Merge Sort Paralelo (ForkJoin);true;10000;RANDOM;4;4;1866400;1.8664
Merge Sort Paralelo (ForkJoin);true;10000;RANDOM;4;5;3077700;3.0777
Merge Sort Paralelo (ForkJoin);true;10000;RANDOM;8;1;3435000;3.4350
Merge Sort Paralelo (ForkJoin);true;10000;RANDOM;8;2;5615600;5.6156
Merge Sort Paralelo (ForkJoin);true;10000;RANDOM;8;3;2412600;2.4126
Merge Sort Paralelo (ForkJoin);true;10000;RANDOM;8;4;2452400;2.4524
Merge Sort Paralelo (ForkJoin);true;10000;RANDOM;8;5;4606700;4.6067
Bubble Sort Serial;false;25000;RANDOM;1;1;1357297000;1357.2970
Bubble Sort Serial;false;25000;RANDOM;1;2;1360769100;1360.7691
Bubble Sort Serial;false;25000;RANDOM;1;3;1325435300;1325.4353
Bubble Sort Serial;false;25000;RANDOM;1;4;1387909300;1387.9093
Bubble Sort Serial;false;25000;RANDOM;1;5;1352564200;1352.5642
Bubble Sort Paralelo (Odd-Even);true;25000;RANDOM;2;1;297477500;297.4775
Bubble Sort Paralelo (Odd-Even);true;25000;RANDOM;2;2;320749900;320.7499
Bubble Sort Paralelo (Odd-Even);true;25000;RANDOM;2;3;325385800;325.3858
Bubble Sort Paralelo (Odd-Even);true;25000;RANDOM;2;4;296361000;296.3610
Bubble Sort Paralelo (Odd-Even);true;25000;RANDOM;2;5;305100500;305.1005
Bubble Sort Paralelo (Odd-Even);true;25000;RANDOM;4;1;142210700;142.2107
Bubble Sort Paralelo (Odd-Even);true;25000;RANDOM;4;2;155750900;155.7509
Bubble Sort Paralelo (Odd-Even);true;25000;RANDOM;4;3;234181200;234.1812
Bubble Sort Paralelo (Odd-Even);true;25000;RANDOM;4;4;153607300;153.6073
Bubble Sort Paralelo (Odd-Even);true;25000;RANDOM;4;5;197408100;197.4081
Bubble Sort Paralelo (Odd-Even);true;25000;RANDOM;8;1;1309638100;1309.6381
Bubble Sort Paralelo (Odd-Even);true;25000;RANDOM;8;2;1314109500;1314.1095
Bubble Sort Paralelo (Odd-Even);true;25000;RANDOM;8;3;333623000;333.6230
Bubble Sort Paralelo (Odd-Even);true;25000;RANDOM;8;4;456121300;456.1213
Bubble Sort Paralelo (Odd-Even);true;25000;RANDOM;8;5;555484200;555.4842
Insertion Sort Serial;false;25000;RANDOM;1;1;73567200;73.5672
Insertion Sort Serial;false;25000;RANDOM;1;2;78822500;78.8225
Insertion Sort Serial;false;25000;RANDOM;1;3;79428600;79.4286
Insertion Sort Serial;false;25000;RANDOM;1;4;88789300;88.7893
Insertion Sort Serial;false;25000;RANDOM;1;5;109556600;109.5566
Insertion Sort Paralelo (ForkJoin);true;25000;RANDOM;2;1;308380900;308.3809
Insertion Sort Paralelo (ForkJoin);true;25000;RANDOM;2;2;255618700;255.6187
Insertion Sort Paralelo (ForkJoin);true;25000;RANDOM;2;3;128626700;128.6267
Insertion Sort Paralelo (ForkJoin);true;25000;RANDOM;2;4;85887100;85.8871
Insertion Sort Paralelo (ForkJoin);true;25000;RANDOM;2;5;99496800;99.4968
Insertion Sort Paralelo (ForkJoin);true;25000;RANDOM;4;1;45959900;45.9599
Insertion Sort Paralelo (ForkJoin);true;25000;RANDOM;4;2;34093600;34.0936
Insertion Sort Paralelo (ForkJoin);true;25000;RANDOM;4;3;39431700;39.4317
Insertion Sort Paralelo (ForkJoin);true;25000;RANDOM;4;4;39845800;39.8458
Insertion Sort Paralelo (ForkJoin);true;25000;RANDOM;4;5;50365700;50.3657
Insertion Sort Paralelo (ForkJoin);true;25000;RANDOM;8;1;21069000;21.0690
Insertion Sort Paralelo (ForkJoin);true;25000;RANDOM;8;2;25437600;25.4376
Insertion Sort Paralelo (ForkJoin);true;25000;RANDOM;8;3;14989200;14.9892
Insertion Sort Paralelo (ForkJoin);true;25000;RANDOM;8;4;14510900;14.5109
Insertion Sort Paralelo (ForkJoin);true;25000;RANDOM;8;5;14058800;14.0588
Quick Sort Serial;false;25000;RANDOM;1;1;3146600;3.1466
Quick Sort Serial;false;25000;RANDOM;1;2;3445300;3.4453
Quick Sort Serial;false;25000;RANDOM;1;3;2935800;2.9358
Quick Sort Serial;false;25000;RANDOM;1;4;2795300;2.7953
Quick Sort Serial;false;25000;RANDOM;1;5;3167900;3.1679
Quick Sort Paralelo (ForkJoin);true;25000;RANDOM;2;1;2575600;2.5756
Quick Sort Paralelo (ForkJoin);true;25000;RANDOM;2;2;2590300;2.5903
Quick Sort Paralelo (ForkJoin);true;25000;RANDOM;2;3;3517700;3.5177
Quick Sort Paralelo (ForkJoin);true;25000;RANDOM;2;4;3620300;3.6203
Quick Sort Paralelo (ForkJoin);true;25000;RANDOM;2;5;3871100;3.8711
Quick Sort Paralelo (ForkJoin);true;25000;RANDOM;4;1;2478600;2.4786
Quick Sort Paralelo (ForkJoin);true;25000;RANDOM;4;2;2624200;2.6242
Quick Sort Paralelo (ForkJoin);true;25000;RANDOM;4;3;3179600;3.1796
Quick Sort Paralelo (ForkJoin);true;25000;RANDOM;4;4;3499400;3.4994
Quick Sort Paralelo (ForkJoin);true;25000;RANDOM;4;5;3017300;3.0173
Quick Sort Paralelo (ForkJoin);true;25000;RANDOM;8;1;3727800;3.7278
Quick Sort Paralelo (ForkJoin);true;25000;RANDOM;8;2;3734600;3.7346
Quick Sort Paralelo (ForkJoin);true;25000;RANDOM;8;3;3716600;3.7166
Quick Sort Paralelo (ForkJoin);true;25000;RANDOM;8;4;2827300;2.8273
Quick Sort Paralelo (ForkJoin);true;25000;RANDOM;8;5;2637800;2.6378
Merge Sort Serial;false;25000;RANDOM;1;1;7069800;7.0698
Merge Sort Serial;false;25000;RANDOM;1;2;5299800;5.2998
Merge Sort Serial;false;25000;RANDOM;1;3;5616500;5.6165
Merge Sort Serial;false;25000;RANDOM;1;4;6051100;6.0511
Merge Sort Serial;false;25000;RANDOM;1;5;5793400;5.7934
Merge Sort Paralelo (ForkJoin);true;25000;RANDOM;2;1;4688000;4.6880
Merge Sort Paralelo (ForkJoin);true;25000;RANDOM;2;2;5396400;5.3964
Merge Sort Paralelo (ForkJoin);true;25000;RANDOM;2;3;5936900;5.9369
Merge Sort Paralelo (ForkJoin);true;25000;RANDOM;2;4;5073500;5.0735
Merge Sort Paralelo (ForkJoin);true;25000;RANDOM;2;5;4526300;4.5263
Merge Sort Paralelo (ForkJoin);true;25000;RANDOM;4;1;6766400;6.7664
Merge Sort Paralelo (ForkJoin);true;25000;RANDOM;4;2;3860400;3.8604
Merge Sort Paralelo (ForkJoin);true;25000;RANDOM;4;3;3788700;3.7887
Merge Sort Paralelo (ForkJoin);true;25000;RANDOM;4;4;6193100;6.1931
Merge Sort Paralelo (ForkJoin);true;25000;RANDOM;4;5;5185300;5.1853
Merge Sort Paralelo (ForkJoin);true;25000;RANDOM;8;1;3744400;3.7444
Merge Sort Paralelo (ForkJoin);true;25000;RANDOM;8;2;3382100;3.3821
Merge Sort Paralelo (ForkJoin);true;25000;RANDOM;8;3;4051600;4.0516
Merge Sort Paralelo (ForkJoin);true;25000;RANDOM;8;4;3791000;3.7910
Merge Sort Paralelo (ForkJoin);true;25000;RANDOM;8;5;3212200;3.2122
Bubble Sort Serial;false;50000;RANDOM;1;1;7305783500;7305.7835
Bubble Sort Serial;false;50000;RANDOM;1;2;6489097700;6489.0977
Bubble Sort Serial;false;50000;RANDOM;1;3;6000701200;6000.7012
Bubble Sort Serial;false;50000;RANDOM;1;4;5622589300;5622.5893
Bubble Sort Serial;false;50000;RANDOM;1;5;5567856300;5567.8563
Bubble Sort Paralelo (Odd-Even);true;50000;RANDOM;2;1;1292342400;1292.3424
Bubble Sort Paralelo (Odd-Even);true;50000;RANDOM;2;2;1155542600;1155.5426
Bubble Sort Paralelo (Odd-Even);true;50000;RANDOM;2;3;1299285900;1299.2859
Bubble Sort Paralelo (Odd-Even);true;50000;RANDOM;2;4;1317334500;1317.3345
Bubble Sort Paralelo (Odd-Even);true;50000;RANDOM;2;5;1274931700;1274.9317
Bubble Sort Paralelo (Odd-Even);true;50000;RANDOM;4;1;649628200;649.6282
Bubble Sort Paralelo (Odd-Even);true;50000;RANDOM;4;2;664376400;664.3764
Bubble Sort Paralelo (Odd-Even);true;50000;RANDOM;4;3;794353700;794.3537
Bubble Sort Paralelo (Odd-Even);true;50000;RANDOM;4;4;639613300;639.6133
Bubble Sort Paralelo (Odd-Even);true;50000;RANDOM;4;5;609798300;609.7983
Bubble Sort Paralelo (Odd-Even);true;50000;RANDOM;8;1;1036518100;1036.5181
Bubble Sort Paralelo (Odd-Even);true;50000;RANDOM;8;2;1065738500;1065.7385
Bubble Sort Paralelo (Odd-Even);true;50000;RANDOM;8;3;886336300;886.3363
Bubble Sort Paralelo (Odd-Even);true;50000;RANDOM;8;4;856587400;856.5874
Bubble Sort Paralelo (Odd-Even);true;50000;RANDOM;8;5;919606200;919.6062
Insertion Sort Serial;false;50000;RANDOM;1;1;288468900;288.4689
Insertion Sort Serial;false;50000;RANDOM;1;2;283526900;283.5269
Insertion Sort Serial;false;50000;RANDOM;1;3;291654700;291.6547
Insertion Sort Serial;false;50000;RANDOM;1;4;294152700;294.1527
Insertion Sort Serial;false;50000;RANDOM;1;5;417095200;417.0952
Insertion Sort Paralelo (ForkJoin);true;50000;RANDOM;2;1;288351100;288.3511
Insertion Sort Paralelo (ForkJoin);true;50000;RANDOM;2;2;232067900;232.0679
Insertion Sort Paralelo (ForkJoin);true;50000;RANDOM;2;3;234059300;234.0593
Insertion Sort Paralelo (ForkJoin);true;50000;RANDOM;2;4;231008900;231.0089
Insertion Sort Paralelo (ForkJoin);true;50000;RANDOM;2;5;243185400;243.1854
Insertion Sort Paralelo (ForkJoin);true;50000;RANDOM;4;1;73260400;73.2604
Insertion Sort Paralelo (ForkJoin);true;50000;RANDOM;4;2;77165600;77.1656
Insertion Sort Paralelo (ForkJoin);true;50000;RANDOM;4;3;81067900;81.0679
Insertion Sort Paralelo (ForkJoin);true;50000;RANDOM;4;4;77432700;77.4327
Insertion Sort Paralelo (ForkJoin);true;50000;RANDOM;4;5;83284500;83.2845
Insertion Sort Paralelo (ForkJoin);true;50000;RANDOM;8;1;37837900;37.8379
Insertion Sort Paralelo (ForkJoin);true;50000;RANDOM;8;2;33118600;33.1186
Insertion Sort Paralelo (ForkJoin);true;50000;RANDOM;8;3;41057900;41.0579
Insertion Sort Paralelo (ForkJoin);true;50000;RANDOM;8;4;46064600;46.0646
Insertion Sort Paralelo (ForkJoin);true;50000;RANDOM;8;5;30553100;30.5531
Quick Sort Serial;false;50000;RANDOM;1;1;5404600;5.4046
Quick Sort Serial;false;50000;RANDOM;1;2;5640500;5.6405
Quick Sort Serial;false;50000;RANDOM;1;3;6335200;6.3352
Quick Sort Serial;false;50000;RANDOM;1;4;5396100;5.3961
Quick Sort Serial;false;50000;RANDOM;1;5;5493400;5.4934
Quick Sort Paralelo (ForkJoin);true;50000;RANDOM;2;1;4241600;4.2416
Quick Sort Paralelo (ForkJoin);true;50000;RANDOM;2;2;4210000;4.2100
Quick Sort Paralelo (ForkJoin);true;50000;RANDOM;2;3;3688300;3.6883
Quick Sort Paralelo (ForkJoin);true;50000;RANDOM;2;4;4569800;4.5698
Quick Sort Paralelo (ForkJoin);true;50000;RANDOM;2;5;4744700;4.7447
Quick Sort Paralelo (ForkJoin);true;50000;RANDOM;4;1;3914700;3.9147
Quick Sort Paralelo (ForkJoin);true;50000;RANDOM;4;2;3212600;3.2126
Quick Sort Paralelo (ForkJoin);true;50000;RANDOM;4;3;2872800;2.8728
Quick Sort Paralelo (ForkJoin);true;50000;RANDOM;4;4;3306200;3.3062
Quick Sort Paralelo (ForkJoin);true;50000;RANDOM;4;5;3614900;3.6149
Quick Sort Paralelo (ForkJoin);true;50000;RANDOM;8;1;3158500;3.1585
Quick Sort Paralelo (ForkJoin);true;50000;RANDOM;8;2;3886000;3.8860
Quick Sort Paralelo (ForkJoin);true;50000;RANDOM;8;3;3111500;3.1115
Quick Sort Paralelo (ForkJoin);true;50000;RANDOM;8;4;2935500;2.9355
Quick Sort Paralelo (ForkJoin);true;50000;RANDOM;8;5;4437900;4.4379
Merge Sort Serial;false;50000;RANDOM;1;1;14701900;14.7019
Merge Sort Serial;false;50000;RANDOM;1;2;13932100;13.9321
Merge Sort Serial;false;50000;RANDOM;1;3;11493700;11.4937
Merge Sort Serial;false;50000;RANDOM;1;4;11951900;11.9519
Merge Sort Serial;false;50000;RANDOM;1;5;11662000;11.6620
Merge Sort Paralelo (ForkJoin);true;50000;RANDOM;2;1;9875600;9.8756
Merge Sort Paralelo (ForkJoin);true;50000;RANDOM;2;2;8838300;8.8383
Merge Sort Paralelo (ForkJoin);true;50000;RANDOM;2;3;7065500;7.0655
Merge Sort Paralelo (ForkJoin);true;50000;RANDOM;2;4;6416000;6.4160
Merge Sort Paralelo (ForkJoin);true;50000;RANDOM;2;5;6147400;6.1474
Merge Sort Paralelo (ForkJoin);true;50000;RANDOM;4;1;6308700;6.3087
Merge Sort Paralelo (ForkJoin);true;50000;RANDOM;4;2;4587800;4.5878
Merge Sort Paralelo (ForkJoin);true;50000;RANDOM;4;3;4750300;4.7503
Merge Sort Paralelo (ForkJoin);true;50000;RANDOM;4;4;4958200;4.9582
Merge Sort Paralelo (ForkJoin);true;50000;RANDOM;4;5;5587900;5.5879
Merge Sort Paralelo (ForkJoin);true;50000;RANDOM;8;1;4526300;4.5263
Merge Sort Paralelo (ForkJoin);true;50000;RANDOM;8;2;4629000;4.6290
Merge Sort Paralelo (ForkJoin);true;50000;RANDOM;8;3;6580100;6.5801
Merge Sort Paralelo (ForkJoin);true;50000;RANDOM;8;4;5497600;5.4976
Merge Sort Paralelo (ForkJoin);true;50000;RANDOM;8;5;4729600;4.7296
Bubble Sort Serial;false;1000;NEARLY_SORTED;1;1;498000;0.4980
Bubble Sort Serial;false;1000;NEARLY_SORTED;1;2;528700;0.5287
Bubble Sort Serial;false;1000;NEARLY_SORTED;1;3;832800;0.8328
Bubble Sort Serial;false;1000;NEARLY_SORTED;1;4;514900;0.5149
Bubble Sort Serial;false;1000;NEARLY_SORTED;1;5;623200;0.6232
Bubble Sort Paralelo (Odd-Even);true;1000;NEARLY_SORTED;2;1;1313600;1.3136
Bubble Sort Paralelo (Odd-Even);true;1000;NEARLY_SORTED;2;2;1520700;1.5207
Bubble Sort Paralelo (Odd-Even);true;1000;NEARLY_SORTED;2;3;1184200;1.1842
Bubble Sort Paralelo (Odd-Even);true;1000;NEARLY_SORTED;2;4;1082300;1.0823
Bubble Sort Paralelo (Odd-Even);true;1000;NEARLY_SORTED;2;5;1250500;1.2505
Bubble Sort Paralelo (Odd-Even);true;1000;NEARLY_SORTED;4;1;1761500;1.7615
Bubble Sort Paralelo (Odd-Even);true;1000;NEARLY_SORTED;4;2;1592100;1.5921
Bubble Sort Paralelo (Odd-Even);true;1000;NEARLY_SORTED;4;3;1951100;1.9511
Bubble Sort Paralelo (Odd-Even);true;1000;NEARLY_SORTED;4;4;1556000;1.5560
Bubble Sort Paralelo (Odd-Even);true;1000;NEARLY_SORTED;4;5;1808000;1.8080
Bubble Sort Paralelo (Odd-Even);true;1000;NEARLY_SORTED;8;1;23686900;23.6869
Bubble Sort Paralelo (Odd-Even);true;1000;NEARLY_SORTED;8;2;6487900;6.4879
Bubble Sort Paralelo (Odd-Even);true;1000;NEARLY_SORTED;8;3;10277200;10.2772
Bubble Sort Paralelo (Odd-Even);true;1000;NEARLY_SORTED;8;4;2502300;2.5023
Bubble Sort Paralelo (Odd-Even);true;1000;NEARLY_SORTED;8;5;2369100;2.3691
Insertion Sort Serial;false;1000;NEARLY_SORTED;1;1;23400;0.0234
Insertion Sort Serial;false;1000;NEARLY_SORTED;1;2;24400;0.0244
Insertion Sort Serial;false;1000;NEARLY_SORTED;1;3;22800;0.0228
Insertion Sort Serial;false;1000;NEARLY_SORTED;1;4;23000;0.0230
Insertion Sort Serial;false;1000;NEARLY_SORTED;1;5;23200;0.0232
Insertion Sort Paralelo (ForkJoin);true;1000;NEARLY_SORTED;2;1;894900;0.8949
Insertion Sort Paralelo (ForkJoin);true;1000;NEARLY_SORTED;2;2;961100;0.9611
Insertion Sort Paralelo (ForkJoin);true;1000;NEARLY_SORTED;2;3;915100;0.9151
Insertion Sort Paralelo (ForkJoin);true;1000;NEARLY_SORTED;2;4;1289900;1.2899
Insertion Sort Paralelo (ForkJoin);true;1000;NEARLY_SORTED;2;5;795000;0.7950
Insertion Sort Paralelo (ForkJoin);true;1000;NEARLY_SORTED;4;1;1305300;1.3053
Insertion Sort Paralelo (ForkJoin);true;1000;NEARLY_SORTED;4;2;826200;0.8262
Insertion Sort Paralelo (ForkJoin);true;1000;NEARLY_SORTED;4;3;917400;0.9174
Insertion Sort Paralelo (ForkJoin);true;1000;NEARLY_SORTED;4;4;901900;0.9019
Insertion Sort Paralelo (ForkJoin);true;1000;NEARLY_SORTED;4;5;948500;0.9485
Insertion Sort Paralelo (ForkJoin);true;1000;NEARLY_SORTED;8;1;774700;0.7747
Insertion Sort Paralelo (ForkJoin);true;1000;NEARLY_SORTED;8;2;741900;0.7419
Insertion Sort Paralelo (ForkJoin);true;1000;NEARLY_SORTED;8;3;771300;0.7713
Insertion Sort Paralelo (ForkJoin);true;1000;NEARLY_SORTED;8;4;1002300;1.0023
Insertion Sort Paralelo (ForkJoin);true;1000;NEARLY_SORTED;8;5;854700;0.8547
Quick Sort Serial;false;1000;NEARLY_SORTED;1;1;58600;0.0586
Quick Sort Serial;false;1000;NEARLY_SORTED;1;2;59600;0.0596
Quick Sort Serial;false;1000;NEARLY_SORTED;1;3;88000;0.0880
Quick Sort Serial;false;1000;NEARLY_SORTED;1;4;59300;0.0593
Quick Sort Serial;false;1000;NEARLY_SORTED;1;5;96200;0.0962
Quick Sort Paralelo (ForkJoin);true;1000;NEARLY_SORTED;2;1;814500;0.8145
Quick Sort Paralelo (ForkJoin);true;1000;NEARLY_SORTED;2;2;1020700;1.0207
Quick Sort Paralelo (ForkJoin);true;1000;NEARLY_SORTED;2;3;1018100;1.0181
Quick Sort Paralelo (ForkJoin);true;1000;NEARLY_SORTED;2;4;778900;0.7789
Quick Sort Paralelo (ForkJoin);true;1000;NEARLY_SORTED;2;5;871200;0.8712
Quick Sort Paralelo (ForkJoin);true;1000;NEARLY_SORTED;4;1;980900;0.9809
Quick Sort Paralelo (ForkJoin);true;1000;NEARLY_SORTED;4;2;1011200;1.0112
Quick Sort Paralelo (ForkJoin);true;1000;NEARLY_SORTED;4;3;1089600;1.0896
Quick Sort Paralelo (ForkJoin);true;1000;NEARLY_SORTED;4;4;789100;0.7891
Quick Sort Paralelo (ForkJoin);true;1000;NEARLY_SORTED;4;5;1063500;1.0635
Quick Sort Paralelo (ForkJoin);true;1000;NEARLY_SORTED;8;1;765400;0.7654
Quick Sort Paralelo (ForkJoin);true;1000;NEARLY_SORTED;8;2;771000;0.7710
Quick Sort Paralelo (ForkJoin);true;1000;NEARLY_SORTED;8;3;672600;0.6726
Quick Sort Paralelo (ForkJoin);true;1000;NEARLY_SORTED;8;4;660100;0.6601
Quick Sort Paralelo (ForkJoin);true;1000;NEARLY_SORTED;8;5;718200;0.7182
Merge Sort Serial;false;1000;NEARLY_SORTED;1;1;238400;0.2384
Merge Sort Serial;false;1000;NEARLY_SORTED;1;2;164500;0.1645
Merge Sort Serial;false;1000;NEARLY_SORTED;1;3;147800;0.1478
Merge Sort Serial;false;1000;NEARLY_SORTED;1;4;144600;0.1446
Merge Sort Serial;false;1000;NEARLY_SORTED;1;5;143200;0.1432
Merge Sort Paralelo (ForkJoin);true;1000;NEARLY_SORTED;2;1;1044900;1.0449
Merge Sort Paralelo (ForkJoin);true;1000;NEARLY_SORTED;2;2;2729600;2.7296
Merge Sort Paralelo (ForkJoin);true;1000;NEARLY_SORTED;2;3;981500;0.9815
Merge Sort Paralelo (ForkJoin);true;1000;NEARLY_SORTED;2;4;1042200;1.0422
Merge Sort Paralelo (ForkJoin);true;1000;NEARLY_SORTED;2;5;2457700;2.4577
Merge Sort Paralelo (ForkJoin);true;1000;NEARLY_SORTED;4;1;2670100;2.6701
Merge Sort Paralelo (ForkJoin);true;1000;NEARLY_SORTED;4;2;827000;0.8270
Merge Sort Paralelo (ForkJoin);true;1000;NEARLY_SORTED;4;3;936700;0.9367
Merge Sort Paralelo (ForkJoin);true;1000;NEARLY_SORTED;4;4;956600;0.9566
Merge Sort Paralelo (ForkJoin);true;1000;NEARLY_SORTED;4;5;778400;0.7784
Merge Sort Paralelo (ForkJoin);true;1000;NEARLY_SORTED;8;1;814500;0.8145
Merge Sort Paralelo (ForkJoin);true;1000;NEARLY_SORTED;8;2;944000;0.9440
Merge Sort Paralelo (ForkJoin);true;1000;NEARLY_SORTED;8;3;758600;0.7586
Merge Sort Paralelo (ForkJoin);true;1000;NEARLY_SORTED;8;4;847600;0.8476
Merge Sort Paralelo (ForkJoin);true;1000;NEARLY_SORTED;8;5;764600;0.7646
Bubble Sort Serial;false;5000;NEARLY_SORTED;1;1;13542800;13.5428
Bubble Sort Serial;false;5000;NEARLY_SORTED;1;2;12808900;12.8089
Bubble Sort Serial;false;5000;NEARLY_SORTED;1;3;12821800;12.8218
Bubble Sort Serial;false;5000;NEARLY_SORTED;1;4;13054700;13.0547
Bubble Sort Serial;false;5000;NEARLY_SORTED;1;5;12995700;12.9957
Bubble Sort Paralelo (Odd-Even);true;5000;NEARLY_SORTED;2;1;9762600;9.7626
Bubble Sort Paralelo (Odd-Even);true;5000;NEARLY_SORTED;2;2;10591100;10.5911
Bubble Sort Paralelo (Odd-Even);true;5000;NEARLY_SORTED;2;3;10101400;10.1014
Bubble Sort Paralelo (Odd-Even);true;5000;NEARLY_SORTED;2;4;9375900;9.3759
Bubble Sort Paralelo (Odd-Even);true;5000;NEARLY_SORTED;2;5;8709000;8.7090
Bubble Sort Paralelo (Odd-Even);true;5000;NEARLY_SORTED;4;1;7900400;7.9004
Bubble Sort Paralelo (Odd-Even);true;5000;NEARLY_SORTED;4;2;9047800;9.0478
Bubble Sort Paralelo (Odd-Even);true;5000;NEARLY_SORTED;4;3;6119700;6.1197
Bubble Sort Paralelo (Odd-Even);true;5000;NEARLY_SORTED;4;4;7549300;7.5493
Bubble Sort Paralelo (Odd-Even);true;5000;NEARLY_SORTED;4;5;7906200;7.9062
Bubble Sort Paralelo (Odd-Even);true;5000;NEARLY_SORTED;8;1;15357100;15.3571
Bubble Sort Paralelo (Odd-Even);true;5000;NEARLY_SORTED;8;2;59084800;59.0848
Bubble Sort Paralelo (Odd-Even);true;5000;NEARLY_SORTED;8;3;39360200;39.3602
Bubble Sort Paralelo (Odd-Even);true;5000;NEARLY_SORTED;8;4;18011500;18.0115
Bubble Sort Paralelo (Odd-Even);true;5000;NEARLY_SORTED;8;5;18544500;18.5445
Insertion Sort Serial;false;5000;NEARLY_SORTED;1;1;356900;0.3569
Insertion Sort Serial;false;5000;NEARLY_SORTED;1;2;414900;0.4149
Insertion Sort Serial;false;5000;NEARLY_SORTED;1;3;379600;0.3796
Insertion Sort Serial;false;5000;NEARLY_SORTED;1;4;348400;0.3484
Insertion Sort Serial;false;5000;NEARLY_SORTED;1;5;352000;0.3520
Insertion Sort Paralelo (ForkJoin);true;5000;NEARLY_SORTED;2;1;1322300;1.3223
Insertion Sort Paralelo (ForkJoin);true;5000;NEARLY_SORTED;2;2;1257200;1.2572
Insertion Sort Paralelo (ForkJoin);true;5000;NEARLY_SORTED;2;3;1756500;1.7565
Insertion Sort Paralelo (ForkJoin);true;5000;NEARLY_SORTED;2;4;1568800;1.5688
Insertion Sort Paralelo (ForkJoin);true;5000;NEARLY_SORTED;2;5;2851200;2.8512
Insertion Sort Paralelo (ForkJoin);true;5000;NEARLY_SORTED;4;1;2071400;2.0714
Insertion Sort Paralelo (ForkJoin);true;5000;NEARLY_SORTED;4;2;1286300;1.2863
Insertion Sort Paralelo (ForkJoin);true;5000;NEARLY_SORTED;4;3;1290900;1.2909
Insertion Sort Paralelo (ForkJoin);true;5000;NEARLY_SORTED;4;4;1329300;1.3293
Insertion Sort Paralelo (ForkJoin);true;5000;NEARLY_SORTED;4;5;1113700;1.1137
Insertion Sort Paralelo (ForkJoin);true;5000;NEARLY_SORTED;8;1;1251900;1.2519
Insertion Sort Paralelo (ForkJoin);true;5000;NEARLY_SORTED;8;2;1943400;1.9434
Insertion Sort Paralelo (ForkJoin);true;5000;NEARLY_SORTED;8;3;1478000;1.4780
Insertion Sort Paralelo (ForkJoin);true;5000;NEARLY_SORTED;8;4;1344600;1.3446
Insertion Sort Paralelo (ForkJoin);true;5000;NEARLY_SORTED;8;5;1271900;1.2719
Quick Sort Serial;false;5000;NEARLY_SORTED;1;1;288900;0.2889
Quick Sort Serial;false;5000;NEARLY_SORTED;1;2;310800;0.3108
Quick Sort Serial;false;5000;NEARLY_SORTED;1;3;290600;0.2906
Quick Sort Serial;false;5000;NEARLY_SORTED;1;4;324000;0.3240
Quick Sort Serial;false;5000;NEARLY_SORTED;1;5;449400;0.4494
Quick Sort Paralelo (ForkJoin);true;5000;NEARLY_SORTED;2;1;1042300;1.0423
Quick Sort Paralelo (ForkJoin);true;5000;NEARLY_SORTED;2;2;1106900;1.1069
Quick Sort Paralelo (ForkJoin);true;5000;NEARLY_SORTED;2;3;1073800;1.0738
Quick Sort Paralelo (ForkJoin);true;5000;NEARLY_SORTED;2;4;1251000;1.2510
Quick Sort Paralelo (ForkJoin);true;5000;NEARLY_SORTED;2;5;1176100;1.1761
Quick Sort Paralelo (ForkJoin);true;5000;NEARLY_SORTED;4;1;1586900;1.5869
Quick Sort Paralelo (ForkJoin);true;5000;NEARLY_SORTED;4;2;1248100;1.2481
Quick Sort Paralelo (ForkJoin);true;5000;NEARLY_SORTED;4;3;1502400;1.5024
Quick Sort Paralelo (ForkJoin);true;5000;NEARLY_SORTED;4;4;1252200;1.2522
Quick Sort Paralelo (ForkJoin);true;5000;NEARLY_SORTED;4;5;1172400;1.1724
Quick Sort Paralelo (ForkJoin);true;5000;NEARLY_SORTED;8;1;1397900;1.3979
Quick Sort Paralelo (ForkJoin);true;5000;NEARLY_SORTED;8;2;1531800;1.5318
Quick Sort Paralelo (ForkJoin);true;5000;NEARLY_SORTED;8;3;2015800;2.0158
Quick Sort Paralelo (ForkJoin);true;5000;NEARLY_SORTED;8;4;1398000;1.3980
Quick Sort Paralelo (ForkJoin);true;5000;NEARLY_SORTED;8;5;1521900;1.5219
Merge Sort Serial;false;5000;NEARLY_SORTED;1;1;903300;0.9033
Merge Sort Serial;false;5000;NEARLY_SORTED;1;2;1278100;1.2781
Merge Sort Serial;false;5000;NEARLY_SORTED;1;3;922100;0.9221
Merge Sort Serial;false;5000;NEARLY_SORTED;1;4;885000;0.8850
Merge Sort Serial;false;5000;NEARLY_SORTED;1;5;669500;0.6695
Merge Sort Paralelo (ForkJoin);true;5000;NEARLY_SORTED;2;1;1379600;1.3796
Merge Sort Paralelo (ForkJoin);true;5000;NEARLY_SORTED;2;2;1795400;1.7954
Merge Sort Paralelo (ForkJoin);true;5000;NEARLY_SORTED;2;3;1679400;1.6794
Merge Sort Paralelo (ForkJoin);true;5000;NEARLY_SORTED;2;4;1450300;1.4503
Merge Sort Paralelo (ForkJoin);true;5000;NEARLY_SORTED;2;5;1676700;1.6767
Merge Sort Paralelo (ForkJoin);true;5000;NEARLY_SORTED;4;1;2819700;2.8197
Merge Sort Paralelo (ForkJoin);true;5000;NEARLY_SORTED;4;2;1676300;1.6763
Merge Sort Paralelo (ForkJoin);true;5000;NEARLY_SORTED;4;3;1653700;1.6537
Merge Sort Paralelo (ForkJoin);true;5000;NEARLY_SORTED;4;4;1466400;1.4664
Merge Sort Paralelo (ForkJoin);true;5000;NEARLY_SORTED;4;5;2979600;2.9796
Merge Sort Paralelo (ForkJoin);true;5000;NEARLY_SORTED;8;1;1609300;1.6093
Merge Sort Paralelo (ForkJoin);true;5000;NEARLY_SORTED;8;2;1649300;1.6493
Merge Sort Paralelo (ForkJoin);true;5000;NEARLY_SORTED;8;3;2437400;2.4374
Merge Sort Paralelo (ForkJoin);true;5000;NEARLY_SORTED;8;4;1512700;1.5127
Merge Sort Paralelo (ForkJoin);true;5000;NEARLY_SORTED;8;5;2335900;2.3359
Bubble Sort Serial;false;10000;NEARLY_SORTED;1;1;128908700;128.9087
Bubble Sort Serial;false;10000;NEARLY_SORTED;1;2;85653300;85.6533
Bubble Sort Serial;false;10000;NEARLY_SORTED;1;3;52972400;52.9724
Bubble Sort Serial;false;10000;NEARLY_SORTED;1;4;53018000;53.0180
Bubble Sort Serial;false;10000;NEARLY_SORTED;1;5;53921400;53.9214
Bubble Sort Paralelo (Odd-Even);true;10000;NEARLY_SORTED;2;1;36392600;36.3926
Bubble Sort Paralelo (Odd-Even);true;10000;NEARLY_SORTED;2;2;41541900;41.5419
Bubble Sort Paralelo (Odd-Even);true;10000;NEARLY_SORTED;2;3;38111200;38.1112
Bubble Sort Paralelo (Odd-Even);true;10000;NEARLY_SORTED;2;4;43969000;43.9690
Bubble Sort Paralelo (Odd-Even);true;10000;NEARLY_SORTED;2;5;29487300;29.4873
Bubble Sort Paralelo (Odd-Even);true;10000;NEARLY_SORTED;4;1;21678800;21.6788
Bubble Sort Paralelo (Odd-Even);true;10000;NEARLY_SORTED;4;2;24294100;24.2941
Bubble Sort Paralelo (Odd-Even);true;10000;NEARLY_SORTED;4;3;27644000;27.6440
Bubble Sort Paralelo (Odd-Even);true;10000;NEARLY_SORTED;4;4;25552300;25.5523
Bubble Sort Paralelo (Odd-Even);true;10000;NEARLY_SORTED;4;5;22783000;22.7830
Bubble Sort Paralelo (Odd-Even);true;10000;NEARLY_SORTED;8;1;126806200;126.8062
Bubble Sort Paralelo (Odd-Even);true;10000;NEARLY_SORTED;8;2;67181100;67.1811
Bubble Sort Paralelo (Odd-Even);true;10000;NEARLY_SORTED;8;3;62496000;62.4960
Bubble Sort Paralelo (Odd-Even);true;10000;NEARLY_SORTED;8;4;113903900;113.9039
Bubble Sort Paralelo (Odd-Even);true;10000;NEARLY_SORTED;8;5;55626400;55.6264
Insertion Sort Serial;false;10000;NEARLY_SORTED;1;1;1563900;1.5639
Insertion Sort Serial;false;10000;NEARLY_SORTED;1;2;1425100;1.4251
Insertion Sort Serial;false;10000;NEARLY_SORTED;1;3;1485400;1.4854
Insertion Sort Serial;false;10000;NEARLY_SORTED;1;4;2496200;2.4962
Insertion Sort Serial;false;10000;NEARLY_SORTED;1;5;1861500;1.8615
Insertion Sort Paralelo (ForkJoin);true;10000;NEARLY_SORTED;2;1;3188400;3.1884
Insertion Sort Paralelo (ForkJoin);true;10000;NEARLY_SORTED;2;2;2732900;2.7329
Insertion Sort Paralelo (ForkJoin);true;10000;NEARLY_SORTED;2;3;3254200;3.2542
Insertion Sort Paralelo (ForkJoin);true;10000;NEARLY_SORTED;2;4;2630100;2.6301
Insertion Sort Paralelo (ForkJoin);true;10000;NEARLY_SORTED;2;5;4684300;4.6843
Insertion Sort Paralelo (ForkJoin);true;10000;NEARLY_SORTED;4;1;1903700;1.9037
Insertion Sort Paralelo (ForkJoin);true;10000;NEARLY_SORTED;4;2;1981600;1.9816
Insertion Sort Paralelo (ForkJoin);true;10000;NEARLY_SORTED;4;3;2274700;2.2747
Insertion Sort Paralelo (ForkJoin);true;10000;NEARLY_SORTED;4;4;1852300;1.8523
Insertion Sort Paralelo (ForkJoin);true;10000;NEARLY_SORTED;4;5;1720400;1.7204
Insertion Sort Paralelo (ForkJoin);true;10000;NEARLY_SORTED;8;1;1926200;1.9262
Insertion Sort Paralelo (ForkJoin);true;10000;NEARLY_SORTED;8;2;2557300;2.5573
Insertion Sort Paralelo (ForkJoin);true;10000;NEARLY_SORTED;8;3;1747500;1.7475
Insertion Sort Paralelo (ForkJoin);true;10000;NEARLY_SORTED;8;4;1675400;1.6754
Insertion Sort Paralelo (ForkJoin);true;10000;NEARLY_SORTED;8;5;1562800;1.5628
Quick Sort Serial;false;10000;NEARLY_SORTED;1;1;613300;0.6133
Quick Sort Serial;false;10000;NEARLY_SORTED;1;2;592700;0.5927
Quick Sort Serial;false;10000;NEARLY_SORTED;1;3;797700;0.7977
Quick Sort Serial;false;10000;NEARLY_SORTED;1;4;604800;0.6048
Quick Sort Serial;false;10000;NEARLY_SORTED;1;5;583200;0.5832
Quick Sort Paralelo (ForkJoin);true;10000;NEARLY_SORTED;2;1;1896700;1.8967
Quick Sort Paralelo (ForkJoin);true;10000;NEARLY_SORTED;2;2;1565500;1.5655
Quick Sort Paralelo (ForkJoin);true;10000;NEARLY_SORTED;2;3;2573900;2.5739
Quick Sort Paralelo (ForkJoin);true;10000;NEARLY_SORTED;2;4;1775100;1.7751
Quick Sort Paralelo (ForkJoin);true;10000;NEARLY_SORTED;2;5;2306800;2.3068
Quick Sort Paralelo (ForkJoin);true;10000;NEARLY_SORTED;4;1;1694400;1.6944
Quick Sort Paralelo (ForkJoin);true;10000;NEARLY_SORTED;4;2;1618500;1.6185
Quick Sort Paralelo (ForkJoin);true;10000;NEARLY_SORTED;4;3;1412800;1.4128
Quick Sort Paralelo (ForkJoin);true;10000;NEARLY_SORTED;4;4;1382400;1.3824
Quick Sort Paralelo (ForkJoin);true;10000;NEARLY_SORTED;4;5;1557000;1.5570
Quick Sort Paralelo (ForkJoin);true;10000;NEARLY_SORTED;8;1;1901000;1.9010
Quick Sort Paralelo (ForkJoin);true;10000;NEARLY_SORTED;8;2;1749600;1.7496
Quick Sort Paralelo (ForkJoin);true;10000;NEARLY_SORTED;8;3;2258700;2.2587
Quick Sort Paralelo (ForkJoin);true;10000;NEARLY_SORTED;8;4;2056600;2.0566
Quick Sort Paralelo (ForkJoin);true;10000;NEARLY_SORTED;8;5;2060800;2.0608
Merge Sort Serial;false;10000;NEARLY_SORTED;1;1;2114600;2.1146
Merge Sort Serial;false;10000;NEARLY_SORTED;1;2;1361700;1.3617
Merge Sort Serial;false;10000;NEARLY_SORTED;1;3;1311900;1.3119
Merge Sort Serial;false;10000;NEARLY_SORTED;1;4;1462800;1.4628
Merge Sort Serial;false;10000;NEARLY_SORTED;1;5;1326400;1.3264
Merge Sort Paralelo (ForkJoin);true;10000;NEARLY_SORTED;2;1;1951000;1.9510
Merge Sort Paralelo (ForkJoin);true;10000;NEARLY_SORTED;2;2;1495800;1.4958
Merge Sort Paralelo (ForkJoin);true;10000;NEARLY_SORTED;2;3;1777900;1.7779
Merge Sort Paralelo (ForkJoin);true;10000;NEARLY_SORTED;2;4;1627500;1.6275
Merge Sort Paralelo (ForkJoin);true;10000;NEARLY_SORTED;2;5;7792400;7.7924
Merge Sort Paralelo (ForkJoin);true;10000;NEARLY_SORTED;4;1;2112000;2.1120
Merge Sort Paralelo (ForkJoin);true;10000;NEARLY_SORTED;4;2;2037000;2.0370
Merge Sort Paralelo (ForkJoin);true;10000;NEARLY_SORTED;4;3;1602100;1.6021
Merge Sort Paralelo (ForkJoin);true;10000;NEARLY_SORTED;4;4;1854800;1.8548
Merge Sort Paralelo (ForkJoin);true;10000;NEARLY_SORTED;4;5;2359600;2.3596
Merge Sort Paralelo (ForkJoin);true;10000;NEARLY_SORTED;8;1;2016200;2.0162
Merge Sort Paralelo (ForkJoin);true;10000;NEARLY_SORTED;8;2;2282600;2.2826
Merge Sort Paralelo (ForkJoin);true;10000;NEARLY_SORTED;8;3;2134500;2.1345
Merge Sort Paralelo (ForkJoin);true;10000;NEARLY_SORTED;8;4;2489000;2.4890
Merge Sort Paralelo (ForkJoin);true;10000;NEARLY_SORTED;8;5;2240000;2.2400
Bubble Sort Serial;false;25000;NEARLY_SORTED;1;1;411355500;411.3555
Bubble Sort Serial;false;25000;NEARLY_SORTED;1;2;385737700;385.7377
Bubble Sort Serial;false;25000;NEARLY_SORTED;1;3;382964400;382.9644
Bubble Sort Serial;false;25000;NEARLY_SORTED;1;4;388404100;388.4041
Bubble Sort Serial;false;25000;NEARLY_SORTED;1;5;385059300;385.0593
Bubble Sort Paralelo (Odd-Even);true;25000;NEARLY_SORTED;2;1;231120600;231.1206
Bubble Sort Paralelo (Odd-Even);true;25000;NEARLY_SORTED;2;2;225096800;225.0968
Bubble Sort Paralelo (Odd-Even);true;25000;NEARLY_SORTED;2;3;234158500;234.1585
Bubble Sort Paralelo (Odd-Even);true;25000;NEARLY_SORTED;2;4;213135700;213.1357
Bubble Sort Paralelo (Odd-Even);true;25000;NEARLY_SORTED;2;5;205129400;205.1294
Bubble Sort Paralelo (Odd-Even);true;25000;NEARLY_SORTED;4;1;141226400;141.2264
Bubble Sort Paralelo (Odd-Even);true;25000;NEARLY_SORTED;4;2;130535900;130.5359
Bubble Sort Paralelo (Odd-Even);true;25000;NEARLY_SORTED;4;3;151884800;151.8848
Bubble Sort Paralelo (Odd-Even);true;25000;NEARLY_SORTED;4;4;133409600;133.4096
Bubble Sort Paralelo (Odd-Even);true;25000;NEARLY_SORTED;4;5;136254600;136.2546
Bubble Sort Paralelo (Odd-Even);true;25000;NEARLY_SORTED;8;1;283305600;283.3056
Bubble Sort Paralelo (Odd-Even);true;25000;NEARLY_SORTED;8;2;228153200;228.1532
Bubble Sort Paralelo (Odd-Even);true;25000;NEARLY_SORTED;8;3;286165500;286.1655
Bubble Sort Paralelo (Odd-Even);true;25000;NEARLY_SORTED;8;4;225198600;225.1986
Bubble Sort Paralelo (Odd-Even);true;25000;NEARLY_SORTED;8;5;324635300;324.6353
Insertion Sort Serial;false;25000;NEARLY_SORTED;1;1;8656800;8.6568
Insertion Sort Serial;false;25000;NEARLY_SORTED;1;2;8580300;8.5803
Insertion Sort Serial;false;25000;NEARLY_SORTED;1;3;9422400;9.4224
Insertion Sort Serial;false;25000;NEARLY_SORTED;1;4;9203700;9.2037
Insertion Sort Serial;false;25000;NEARLY_SORTED;1;5;9489900;9.4899
Insertion Sort Paralelo (ForkJoin);true;25000;NEARLY_SORTED;2;1;11587300;11.5873
Insertion Sort Paralelo (ForkJoin);true;25000;NEARLY_SORTED;2;2;28218100;28.2181
Insertion Sort Paralelo (ForkJoin);true;25000;NEARLY_SORTED;2;3;11351800;11.3518
Insertion Sort Paralelo (ForkJoin);true;25000;NEARLY_SORTED;2;4;9637500;9.6375
Insertion Sort Paralelo (ForkJoin);true;25000;NEARLY_SORTED;2;5;10008400;10.0084
Insertion Sort Paralelo (ForkJoin);true;25000;NEARLY_SORTED;4;1;5419200;5.4192
Insertion Sort Paralelo (ForkJoin);true;25000;NEARLY_SORTED;4;2;4814600;4.8146
Insertion Sort Paralelo (ForkJoin);true;25000;NEARLY_SORTED;4;3;9423600;9.4236
Insertion Sort Paralelo (ForkJoin);true;25000;NEARLY_SORTED;4;4;6082700;6.0827
Insertion Sort Paralelo (ForkJoin);true;25000;NEARLY_SORTED;4;5;4428700;4.4287
Insertion Sort Paralelo (ForkJoin);true;25000;NEARLY_SORTED;8;1;4683900;4.6839
Insertion Sort Paralelo (ForkJoin);true;25000;NEARLY_SORTED;8;2;2832900;2.8329
Insertion Sort Paralelo (ForkJoin);true;25000;NEARLY_SORTED;8;3;2576300;2.5763
Insertion Sort Paralelo (ForkJoin);true;25000;NEARLY_SORTED;8;4;3106800;3.1068
Insertion Sort Paralelo (ForkJoin);true;25000;NEARLY_SORTED;8;5;3452100;3.4521
Quick Sort Serial;false;25000;NEARLY_SORTED;1;1;1636200;1.6362
Quick Sort Serial;false;25000;NEARLY_SORTED;1;2;2084200;2.0842
Quick Sort Serial;false;25000;NEARLY_SORTED;1;3;1755500;1.7555
Quick Sort Serial;false;25000;NEARLY_SORTED;1;4;1553600;1.5536
Quick Sort Serial;false;25000;NEARLY_SORTED;1;5;1617900;1.6179
Quick Sort Paralelo (ForkJoin);true;25000;NEARLY_SORTED;2;1;2025700;2.0257
Quick Sort Paralelo (ForkJoin);true;25000;NEARLY_SORTED;2;2;2232500;2.2325
Quick Sort Paralelo (ForkJoin);true;25000;NEARLY_SORTED;2;3;2662600;2.6626
Quick Sort Paralelo (ForkJoin);true;25000;NEARLY_SORTED;2;4;1763800;1.7638
Quick Sort Paralelo (ForkJoin);true;25000;NEARLY_SORTED;2;5;2729500;2.7295
Quick Sort Paralelo (ForkJoin);true;25000;NEARLY_SORTED;4;1;1954800;1.9548
Quick Sort Paralelo (ForkJoin);true;25000;NEARLY_SORTED;4;2;2533900;2.5339
Quick Sort Paralelo (ForkJoin);true;25000;NEARLY_SORTED;4;3;2025100;2.0251
Quick Sort Paralelo (ForkJoin);true;25000;NEARLY_SORTED;4;4;1622000;1.6220
Quick Sort Paralelo (ForkJoin);true;25000;NEARLY_SORTED;4;5;1644700;1.6447
Quick Sort Paralelo (ForkJoin);true;25000;NEARLY_SORTED;8;1;1880300;1.8803
Quick Sort Paralelo (ForkJoin);true;25000;NEARLY_SORTED;8;2;2199100;2.1991
Quick Sort Paralelo (ForkJoin);true;25000;NEARLY_SORTED;8;3;1883700;1.8837
Quick Sort Paralelo (ForkJoin);true;25000;NEARLY_SORTED;8;4;2037100;2.0371
Quick Sort Paralelo (ForkJoin);true;25000;NEARLY_SORTED;8;5;2005400;2.0054
Merge Sort Serial;false;25000;NEARLY_SORTED;1;1;5628900;5.6289
Merge Sort Serial;false;25000;NEARLY_SORTED;1;2;3426700;3.4267
Merge Sort Serial;false;25000;NEARLY_SORTED;1;3;3403800;3.4038
Merge Sort Serial;false;25000;NEARLY_SORTED;1;4;3726600;3.7266
Merge Sort Serial;false;25000;NEARLY_SORTED;1;5;3458200;3.4582
Merge Sort Paralelo (ForkJoin);true;25000;NEARLY_SORTED;2;1;2370800;2.3708
Merge Sort Paralelo (ForkJoin);true;25000;NEARLY_SORTED;2;2;2552700;2.5527
Merge Sort Paralelo (ForkJoin);true;25000;NEARLY_SORTED;2;3;2462400;2.4624
Merge Sort Paralelo (ForkJoin);true;25000;NEARLY_SORTED;2;4;2660800;2.6608
Merge Sort Paralelo (ForkJoin);true;25000;NEARLY_SORTED;2;5;2942300;2.9423
Merge Sort Paralelo (ForkJoin);true;25000;NEARLY_SORTED;4;1;3252700;3.2527
Merge Sort Paralelo (ForkJoin);true;25000;NEARLY_SORTED;4;2;2517500;2.5175
Merge Sort Paralelo (ForkJoin);true;25000;NEARLY_SORTED;4;3;2429000;2.4290
Merge Sort Paralelo (ForkJoin);true;25000;NEARLY_SORTED;4;4;2785000;2.7850
Merge Sort Paralelo (ForkJoin);true;25000;NEARLY_SORTED;4;5;3876800;3.8768
Merge Sort Paralelo (ForkJoin);true;25000;NEARLY_SORTED;8;1;3482700;3.4827
Merge Sort Paralelo (ForkJoin);true;25000;NEARLY_SORTED;8;2;3887000;3.8870
Merge Sort Paralelo (ForkJoin);true;25000;NEARLY_SORTED;8;3;3691900;3.6919
Merge Sort Paralelo (ForkJoin);true;25000;NEARLY_SORTED;8;4;2724100;2.7241
Merge Sort Paralelo (ForkJoin);true;25000;NEARLY_SORTED;8;5;2417200;2.4172
Bubble Sort Serial;false;50000;NEARLY_SORTED;1;1;1599575000;1599.5750
Bubble Sort Serial;false;50000;NEARLY_SORTED;1;2;1645253600;1645.2536
Bubble Sort Serial;false;50000;NEARLY_SORTED;1;3;1618801900;1618.8019
Bubble Sort Serial;false;50000;NEARLY_SORTED;1;4;1609552800;1609.5528
Bubble Sort Serial;false;50000;NEARLY_SORTED;1;5;1581266100;1581.2661
Bubble Sort Paralelo (Odd-Even);true;50000;NEARLY_SORTED;2;1;950746000;950.7460
Bubble Sort Paralelo (Odd-Even);true;50000;NEARLY_SORTED;2;2;1208310400;1208.3104
Bubble Sort Paralelo (Odd-Even);true;50000;NEARLY_SORTED;2;3;1240647600;1240.6476
Bubble Sort Paralelo (Odd-Even);true;50000;NEARLY_SORTED;2;4;1015381500;1015.3815
Bubble Sort Paralelo (Odd-Even);true;50000;NEARLY_SORTED;2;5;911974700;911.9747
Bubble Sort Paralelo (Odd-Even);true;50000;NEARLY_SORTED;4;1;572911600;572.9116
Bubble Sort Paralelo (Odd-Even);true;50000;NEARLY_SORTED;4;2;650940700;650.9407
Bubble Sort Paralelo (Odd-Even);true;50000;NEARLY_SORTED;4;3;833365300;833.3653
Bubble Sort Paralelo (Odd-Even);true;50000;NEARLY_SORTED;4;4;626784400;626.7844
Bubble Sort Paralelo (Odd-Even);true;50000;NEARLY_SORTED;4;5;729173600;729.1736
Bubble Sort Paralelo (Odd-Even);true;50000;NEARLY_SORTED;8;1;1275508900;1275.5089
Bubble Sort Paralelo (Odd-Even);true;50000;NEARLY_SORTED;8;2;1442623700;1442.6237
Bubble Sort Paralelo (Odd-Even);true;50000;NEARLY_SORTED;8;3;2318868800;2318.8688
Bubble Sort Paralelo (Odd-Even);true;50000;NEARLY_SORTED;8;4;1443603200;1443.6032
Bubble Sort Paralelo (Odd-Even);true;50000;NEARLY_SORTED;8;5;1016734400;1016.7344
Insertion Sort Serial;false;50000;NEARLY_SORTED;1;1;33202100;33.2021
Insertion Sort Serial;false;50000;NEARLY_SORTED;1;2;33411400;33.4114
Insertion Sort Serial;false;50000;NEARLY_SORTED;1;3;33552900;33.5529
Insertion Sort Serial;false;50000;NEARLY_SORTED;1;4;34268600;34.2686
Insertion Sort Serial;false;50000;NEARLY_SORTED;1;5;37190600;37.1906
Insertion Sort Paralelo (ForkJoin);true;50000;NEARLY_SORTED;2;1;34748600;34.7486
Insertion Sort Paralelo (ForkJoin);true;50000;NEARLY_SORTED;2;2;33267900;33.2679
Insertion Sort Paralelo (ForkJoin);true;50000;NEARLY_SORTED;2;3;32074000;32.0740
Insertion Sort Paralelo (ForkJoin);true;50000;NEARLY_SORTED;2;4;32647400;32.6474
Insertion Sort Paralelo (ForkJoin);true;50000;NEARLY_SORTED;2;5;42576800;42.5768
Insertion Sort Paralelo (ForkJoin);true;50000;NEARLY_SORTED;4;1;14999100;14.9991
Insertion Sort Paralelo (ForkJoin);true;50000;NEARLY_SORTED;4;2;17421900;17.4219
Insertion Sort Paralelo (ForkJoin);true;50000;NEARLY_SORTED;4;3;15959100;15.9591
Insertion Sort Paralelo (ForkJoin);true;50000;NEARLY_SORTED;4;4;16617700;16.6177
Insertion Sort Paralelo (ForkJoin);true;50000;NEARLY_SORTED;4;5;17720900;17.7209
Insertion Sort Paralelo (ForkJoin);true;50000;NEARLY_SORTED;8;1;6237000;6.2370
Insertion Sort Paralelo (ForkJoin);true;50000;NEARLY_SORTED;8;2;11294000;11.2940
Insertion Sort Paralelo (ForkJoin);true;50000;NEARLY_SORTED;8;3;8675100;8.6751
Insertion Sort Paralelo (ForkJoin);true;50000;NEARLY_SORTED;8;4;9269400;9.2694
Insertion Sort Paralelo (ForkJoin);true;50000;NEARLY_SORTED;8;5;7199300;7.1993
Quick Sort Serial;false;50000;NEARLY_SORTED;1;1;3821500;3.8215
Quick Sort Serial;false;50000;NEARLY_SORTED;1;2;3471500;3.4715
Quick Sort Serial;false;50000;NEARLY_SORTED;1;3;3510900;3.5109
Quick Sort Serial;false;50000;NEARLY_SORTED;1;4;3455200;3.4552
Quick Sort Serial;false;50000;NEARLY_SORTED;1;5;3437500;3.4375
Quick Sort Paralelo (ForkJoin);true;50000;NEARLY_SORTED;2;1;2529900;2.5299
Quick Sort Paralelo (ForkJoin);true;50000;NEARLY_SORTED;2;2;3619000;3.6190
Quick Sort Paralelo (ForkJoin);true;50000;NEARLY_SORTED;2;3;2610700;2.6107
Quick Sort Paralelo (ForkJoin);true;50000;NEARLY_SORTED;2;4;2688400;2.6884
Quick Sort Paralelo (ForkJoin);true;50000;NEARLY_SORTED;2;5;2435600;2.4356
Quick Sort Paralelo (ForkJoin);true;50000;NEARLY_SORTED;4;1;2275500;2.2755
Quick Sort Paralelo (ForkJoin);true;50000;NEARLY_SORTED;4;2;2084100;2.0841
Quick Sort Paralelo (ForkJoin);true;50000;NEARLY_SORTED;4;3;2517700;2.5177
Quick Sort Paralelo (ForkJoin);true;50000;NEARLY_SORTED;4;4;2572300;2.5723
Quick Sort Paralelo (ForkJoin);true;50000;NEARLY_SORTED;4;5;3320000;3.3200
Quick Sort Paralelo (ForkJoin);true;50000;NEARLY_SORTED;8;1;2473500;2.4735
Quick Sort Paralelo (ForkJoin);true;50000;NEARLY_SORTED;8;2;3465300;3.4653
Quick Sort Paralelo (ForkJoin);true;50000;NEARLY_SORTED;8;3;2585600;2.5856
Quick Sort Paralelo (ForkJoin);true;50000;NEARLY_SORTED;8;4;2485400;2.4854
Quick Sort Paralelo (ForkJoin);true;50000;NEARLY_SORTED;8;5;2583300;2.5833
Merge Sort Serial;false;50000;NEARLY_SORTED;1;1;7190200;7.1902
Merge Sort Serial;false;50000;NEARLY_SORTED;1;2;6801800;6.8018
Merge Sort Serial;false;50000;NEARLY_SORTED;1;3;7053200;7.0532
Merge Sort Serial;false;50000;NEARLY_SORTED;1;4;6940800;6.9408
Merge Sort Serial;false;50000;NEARLY_SORTED;1;5;6625800;6.6258
Merge Sort Paralelo (ForkJoin);true;50000;NEARLY_SORTED;2;1;4833200;4.8332
Merge Sort Paralelo (ForkJoin);true;50000;NEARLY_SORTED;2;2;4632000;4.6320
Merge Sort Paralelo (ForkJoin);true;50000;NEARLY_SORTED;2;3;3921000;3.9210
Merge Sort Paralelo (ForkJoin);true;50000;NEARLY_SORTED;2;4;7325400;7.3254
Merge Sort Paralelo (ForkJoin);true;50000;NEARLY_SORTED;2;5;10874100;10.8741
Merge Sort Paralelo (ForkJoin);true;50000;NEARLY_SORTED;4;1;4124600;4.1246
Merge Sort Paralelo (ForkJoin);true;50000;NEARLY_SORTED;4;2;4710400;4.7104
Merge Sort Paralelo (ForkJoin);true;50000;NEARLY_SORTED;4;3;3709400;3.7094
Merge Sort Paralelo (ForkJoin);true;50000;NEARLY_SORTED;4;4;3468000;3.4680
Merge Sort Paralelo (ForkJoin);true;50000;NEARLY_SORTED;4;5;4463900;4.4639
Merge Sort Paralelo (ForkJoin);true;50000;NEARLY_SORTED;8;1;4717100;4.7171
Merge Sort Paralelo (ForkJoin);true;50000;NEARLY_SORTED;8;2;3318300;3.3183
Merge Sort Paralelo (ForkJoin);true;50000;NEARLY_SORTED;8;3;4258800;4.2588
Merge Sort Paralelo (ForkJoin);true;50000;NEARLY_SORTED;8;4;4721400;4.7214
Merge Sort Paralelo (ForkJoin);true;50000;NEARLY_SORTED;8;5;3611300;3.6113
Bubble Sort Serial;false;1000;REVERSED;1;1;1316200;1.3162
Bubble Sort Serial;false;1000;REVERSED;1;2;3206600;3.2066
Bubble Sort Serial;false;1000;REVERSED;1;3;1867900;1.8679
Bubble Sort Serial;false;1000;REVERSED;1;4;1658800;1.6588
Bubble Sort Serial;false;1000;REVERSED;1;5;1299900;1.2999
Bubble Sort Paralelo (Odd-Even);true;1000;REVERSED;2;1;1201500;1.2015
Bubble Sort Paralelo (Odd-Even);true;1000;REVERSED;2;2;1185200;1.1852
Bubble Sort Paralelo (Odd-Even);true;1000;REVERSED;2;3;1112600;1.1126
Bubble Sort Paralelo (Odd-Even);true;1000;REVERSED;2;4;1111300;1.1113
Bubble Sort Paralelo (Odd-Even);true;1000;REVERSED;2;5;3300900;3.3009
Bubble Sort Paralelo (Odd-Even);true;1000;REVERSED;4;1;1595000;1.5950
Bubble Sort Paralelo (Odd-Even);true;1000;REVERSED;4;2;1623800;1.6238
Bubble Sort Paralelo (Odd-Even);true;1000;REVERSED;4;3;1484100;1.4841
Bubble Sort Paralelo (Odd-Even);true;1000;REVERSED;4;4;1487800;1.4878
Bubble Sort Paralelo (Odd-Even);true;1000;REVERSED;4;5;1445300;1.4453
Bubble Sort Paralelo (Odd-Even);true;1000;REVERSED;8;1;2704100;2.7041
Bubble Sort Paralelo (Odd-Even);true;1000;REVERSED;8;2;2429900;2.4299
Bubble Sort Paralelo (Odd-Even);true;1000;REVERSED;8;3;30490200;30.4902
Bubble Sort Paralelo (Odd-Even);true;1000;REVERSED;8;4;3183300;3.1833
Bubble Sort Paralelo (Odd-Even);true;1000;REVERSED;8;5;13207000;13.2070
Insertion Sort Serial;false;1000;REVERSED;1;1;222700;0.2227
Insertion Sort Serial;false;1000;REVERSED;1;2;374700;0.3747
Insertion Sort Serial;false;1000;REVERSED;1;3;221400;0.2214
Insertion Sort Serial;false;1000;REVERSED;1;4;221100;0.2211
Insertion Sort Serial;false;1000;REVERSED;1;5;476000;0.4760
Insertion Sort Paralelo (ForkJoin);true;1000;REVERSED;2;1;1047900;1.0479
Insertion Sort Paralelo (ForkJoin);true;1000;REVERSED;2;2;1013500;1.0135
Insertion Sort Paralelo (ForkJoin);true;1000;REVERSED;2;3;1160400;1.1604
Insertion Sort Paralelo (ForkJoin);true;1000;REVERSED;2;4;1117100;1.1171
Insertion Sort Paralelo (ForkJoin);true;1000;REVERSED;2;5;1246700;1.2467
Insertion Sort Paralelo (ForkJoin);true;1000;REVERSED;4;1;1369200;1.3692
Insertion Sort Paralelo (ForkJoin);true;1000;REVERSED;4;2;1019600;1.0196
Insertion Sort Paralelo (ForkJoin);true;1000;REVERSED;4;3;1075900;1.0759
Insertion Sort Paralelo (ForkJoin);true;1000;REVERSED;4;4;1242200;1.2422
Insertion Sort Paralelo (ForkJoin);true;1000;REVERSED;4;5;1100300;1.1003
Insertion Sort Paralelo (ForkJoin);true;1000;REVERSED;8;1;1089800;1.0898
Insertion Sort Paralelo (ForkJoin);true;1000;REVERSED;8;2;1085400;1.0854
Insertion Sort Paralelo (ForkJoin);true;1000;REVERSED;8;3;1201400;1.2014
Insertion Sort Paralelo (ForkJoin);true;1000;REVERSED;8;4;1065200;1.0652
Insertion Sort Paralelo (ForkJoin);true;1000;REVERSED;8;5;1210800;1.2108
Quick Sort Serial;false;1000;REVERSED;1;1;51600;0.0516
Quick Sort Serial;false;1000;REVERSED;1;2;51300;0.0513
Quick Sort Serial;false;1000;REVERSED;1;3;44900;0.0449
Quick Sort Serial;false;1000;REVERSED;1;4;47700;0.0477
Quick Sort Serial;false;1000;REVERSED;1;5;54400;0.0544
Quick Sort Paralelo (ForkJoin);true;1000;REVERSED;2;1;763100;0.7631
Quick Sort Paralelo (ForkJoin);true;1000;REVERSED;2;2;888400;0.8884
Quick Sort Paralelo (ForkJoin);true;1000;REVERSED;2;3;620100;0.6201
Quick Sort Paralelo (ForkJoin);true;1000;REVERSED;2;4;743400;0.7434
Quick Sort Paralelo (ForkJoin);true;1000;REVERSED;2;5;705900;0.7059
Quick Sort Paralelo (ForkJoin);true;1000;REVERSED;4;1;710100;0.7101
Quick Sort Paralelo (ForkJoin);true;1000;REVERSED;4;2;977400;0.9774
Quick Sort Paralelo (ForkJoin);true;1000;REVERSED;4;3;791100;0.7911
Quick Sort Paralelo (ForkJoin);true;1000;REVERSED;4;4;715600;0.7156
Quick Sort Paralelo (ForkJoin);true;1000;REVERSED;4;5;764300;0.7643
Quick Sort Paralelo (ForkJoin);true;1000;REVERSED;8;1;678600;0.6786
Quick Sort Paralelo (ForkJoin);true;1000;REVERSED;8;2;915500;0.9155
Quick Sort Paralelo (ForkJoin);true;1000;REVERSED;8;3;611900;0.6119
Quick Sort Paralelo (ForkJoin);true;1000;REVERSED;8;4;616100;0.6161
Quick Sort Paralelo (ForkJoin);true;1000;REVERSED;8;5;624400;0.6244
Merge Sort Serial;false;1000;REVERSED;1;1;120300;0.1203
Merge Sort Serial;false;1000;REVERSED;1;2;120500;0.1205
Merge Sort Serial;false;1000;REVERSED;1;3;177700;0.1777
Merge Sort Serial;false;1000;REVERSED;1;4;177100;0.1771
Merge Sort Serial;false;1000;REVERSED;1;5;210600;0.2106
Merge Sort Paralelo (ForkJoin);true;1000;REVERSED;2;1;799000;0.7990
Merge Sort Paralelo (ForkJoin);true;1000;REVERSED;2;2;704800;0.7048
Merge Sort Paralelo (ForkJoin);true;1000;REVERSED;2;3;711100;0.7111
Merge Sort Paralelo (ForkJoin);true;1000;REVERSED;2;4;743000;0.7430
Merge Sort Paralelo (ForkJoin);true;1000;REVERSED;2;5;695900;0.6959
Merge Sort Paralelo (ForkJoin);true;1000;REVERSED;4;1;1302400;1.3024
Merge Sort Paralelo (ForkJoin);true;1000;REVERSED;4;2;763900;0.7639
Merge Sort Paralelo (ForkJoin);true;1000;REVERSED;4;3;774500;0.7745
Merge Sort Paralelo (ForkJoin);true;1000;REVERSED;4;4;1008700;1.0087
Merge Sort Paralelo (ForkJoin);true;1000;REVERSED;4;5;750600;0.7506
Merge Sort Paralelo (ForkJoin);true;1000;REVERSED;8;1;675700;0.6757
Merge Sort Paralelo (ForkJoin);true;1000;REVERSED;8;2;1001000;1.0010
Merge Sort Paralelo (ForkJoin);true;1000;REVERSED;8;3;777200;0.7772
Merge Sort Paralelo (ForkJoin);true;1000;REVERSED;8;4;1030700;1.0307
Merge Sort Paralelo (ForkJoin);true;1000;REVERSED;8;5;710600;0.7106
Bubble Sort Serial;false;5000;REVERSED;1;1;28193500;28.1935
Bubble Sort Serial;false;5000;REVERSED;1;2;29186700;29.1867
Bubble Sort Serial;false;5000;REVERSED;1;3;29123400;29.1234
Bubble Sort Serial;false;5000;REVERSED;1;4;29124100;29.1241
Bubble Sort Serial;false;5000;REVERSED;1;5;31796300;31.7963
Bubble Sort Paralelo (Odd-Even);true;5000;REVERSED;2;1;10848100;10.8481
Bubble Sort Paralelo (Odd-Even);true;5000;REVERSED;2;2;8486000;8.4860
Bubble Sort Paralelo (Odd-Even);true;5000;REVERSED;2;3;7858000;7.8580
Bubble Sort Paralelo (Odd-Even);true;5000;REVERSED;2;4;8675800;8.6758
Bubble Sort Paralelo (Odd-Even);true;5000;REVERSED;2;5;7913100;7.9131
Bubble Sort Paralelo (Odd-Even);true;5000;REVERSED;4;1;7938900;7.9389
Bubble Sort Paralelo (Odd-Even);true;5000;REVERSED;4;2;8421500;8.4215
Bubble Sort Paralelo (Odd-Even);true;5000;REVERSED;4;3;12573800;12.5738
Bubble Sort Paralelo (Odd-Even);true;5000;REVERSED;4;4;9585400;9.5854
Bubble Sort Paralelo (Odd-Even);true;5000;REVERSED;4;5;11228500;11.2285
Bubble Sort Paralelo (Odd-Even);true;5000;REVERSED;8;1;72966300;72.9663
Bubble Sort Paralelo (Odd-Even);true;5000;REVERSED;8;2;57707000;57.7070
Bubble Sort Paralelo (Odd-Even);true;5000;REVERSED;8;3;18908000;18.9080
Bubble Sort Paralelo (Odd-Even);true;5000;REVERSED;8;4;34291600;34.2916
Bubble Sort Paralelo (Odd-Even);true;5000;REVERSED;8;5;23370300;23.3703
Insertion Sort Serial;false;5000;REVERSED;1;1;7935600;7.9356
Insertion Sort Serial;false;5000;REVERSED;1;2;5943400;5.9434
Insertion Sort Serial;false;5000;REVERSED;1;3;5900400;5.9004
Insertion Sort Serial;false;5000;REVERSED;1;4;6558600;6.5586
Insertion Sort Serial;false;5000;REVERSED;1;5;5263900;5.2639
Insertion Sort Paralelo (ForkJoin);true;5000;REVERSED;2;1;5353500;5.3535
Insertion Sort Paralelo (ForkJoin);true;5000;REVERSED;2;2;5707300;5.7073
Insertion Sort Paralelo (ForkJoin);true;5000;REVERSED;2;3;6045600;6.0456
Insertion Sort Paralelo (ForkJoin);true;5000;REVERSED;2;4;6425300;6.4253
Insertion Sort Paralelo (ForkJoin);true;5000;REVERSED;2;5;5108900;5.1089
Insertion Sort Paralelo (ForkJoin);true;5000;REVERSED;4;1;3321800;3.3218
Insertion Sort Paralelo (ForkJoin);true;5000;REVERSED;4;2;3483800;3.4838
Insertion Sort Paralelo (ForkJoin);true;5000;REVERSED;4;3;3927300;3.9273
Insertion Sort Paralelo (ForkJoin);true;5000;REVERSED;4;4;3700300;3.7003
Insertion Sort Paralelo (ForkJoin);true;5000;REVERSED;4;5;3831500;3.8315
Insertion Sort Paralelo (ForkJoin);true;5000;REVERSED;8;1;2702600;2.7026
Insertion Sort Paralelo (ForkJoin);true;5000;REVERSED;8;2;2946900;2.9469
Insertion Sort Paralelo (ForkJoin);true;5000;REVERSED;8;3;3208000;3.2080
Insertion Sort Paralelo (ForkJoin);true;5000;REVERSED;8;4;2357100;2.3571
Insertion Sort Paralelo (ForkJoin);true;5000;REVERSED;8;5;3043400;3.0434
Quick Sort Serial;false;5000;REVERSED;1;1;302400;0.3024
Quick Sort Serial;false;5000;REVERSED;1;2;188000;0.1880
Quick Sort Serial;false;5000;REVERSED;1;3;304800;0.3048
Quick Sort Serial;false;5000;REVERSED;1;4;263300;0.2633
Quick Sort Serial;false;5000;REVERSED;1;5;229900;0.2299
Quick Sort Paralelo (ForkJoin);true;5000;REVERSED;2;1;1029000;1.0290
Quick Sort Paralelo (ForkJoin);true;5000;REVERSED;2;2;939000;0.9390
Quick Sort Paralelo (ForkJoin);true;5000;REVERSED;2;3;871800;0.8718
Quick Sort Paralelo (ForkJoin);true;5000;REVERSED;2;4;1124700;1.1247
Quick Sort Paralelo (ForkJoin);true;5000;REVERSED;2;5;949600;0.9496
Quick Sort Paralelo (ForkJoin);true;5000;REVERSED;4;1;1309700;1.3097
Quick Sort Paralelo (ForkJoin);true;5000;REVERSED;4;2;1936300;1.9363
Quick Sort Paralelo (ForkJoin);true;5000;REVERSED;4;3;1256400;1.2564
Quick Sort Paralelo (ForkJoin);true;5000;REVERSED;4;4;1745200;1.7452
Quick Sort Paralelo (ForkJoin);true;5000;REVERSED;4;5;1447800;1.4478
Quick Sort Paralelo (ForkJoin);true;5000;REVERSED;8;1;1603600;1.6036
Quick Sort Paralelo (ForkJoin);true;5000;REVERSED;8;2;1416200;1.4162
Quick Sort Paralelo (ForkJoin);true;5000;REVERSED;8;3;1384500;1.3845
Quick Sort Paralelo (ForkJoin);true;5000;REVERSED;8;4;1526000;1.5260
Quick Sort Paralelo (ForkJoin);true;5000;REVERSED;8;5;1398100;1.3981
Merge Sort Serial;false;5000;REVERSED;1;1;694800;0.6948
Merge Sort Serial;false;5000;REVERSED;1;2;948500;0.9485
Merge Sort Serial;false;5000;REVERSED;1;3;536000;0.5360
Merge Sort Serial;false;5000;REVERSED;1;4;768300;0.7683
Merge Sort Serial;false;5000;REVERSED;1;5;588600;0.5886
Merge Sort Paralelo (ForkJoin);true;5000;REVERSED;2;1;1316400;1.3164
Merge Sort Paralelo (ForkJoin);true;5000;REVERSED;2;2;1401000;1.4010
Merge Sort Paralelo (ForkJoin);true;5000;REVERSED;2;3;1617900;1.6179
Merge Sort Paralelo (ForkJoin);true;5000;REVERSED;2;4;1517500;1.5175
Merge Sort Paralelo (ForkJoin);true;5000;REVERSED;2;5;1472900;1.4729
Merge Sort Paralelo (ForkJoin);true;5000;REVERSED;4;1;1378800;1.3788
Merge Sort Paralelo (ForkJoin);true;5000;REVERSED;4;2;1358200;1.3582
Merge Sort Paralelo (ForkJoin);true;5000;REVERSED;4;3;1425800;1.4258
Merge Sort Paralelo (ForkJoin);true;5000;REVERSED;4;4;1269900;1.2699
Merge Sort Paralelo (ForkJoin);true;5000;REVERSED;4;5;2077700;2.0777
Merge Sort Paralelo (ForkJoin);true;5000;REVERSED;8;1;1628400;1.6284
Merge Sort Paralelo (ForkJoin);true;5000;REVERSED;8;2;1913700;1.9137
Merge Sort Paralelo (ForkJoin);true;5000;REVERSED;8;3;1584100;1.5841
Merge Sort Paralelo (ForkJoin);true;5000;REVERSED;8;4;1890300;1.8903
Merge Sort Paralelo (ForkJoin);true;5000;REVERSED;8;5;1661900;1.6619
Bubble Sort Serial;false;10000;REVERSED;1;1;115906800;115.9068
Bubble Sort Serial;false;10000;REVERSED;1;2;116489900;116.4899
Bubble Sort Serial;false;10000;REVERSED;1;3;116380800;116.3808
Bubble Sort Serial;false;10000;REVERSED;1;4;123994300;123.9943
Bubble Sort Serial;false;10000;REVERSED;1;5;116206200;116.2062
Bubble Sort Paralelo (Odd-Even);true;10000;REVERSED;2;1;36918800;36.9188
Bubble Sort Paralelo (Odd-Even);true;10000;REVERSED;2;2;33172000;33.1720
Bubble Sort Paralelo (Odd-Even);true;10000;REVERSED;2;3;34890000;34.8900
Bubble Sort Paralelo (Odd-Even);true;10000;REVERSED;2;4;47045000;47.0450
Bubble Sort Paralelo (Odd-Even);true;10000;REVERSED;2;5;35593200;35.5932
Bubble Sort Paralelo (Odd-Even);true;10000;REVERSED;4;1;26226400;26.2264
Bubble Sort Paralelo (Odd-Even);true;10000;REVERSED;4;2;18297400;18.2974
Bubble Sort Paralelo (Odd-Even);true;10000;REVERSED;4;3;26001200;26.0012
Bubble Sort Paralelo (Odd-Even);true;10000;REVERSED;4;4;26898900;26.8989
Bubble Sort Paralelo (Odd-Even);true;10000;REVERSED;4;5;25281500;25.2815
Bubble Sort Paralelo (Odd-Even);true;10000;REVERSED;8;1;53135400;53.1354
Bubble Sort Paralelo (Odd-Even);true;10000;REVERSED;8;2;71628600;71.6286
Bubble Sort Paralelo (Odd-Even);true;10000;REVERSED;8;3;77982900;77.9829
Bubble Sort Paralelo (Odd-Even);true;10000;REVERSED;8;4;83387800;83.3878
Bubble Sort Paralelo (Odd-Even);true;10000;REVERSED;8;5;124649300;124.6493
Insertion Sort Serial;false;10000;REVERSED;1;1;21981500;21.9815
Insertion Sort Serial;false;10000;REVERSED;1;2;22892800;22.8928
Insertion Sort Serial;false;10000;REVERSED;1;3;24218700;24.2187
Insertion Sort Serial;false;10000;REVERSED;1;4;22910200;22.9102
Insertion Sort Serial;false;10000;REVERSED;1;5;25182200;25.1822
Insertion Sort Paralelo (ForkJoin);true;10000;REVERSED;2;1;21193300;21.1933
Insertion Sort Paralelo (ForkJoin);true;10000;REVERSED;2;2;20245800;20.2458
Insertion Sort Paralelo (ForkJoin);true;10000;REVERSED;2;3;17603500;17.6035
Insertion Sort Paralelo (ForkJoin);true;10000;REVERSED;2;4;17937100;17.9371
Insertion Sort Paralelo (ForkJoin);true;10000;REVERSED;2;5;18800100;18.8001
Insertion Sort Paralelo (ForkJoin);true;10000;REVERSED;4;1;8832600;8.8326
Insertion Sort Paralelo (ForkJoin);true;10000;REVERSED;4;2;7981000;7.9810
Insertion Sort Paralelo (ForkJoin);true;10000;REVERSED;4;3;8596900;8.5969
Insertion Sort Paralelo (ForkJoin);true;10000;REVERSED;4;4;7807500;7.8075
Insertion Sort Paralelo (ForkJoin);true;10000;REVERSED;4;5;6445000;6.4450
Insertion Sort Paralelo (ForkJoin);true;10000;REVERSED;8;1;4055300;4.0553
Insertion Sort Paralelo (ForkJoin);true;10000;REVERSED;8;2;4461700;4.4617
Insertion Sort Paralelo (ForkJoin);true;10000;REVERSED;8;3;3837300;3.8373
Insertion Sort Paralelo (ForkJoin);true;10000;REVERSED;8;4;5115200;5.1152
Insertion Sort Paralelo (ForkJoin);true;10000;REVERSED;8;5;3482600;3.4826
Quick Sort Serial;false;10000;REVERSED;1;1;350300;0.3503
Quick Sort Serial;false;10000;REVERSED;1;2;363200;0.3632
Quick Sort Serial;false;10000;REVERSED;1;3;379300;0.3793
Quick Sort Serial;false;10000;REVERSED;1;4;374000;0.3740
Quick Sort Serial;false;10000;REVERSED;1;5;368000;0.3680
Quick Sort Paralelo (ForkJoin);true;10000;REVERSED;2;1;1616500;1.6165
Quick Sort Paralelo (ForkJoin);true;10000;REVERSED;2;2;1069100;1.0691
Quick Sort Paralelo (ForkJoin);true;10000;REVERSED;2;3;1123000;1.1230
Quick Sort Paralelo (ForkJoin);true;10000;REVERSED;2;4;1378000;1.3780
Quick Sort Paralelo (ForkJoin);true;10000;REVERSED;2;5;1123000;1.1230
Quick Sort Paralelo (ForkJoin);true;10000;REVERSED;4;1;1363100;1.3631
Quick Sort Paralelo (ForkJoin);true;10000;REVERSED;4;2;1380800;1.3808
Quick Sort Paralelo (ForkJoin);true;10000;REVERSED;4;3;1085000;1.0850
Quick Sort Paralelo (ForkJoin);true;10000;REVERSED;4;4;1842500;1.8425
Quick Sort Paralelo (ForkJoin);true;10000;REVERSED;4;5;1932800;1.9328
Quick Sort Paralelo (ForkJoin);true;10000;REVERSED;8;1;1712400;1.7124
Quick Sort Paralelo (ForkJoin);true;10000;REVERSED;8;2;1837000;1.8370
Quick Sort Paralelo (ForkJoin);true;10000;REVERSED;8;3;1740300;1.7403
Quick Sort Paralelo (ForkJoin);true;10000;REVERSED;8;4;1904500;1.9045
Quick Sort Paralelo (ForkJoin);true;10000;REVERSED;8;5;1727800;1.7278
Merge Sort Serial;false;10000;REVERSED;1;1;1095200;1.0952
Merge Sort Serial;false;10000;REVERSED;1;2;1424900;1.4249
Merge Sort Serial;false;10000;REVERSED;1;3;1083900;1.0839
Merge Sort Serial;false;10000;REVERSED;1;4;1185200;1.1852
Merge Sort Serial;false;10000;REVERSED;1;5;1337800;1.3378
Merge Sort Paralelo (ForkJoin);true;10000;REVERSED;2;1;1827100;1.8271
Merge Sort Paralelo (ForkJoin);true;10000;REVERSED;2;2;1802200;1.8022
Merge Sort Paralelo (ForkJoin);true;10000;REVERSED;2;3;1523900;1.5239
Merge Sort Paralelo (ForkJoin);true;10000;REVERSED;2;4;1488600;1.4886
Merge Sort Paralelo (ForkJoin);true;10000;REVERSED;2;5;2781100;2.7811
Merge Sort Paralelo (ForkJoin);true;10000;REVERSED;4;1;2153000;2.1530
Merge Sort Paralelo (ForkJoin);true;10000;REVERSED;4;2;1489900;1.4899
Merge Sort Paralelo (ForkJoin);true;10000;REVERSED;4;3;1767900;1.7679
Merge Sort Paralelo (ForkJoin);true;10000;REVERSED;4;4;1433600;1.4336
Merge Sort Paralelo (ForkJoin);true;10000;REVERSED;4;5;1466200;1.4662
Merge Sort Paralelo (ForkJoin);true;10000;REVERSED;8;1;1799400;1.7994
Merge Sort Paralelo (ForkJoin);true;10000;REVERSED;8;2;1897500;1.8975
Merge Sort Paralelo (ForkJoin);true;10000;REVERSED;8;3;3090800;3.0908
Merge Sort Paralelo (ForkJoin);true;10000;REVERSED;8;4;1881000;1.8810
Merge Sort Paralelo (ForkJoin);true;10000;REVERSED;8;5;2606500;2.6065
Bubble Sort Serial;false;25000;REVERSED;1;1;743589900;743.5899
Bubble Sort Serial;false;25000;REVERSED;1;2;732461500;732.4615
Bubble Sort Serial;false;25000;REVERSED;1;3;729615200;729.6152
Bubble Sort Serial;false;25000;REVERSED;1;4;773786200;773.7862
Bubble Sort Serial;false;25000;REVERSED;1;5;775284100;775.2841
Bubble Sort Paralelo (Odd-Even);true;25000;REVERSED;2;1;232251700;232.2517
Bubble Sort Paralelo (Odd-Even);true;25000;REVERSED;2;2;197821800;197.8218
Bubble Sort Paralelo (Odd-Even);true;25000;REVERSED;2;3;231585900;231.5859
Bubble Sort Paralelo (Odd-Even);true;25000;REVERSED;2;4;215491200;215.4912
Bubble Sort Paralelo (Odd-Even);true;25000;REVERSED;2;5;220390500;220.3905
Bubble Sort Paralelo (Odd-Even);true;25000;REVERSED;4;1;131252100;131.2521
Bubble Sort Paralelo (Odd-Even);true;25000;REVERSED;4;2;142112500;142.1125
Bubble Sort Paralelo (Odd-Even);true;25000;REVERSED;4;3;117388700;117.3887
Bubble Sort Paralelo (Odd-Even);true;25000;REVERSED;4;4;134638900;134.6389
Bubble Sort Paralelo (Odd-Even);true;25000;REVERSED;4;5;138861700;138.8617
Bubble Sort Paralelo (Odd-Even);true;25000;REVERSED;8;1;311640100;311.6401
Bubble Sort Paralelo (Odd-Even);true;25000;REVERSED;8;2;236905600;236.9056
Bubble Sort Paralelo (Odd-Even);true;25000;REVERSED;8;3;233896500;233.8965
Bubble Sort Paralelo (Odd-Even);true;25000;REVERSED;8;4;248259400;248.2594
Bubble Sort Paralelo (Odd-Even);true;25000;REVERSED;8;5;270583900;270.5839
Insertion Sort Serial;false;25000;REVERSED;1;1;135507300;135.5073
Insertion Sort Serial;false;25000;REVERSED;1;2;143446400;143.4464
Insertion Sort Serial;false;25000;REVERSED;1;3;139970500;139.9705
Insertion Sort Serial;false;25000;REVERSED;1;4;145681200;145.6812
Insertion Sort Serial;false;25000;REVERSED;1;5;145170400;145.1704
Insertion Sort Paralelo (ForkJoin);true;25000;REVERSED;2;1;128756500;128.7565
Insertion Sort Paralelo (ForkJoin);true;25000;REVERSED;2;2;143867900;143.8679
Insertion Sort Paralelo (ForkJoin);true;25000;REVERSED;2;3;112474900;112.4749
Insertion Sort Paralelo (ForkJoin);true;25000;REVERSED;2;4;129637600;129.6376
Insertion Sort Paralelo (ForkJoin);true;25000;REVERSED;2;5;122860500;122.8605
Insertion Sort Paralelo (ForkJoin);true;25000;REVERSED;4;1;47234200;47.2342
Insertion Sort Paralelo (ForkJoin);true;25000;REVERSED;4;2;37572000;37.5720
Insertion Sort Paralelo (ForkJoin);true;25000;REVERSED;4;3;37960700;37.9607
Insertion Sort Paralelo (ForkJoin);true;25000;REVERSED;4;4;46260700;46.2607
Insertion Sort Paralelo (ForkJoin);true;25000;REVERSED;4;5;39429400;39.4294
Insertion Sort Paralelo (ForkJoin);true;25000;REVERSED;8;1;18958300;18.9583
Insertion Sort Paralelo (ForkJoin);true;25000;REVERSED;8;2;20586600;20.5866
Insertion Sort Paralelo (ForkJoin);true;25000;REVERSED;8;3;23062300;23.0623
Insertion Sort Paralelo (ForkJoin);true;25000;REVERSED;8;4;15457300;15.4573
Insertion Sort Paralelo (ForkJoin);true;25000;REVERSED;8;5;15841200;15.8412
Quick Sort Serial;false;25000;REVERSED;1;1;946300;0.9463
Quick Sort Serial;false;25000;REVERSED;1;2;893800;0.8938
Quick Sort Serial;false;25000;REVERSED;1;3;882400;0.8824
Quick Sort Serial;false;25000;REVERSED;1;4;857800;0.8578
Quick Sort Serial;false;25000;REVERSED;1;5;1196000;1.1960
Quick Sort Paralelo (ForkJoin);true;25000;REVERSED;2;1;1363500;1.3635
Quick Sort Paralelo (ForkJoin);true;25000;REVERSED;2;2;1388200;1.3882
Quick Sort Paralelo (ForkJoin);true;25000;REVERSED;2;3;1352800;1.3528
Quick Sort Paralelo (ForkJoin);true;25000;REVERSED;2;4;1413700;1.4137
Quick Sort Paralelo (ForkJoin);true;25000;REVERSED;2;5;1440500;1.4405
Quick Sort Paralelo (ForkJoin);true;25000;REVERSED;4;1;1988700;1.9887
Quick Sort Paralelo (ForkJoin);true;25000;REVERSED;4;2;1384100;1.3841
Quick Sort Paralelo (ForkJoin);true;25000;REVERSED;4;3;1614200;1.6142
Quick Sort Paralelo (ForkJoin);true;25000;REVERSED;4;4;1458800;1.4588
Quick Sort Paralelo (ForkJoin);true;25000;REVERSED;4;5;1329300;1.3293
Quick Sort Paralelo (ForkJoin);true;25000;REVERSED;8;1;1772500;1.7725
Quick Sort Paralelo (ForkJoin);true;25000;REVERSED;8;2;1852100;1.8521
Quick Sort Paralelo (ForkJoin);true;25000;REVERSED;8;3;1953600;1.9536
Quick Sort Paralelo (ForkJoin);true;25000;REVERSED;8;4;2636200;2.6362
Quick Sort Paralelo (ForkJoin);true;25000;REVERSED;8;5;2605400;2.6054
Merge Sort Serial;false;25000;REVERSED;1;1;3745800;3.7458
Merge Sort Serial;false;25000;REVERSED;1;2;3008700;3.0087
Merge Sort Serial;false;25000;REVERSED;1;3;2686800;2.6868
Merge Sort Serial;false;25000;REVERSED;1;4;2673900;2.6739
Merge Sort Serial;false;25000;REVERSED;1;5;2714000;2.7140
Merge Sort Paralelo (ForkJoin);true;25000;REVERSED;2;1;3010500;3.0105
Merge Sort Paralelo (ForkJoin);true;25000;REVERSED;2;2;2855700;2.8557
Merge Sort Paralelo (ForkJoin);true;25000;REVERSED;2;3;2976800;2.9768
Merge Sort Paralelo (ForkJoin);true;25000;REVERSED;2;4;2724500;2.7245
Merge Sort Paralelo (ForkJoin);true;25000;REVERSED;2;5;3412500;3.4125
Merge Sort Paralelo (ForkJoin);true;25000;REVERSED;4;1;2352400;2.3524
Merge Sort Paralelo (ForkJoin);true;25000;REVERSED;4;2;2278100;2.2781
Merge Sort Paralelo (ForkJoin);true;25000;REVERSED;4;3;2933400;2.9334
Merge Sort Paralelo (ForkJoin);true;25000;REVERSED;4;4;2362800;2.3628
Merge Sort Paralelo (ForkJoin);true;25000;REVERSED;4;5;2250300;2.2503
Merge Sort Paralelo (ForkJoin);true;25000;REVERSED;8;1;2292400;2.2924
Merge Sort Paralelo (ForkJoin);true;25000;REVERSED;8;2;2426200;2.4262
Merge Sort Paralelo (ForkJoin);true;25000;REVERSED;8;3;3033300;3.0333
Merge Sort Paralelo (ForkJoin);true;25000;REVERSED;8;4;2636200;2.6362
Merge Sort Paralelo (ForkJoin);true;25000;REVERSED;8;5;2402500;2.4025
Bubble Sort Serial;false;50000;REVERSED;1;1;2975867700;2975.8677
Bubble Sort Serial;false;50000;REVERSED;1;2;2979115200;2979.1152
Bubble Sort Serial;false;50000;REVERSED;1;3;3071476200;3071.4762
Bubble Sort Serial;false;50000;REVERSED;1;4;2951890400;2951.8904
Bubble Sort Serial;false;50000;REVERSED;1;5;2950662200;2950.6622
Bubble Sort Paralelo (Odd-Even);true;50000;REVERSED;2;1;814461100;814.4611
Bubble Sort Paralelo (Odd-Even);true;50000;REVERSED;2;2;768260600;768.2606
Bubble Sort Paralelo (Odd-Even);true;50000;REVERSED;2;3;794617900;794.6179
Bubble Sort Paralelo (Odd-Even);true;50000;REVERSED;2;4;802701000;802.7010
Bubble Sort Paralelo (Odd-Even);true;50000;REVERSED;2;5;775617600;775.6176
Bubble Sort Paralelo (Odd-Even);true;50000;REVERSED;4;1;529953200;529.9532
Bubble Sort Paralelo (Odd-Even);true;50000;REVERSED;4;2;549615700;549.6157
Bubble Sort Paralelo (Odd-Even);true;50000;REVERSED;4;3;658468100;658.4681
Bubble Sort Paralelo (Odd-Even);true;50000;REVERSED;4;4;545098700;545.0987
Bubble Sort Paralelo (Odd-Even);true;50000;REVERSED;4;5;502940500;502.9405
Bubble Sort Paralelo (Odd-Even);true;50000;REVERSED;8;1;877430900;877.4309
Bubble Sort Paralelo (Odd-Even);true;50000;REVERSED;8;2;1021742300;1021.7423
Bubble Sort Paralelo (Odd-Even);true;50000;REVERSED;8;3;848137700;848.1377
Bubble Sort Paralelo (Odd-Even);true;50000;REVERSED;8;4;838823300;838.8233
Bubble Sort Paralelo (Odd-Even);true;50000;REVERSED;8;5;833133300;833.1333
Insertion Sort Serial;false;50000;REVERSED;1;1;586829000;586.8290
Insertion Sort Serial;false;50000;REVERSED;1;2;576727400;576.7274
Insertion Sort Serial;false;50000;REVERSED;1;3;595833200;595.8332
Insertion Sort Serial;false;50000;REVERSED;1;4;698569000;698.5690
Insertion Sort Serial;false;50000;REVERSED;1;5;598683600;598.6836
Insertion Sort Paralelo (ForkJoin);true;50000;REVERSED;2;1;482249600;482.2496
Insertion Sort Paralelo (ForkJoin);true;50000;REVERSED;2;2;489092600;489.0926
Insertion Sort Paralelo (ForkJoin);true;50000;REVERSED;2;3;483214700;483.2147
Insertion Sort Paralelo (ForkJoin);true;50000;REVERSED;2;4;483723300;483.7233
Insertion Sort Paralelo (ForkJoin);true;50000;REVERSED;2;5;455906200;455.9062
Insertion Sort Paralelo (ForkJoin);true;50000;REVERSED;4;1;143714000;143.7140
Insertion Sort Paralelo (ForkJoin);true;50000;REVERSED;4;2;146439200;146.4392
Insertion Sort Paralelo (ForkJoin);true;50000;REVERSED;4;3;159930700;159.9307
Insertion Sort Paralelo (ForkJoin);true;50000;REVERSED;4;4;154970400;154.9704
Insertion Sort Paralelo (ForkJoin);true;50000;REVERSED;4;5;135637700;135.6377
Insertion Sort Paralelo (ForkJoin);true;50000;REVERSED;8;1;60462100;60.4621
Insertion Sort Paralelo (ForkJoin);true;50000;REVERSED;8;2;62361700;62.3617
Insertion Sort Paralelo (ForkJoin);true;50000;REVERSED;8;3;75933400;75.9334
Insertion Sort Paralelo (ForkJoin);true;50000;REVERSED;8;4;60211200;60.2112
Insertion Sort Paralelo (ForkJoin);true;50000;REVERSED;8;5;59829700;59.8297
Quick Sort Serial;false;50000;REVERSED;1;1;1835700;1.8357
Quick Sort Serial;false;50000;REVERSED;1;2;2208200;2.2082
Quick Sort Serial;false;50000;REVERSED;1;3;1986400;1.9864
Quick Sort Serial;false;50000;REVERSED;1;4;1793800;1.7938
Quick Sort Serial;false;50000;REVERSED;1;5;1805300;1.8053
Quick Sort Paralelo (ForkJoin);true;50000;REVERSED;2;1;4470400;4.4704
Quick Sort Paralelo (ForkJoin);true;50000;REVERSED;2;2;2193200;2.1932
Quick Sort Paralelo (ForkJoin);true;50000;REVERSED;2;3;1998400;1.9984
Quick Sort Paralelo (ForkJoin);true;50000;REVERSED;2;4;1992600;1.9926
Quick Sort Paralelo (ForkJoin);true;50000;REVERSED;2;5;2564200;2.5642
Quick Sort Paralelo (ForkJoin);true;50000;REVERSED;4;1;4379800;4.3798
Quick Sort Paralelo (ForkJoin);true;50000;REVERSED;4;2;1575300;1.5753
Quick Sort Paralelo (ForkJoin);true;50000;REVERSED;4;3;2433400;2.4334
Quick Sort Paralelo (ForkJoin);true;50000;REVERSED;4;4;1894300;1.8943
Quick Sort Paralelo (ForkJoin);true;50000;REVERSED;4;5;1844200;1.8442
Quick Sort Paralelo (ForkJoin);true;50000;REVERSED;8;1;1861700;1.8617
Quick Sort Paralelo (ForkJoin);true;50000;REVERSED;8;2;2178800;2.1788
Quick Sort Paralelo (ForkJoin);true;50000;REVERSED;8;3;2330200;2.3302
Quick Sort Paralelo (ForkJoin);true;50000;REVERSED;8;4;3179400;3.1794
Quick Sort Paralelo (ForkJoin);true;50000;REVERSED;8;5;2970500;2.9705
Merge Sort Serial;false;50000;REVERSED;1;1;5522000;5.5220
Merge Sort Serial;false;50000;REVERSED;1;2;5284400;5.2844
Merge Sort Serial;false;50000;REVERSED;1;3;5320500;5.3205
Merge Sort Serial;false;50000;REVERSED;1;4;5448200;5.4482
Merge Sort Serial;false;50000;REVERSED;1;5;5107400;5.1074
Merge Sort Paralelo (ForkJoin);true;50000;REVERSED;2;1;5143700;5.1437
Merge Sort Paralelo (ForkJoin);true;50000;REVERSED;2;2;7473900;7.4739
Merge Sort Paralelo (ForkJoin);true;50000;REVERSED;2;3;6696100;6.6961
Merge Sort Paralelo (ForkJoin);true;50000;REVERSED;2;4;3860900;3.8609
Merge Sort Paralelo (ForkJoin);true;50000;REVERSED;2;5;4587900;4.5879
Merge Sort Paralelo (ForkJoin);true;50000;REVERSED;4;1;3202300;3.2023
Merge Sort Paralelo (ForkJoin);true;50000;REVERSED;4;2;3179600;3.1796
Merge Sort Paralelo (ForkJoin);true;50000;REVERSED;4;3;3120700;3.1207
Merge Sort Paralelo (ForkJoin);true;50000;REVERSED;4;4;4108400;4.1084
Merge Sort Paralelo (ForkJoin);true;50000;REVERSED;4;5;3126200;3.1262
Merge Sort Paralelo (ForkJoin);true;50000;REVERSED;8;1;3291100;3.2911
Merge Sort Paralelo (ForkJoin);true;50000;REVERSED;8;2;4631300;4.6313
Merge Sort Paralelo (ForkJoin);true;50000;REVERSED;8;3;4515500;4.5155
Merge Sort Paralelo (ForkJoin);true;50000;REVERSED;8;4;3006700;3.0067
Merge Sort Paralelo (ForkJoin);true;50000;REVERSED;8;5;3089500;3.0895
Bubble Sort Serial;false;100;RANDOM;1;1;124100;0.1241
Bubble Sort Serial;false;100;RANDOM;1;2;84300;0.0843
Bubble Sort Serial;false;100;RANDOM;1;3;171600;0.1716
Bubble Sort Serial;false;100;RANDOM;1;4;54800;0.0548
Bubble Sort Serial;false;100;RANDOM;1;5;339400;0.3394
Bubble Sort Paralelo (Odd-Even);true;100;RANDOM;2;1;1850300;1.8503
Bubble Sort Paralelo (Odd-Even);true;100;RANDOM;2;2;1223500;1.2235
Bubble Sort Paralelo (Odd-Even);true;100;RANDOM;2;3;1105500;1.1055
Bubble Sort Paralelo (Odd-Even);true;100;RANDOM;2;4;760900;0.7609
Bubble Sort Paralelo (Odd-Even);true;100;RANDOM;2;5;870400;0.8704
Bubble Sort Paralelo (Odd-Even);true;100;RANDOM;4;1;1597300;1.5973
Bubble Sort Paralelo (Odd-Even);true;100;RANDOM;4;2;1400300;1.4003
Bubble Sort Paralelo (Odd-Even);true;100;RANDOM;4;3;1523100;1.5231
Bubble Sort Paralelo (Odd-Even);true;100;RANDOM;4;4;1552800;1.5528
Bubble Sort Paralelo (Odd-Even);true;100;RANDOM;4;5;1774600;1.7746
Bubble Sort Paralelo (Odd-Even);true;100;RANDOM;8;1;7605700;7.6057
Bubble Sort Paralelo (Odd-Even);true;100;RANDOM;8;2;5120000;5.1200
Bubble Sort Paralelo (Odd-Even);true;100;RANDOM;8;3;7652800;7.6528
Bubble Sort Paralelo (Odd-Even);true;100;RANDOM;8;4;9574700;9.5747
Bubble Sort Paralelo (Odd-Even);true;100;RANDOM;8;5;10079000;10.0790
Insertion Sort Serial;false;100;RANDOM;1;1;15700;0.0157
Insertion Sort Serial;false;100;RANDOM;1;2;17600;0.0176
Insertion Sort Serial;false;100;RANDOM;1;3;15400;0.0154
Insertion Sort Serial;false;100;RANDOM;1;4;18400;0.0184
Insertion Sort Serial;false;100;RANDOM;1;5;16700;0.0167
Insertion Sort Paralelo (ForkJoin);true;100;RANDOM;2;1;1276300;1.2763
Insertion Sort Paralelo (ForkJoin);true;100;RANDOM;2;2;1024600;1.0246
Insertion Sort Paralelo (ForkJoin);true;100;RANDOM;2;3;1049000;1.0490
Insertion Sort Paralelo (ForkJoin);true;100;RANDOM;2;4;889700;0.8897
Insertion Sort Paralelo (ForkJoin);true;100;RANDOM;2;5;877800;0.8778
Insertion Sort Paralelo (ForkJoin);true;100;RANDOM;4;1;995000;0.9950
Insertion Sort Paralelo (ForkJoin);true;100;RANDOM;4;2;1614400;1.6144
Insertion Sort Paralelo (ForkJoin);true;100;RANDOM;4;3;907500;0.9075
Insertion Sort Paralelo (ForkJoin);true;100;RANDOM;4;4;3107700;3.1077
Insertion Sort Paralelo (ForkJoin);true;100;RANDOM;4;5;1006600;1.0066
Insertion Sort Paralelo (ForkJoin);true;100;RANDOM;8;1;872200;0.8722
Insertion Sort Paralelo (ForkJoin);true;100;RANDOM;8;2;913900;0.9139
Insertion Sort Paralelo (ForkJoin);true;100;RANDOM;8;3;779600;0.7796
Insertion Sort Paralelo (ForkJoin);true;100;RANDOM;8;4;852400;0.8524
Insertion Sort Paralelo (ForkJoin);true;100;RANDOM;8;5;918400;0.9184
Quick Sort Serial;false;100;RANDOM;1;1;57700;0.0577
Quick Sort Serial;false;100;RANDOM;1;2;17300;0.0173
Quick Sort Serial;false;100;RANDOM;1;3;17100;0.0171
Quick Sort Serial;false;100;RANDOM;1;4;17100;0.0171
Quick Sort Serial;false;100;RANDOM;1;5;16000;0.0160
Quick Sort Paralelo (ForkJoin);true;100;RANDOM;2;1;1138200;1.1382
Quick Sort Paralelo (ForkJoin);true;100;RANDOM;2;2;785900;0.7859
Quick Sort Paralelo (ForkJoin);true;100;RANDOM;2;3;918700;0.9187
Quick Sort Paralelo (ForkJoin);true;100;RANDOM;2;4;1184900;1.1849
Quick Sort Paralelo (ForkJoin);true;100;RANDOM;2;5;938500;0.9385
Quick Sort Paralelo (ForkJoin);true;100;RANDOM;4;1;1287900;1.2879
Quick Sort Paralelo (ForkJoin);true;100;RANDOM;4;2;1055500;1.0555
Quick Sort Paralelo (ForkJoin);true;100;RANDOM;4;3;1303900;1.3039
Quick Sort Paralelo (ForkJoin);true;100;RANDOM;4;4;1030400;1.0304
Quick Sort Paralelo (ForkJoin);true;100;RANDOM;4;5;1003400;1.0034
Quick Sort Paralelo (ForkJoin);true;100;RANDOM;8;1;879700;0.8797
Quick Sort Paralelo (ForkJoin);true;100;RANDOM;8;2;851300;0.8513
Quick Sort Paralelo (ForkJoin);true;100;RANDOM;8;3;799700;0.7997
Quick Sort Paralelo (ForkJoin);true;100;RANDOM;8;4;788300;0.7883
Quick Sort Paralelo (ForkJoin);true;100;RANDOM;8;5;883600;0.8836
Merge Sort Serial;false;100;RANDOM;1;1;79700;0.0797
Merge Sort Serial;false;100;RANDOM;1;2;37100;0.0371
Merge Sort Serial;false;100;RANDOM;1;3;39200;0.0392
Merge Sort Serial;false;100;RANDOM;1;4;28200;0.0282
Merge Sort Serial;false;100;RANDOM;1;5;39900;0.0399
Merge Sort Paralelo (ForkJoin);true;100;RANDOM;2;1;813500;0.8135
Merge Sort Paralelo (ForkJoin);true;100;RANDOM;2;2;876400;0.8764
Merge Sort Paralelo (ForkJoin);true;100;RANDOM;2;3;891000;0.8910
Merge Sort Paralelo (ForkJoin);true;100;RANDOM;2;4;906700;0.9067
Merge Sort Paralelo (ForkJoin);true;100;RANDOM;2;5;1142700;1.1427
Merge Sort Paralelo (ForkJoin);true;100;RANDOM;4;1;999200;0.9992
Merge Sort Paralelo (ForkJoin);true;100;RANDOM;4;2;1157600;1.1576
Merge Sort Paralelo (ForkJoin);true;100;RANDOM;4;3;869000;0.8690
Merge Sort Paralelo (ForkJoin);true;100;RANDOM;4;4;889000;0.8890
Merge Sort Paralelo (ForkJoin);true;100;RANDOM;4;5;1225200;1.2252
Merge Sort Paralelo (ForkJoin);true;100;RANDOM;8;1;837800;0.8378
Merge Sort Paralelo (ForkJoin);true;100;RANDOM;8;2;1071300;1.0713
Merge Sort Paralelo (ForkJoin);true;100;RANDOM;8;3;2497900;2.4979
Merge Sort Paralelo (ForkJoin);true;100;RANDOM;8;4;1045300;1.0453
Merge Sort Paralelo (ForkJoin);true;100;RANDOM;8;5;1055400;1.0554
Bubble Sort Serial;false;500;RANDOM;1;1;635900;0.6359
Bubble Sort Serial;false;500;RANDOM;1;2;626100;0.6261
Bubble Sort Serial;false;500;RANDOM;1;3;619800;0.6198
Bubble Sort Serial;false;500;RANDOM;1;4;503200;0.5032
Bubble Sort Serial;false;500;RANDOM;1;5;606800;0.6068
Bubble Sort Paralelo (Odd-Even);true;500;RANDOM;2;1;4706500;4.7065
Bubble Sort Paralelo (Odd-Even);true;500;RANDOM;2;2;4122000;4.1220
Bubble Sort Paralelo (Odd-Even);true;500;RANDOM;2;3;3836700;3.8367
Bubble Sort Paralelo (Odd-Even);true;500;RANDOM;2;4;2380600;2.3806
Bubble Sort Paralelo (Odd-Even);true;500;RANDOM;2;5;2651200;2.6512
Bubble Sort Paralelo (Odd-Even);true;500;RANDOM;4;1;3857600;3.8576
Bubble Sort Paralelo (Odd-Even);true;500;RANDOM;4;2;2466300;2.4663
Bubble Sort Paralelo (Odd-Even);true;500;RANDOM;4;3;5436800;5.4368
Bubble Sort Paralelo (Odd-Even);true;500;RANDOM;4;4;3547100;3.5471
Bubble Sort Paralelo (Odd-Even);true;500;RANDOM;4;5;3171500;3.1715
Bubble Sort Paralelo (Odd-Even);true;500;RANDOM;8;1;7577500;7.5775
Bubble Sort Paralelo (Odd-Even);true;500;RANDOM;8;2;14446700;14.4467
Bubble Sort Paralelo (Odd-Even);true;500;RANDOM;8;3;1877600;1.8776
Bubble Sort Paralelo (Odd-Even);true;500;RANDOM;8;4;2337400;2.3374
Bubble Sort Paralelo (Odd-Even);true;500;RANDOM;8;5;6461100;6.4611
Insertion Sort Serial;false;500;RANDOM;1;1;102600;0.1026
Insertion Sort Serial;false;500;RANDOM;1;2;53400;0.0534
Insertion Sort Serial;false;500;RANDOM;1;3;68900;0.0689
Insertion Sort Serial;false;500;RANDOM;1;4;42200;0.0422
Insertion Sort Serial;false;500;RANDOM;1;5;53200;0.0532
Insertion Sort Paralelo (ForkJoin);true;500;RANDOM;2;1;857300;0.8573
Insertion Sort Paralelo (ForkJoin);true;500;RANDOM;2;2;812400;0.8124
Insertion Sort Paralelo (ForkJoin);true;500;RANDOM;2;3;840600;0.8406
Insertion Sort Paralelo (ForkJoin);true;500;RANDOM;2;4;781800;0.7818
Insertion Sort Paralelo (ForkJoin);true;500;RANDOM;2;5;749400;0.7494
Insertion Sort Paralelo (ForkJoin);true;500;RANDOM;4;1;1247200;1.2472
Insertion Sort Paralelo (ForkJoin);true;500;RANDOM;4;2;961800;0.9618
Insertion Sort Paralelo (ForkJoin);true;500;RANDOM;4;3;960700;0.9607
Insertion Sort Paralelo (ForkJoin);true;500;RANDOM;4;4;1106100;1.1061
Insertion Sort Paralelo (ForkJoin);true;500;RANDOM;4;5;797300;0.7973
Insertion Sort Paralelo (ForkJoin);true;500;RANDOM;8;1;975500;0.9755
Insertion Sort Paralelo (ForkJoin);true;500;RANDOM;8;2;758200;0.7582
Insertion Sort Paralelo (ForkJoin);true;500;RANDOM;8;3;969000;0.9690
Insertion Sort Paralelo (ForkJoin);true;500;RANDOM;8;4;1232100;1.2321
Insertion Sort Paralelo (ForkJoin);true;500;RANDOM;8;5;788500;0.7885
Quick Sort Serial;false;500;RANDOM;1;1;56900;0.0569
Quick Sort Serial;false;500;RANDOM;1;2;45200;0.0452
Quick Sort Serial;false;500;RANDOM;1;3;51200;0.0512
Quick Sort Serial;false;500;RANDOM;1;4;39400;0.0394
Quick Sort Serial;false;500;RANDOM;1;5;38800;0.0388
Quick Sort Paralelo (ForkJoin);true;500;RANDOM;2;1;836400;0.8364
Quick Sort Paralelo (ForkJoin);true;500;RANDOM;2;2;766100;0.7661
Quick Sort Paralelo (ForkJoin);true;500;RANDOM;2;3;759900;0.7599
Quick Sort Paralelo (ForkJoin);true;500;RANDOM;2;4;723600;0.7236
Quick Sort Paralelo (ForkJoin);true;500;RANDOM;2;5;718900;0.7189
Quick Sort Paralelo (ForkJoin);true;500;RANDOM;4;1;1184100;1.1841
Quick Sort Paralelo (ForkJoin);true;500;RANDOM;4;2;974100;0.9741
Quick Sort Paralelo (ForkJoin);true;500;RANDOM;4;3;906400;0.9064
Quick Sort Paralelo (ForkJoin);true;500;RANDOM;4;4;782900;0.7829
Quick Sort Paralelo (ForkJoin);true;500;RANDOM;4;5;2003500;2.0035
Quick Sort Paralelo (ForkJoin);true;500;RANDOM;8;1;754700;0.7547
Quick Sort Paralelo (ForkJoin);true;500;RANDOM;8;2;809500;0.8095
Quick Sort Paralelo (ForkJoin);true;500;RANDOM;8;3;889200;0.8892
Quick Sort Paralelo (ForkJoin);true;500;RANDOM;8;4;927000;0.9270
Quick Sort Paralelo (ForkJoin);true;500;RANDOM;8;5;1202100;1.2021
Merge Sort Serial;false;500;RANDOM;1;1;123700;0.1237
Merge Sort Serial;false;500;RANDOM;1;2;110500;0.1105
Merge Sort Serial;false;500;RANDOM;1;3;114600;0.1146
Merge Sort Serial;false;500;RANDOM;1;4;124700;0.1247
Merge Sort Serial;false;500;RANDOM;1;5;127200;0.1272
Merge Sort Paralelo (ForkJoin);true;500;RANDOM;2;1;1013100;1.0131
Merge Sort Paralelo (ForkJoin);true;500;RANDOM;2;2;968200;0.9682
Merge Sort Paralelo (ForkJoin);true;500;RANDOM;2;3;1003800;1.0038
Merge Sort Paralelo (ForkJoin);true;500;RANDOM;2;4;716600;0.7166
Merge Sort Paralelo (ForkJoin);true;500;RANDOM;2;5;1280300;1.2803
Merge Sort Paralelo (ForkJoin);true;500;RANDOM;4;1;1272200;1.2722
Merge Sort Paralelo (ForkJoin);true;500;RANDOM;4;2;736200;0.7362
Merge Sort Paralelo (ForkJoin);true;500;RANDOM;4;3;1060800;1.0608
Merge Sort Paralelo (ForkJoin);true;500;RANDOM;4;4;726000;0.7260
Merge Sort Paralelo (ForkJoin);true;500;RANDOM;4;5;854500;0.8545
Merge Sort Paralelo (ForkJoin);true;500;RANDOM;8;1;775700;0.7757
Merge Sort Paralelo (ForkJoin);true;500;RANDOM;8;2;710700;0.7107
Merge Sort Paralelo (ForkJoin);true;500;RANDOM;8;3;873500;0.8735
Merge Sort Paralelo (ForkJoin);true;500;RANDOM;8;4;856000;0.8560
Merge Sort Paralelo (ForkJoin);true;500;RANDOM;8;5;818000;0.8180
Bubble Sort Serial;false;1000;RANDOM;1;1;1220800;1.2208
Bubble Sort Serial;false;1000;RANDOM;1;2;1062900;1.0629
Bubble Sort Serial;false;1000;RANDOM;1;3;1168100;1.1681
Bubble Sort Serial;false;1000;RANDOM;1;4;1321800;1.3218
Bubble Sort Serial;false;1000;RANDOM;1;5;1081100;1.0811
Bubble Sort Paralelo (Odd-Even);true;1000;RANDOM;2;1;1355000;1.3550
Bubble Sort Paralelo (Odd-Even);true;1000;RANDOM;2;2;1279700;1.2797
Bubble Sort Paralelo (Odd-Even);true;1000;RANDOM;2;3;1540000;1.5400
Bubble Sort Paralelo (Odd-Even);true;1000;RANDOM;2;4;1421800;1.4218
Bubble Sort Paralelo (Odd-Even);true;1000;RANDOM;2;5;1648400;1.6484
Bubble Sort Paralelo (Odd-Even);true;1000;RANDOM;4;1;1842800;1.8428
Bubble Sort Paralelo (Odd-Even);true;1000;RANDOM;4;2;1694800;1.6948
Bubble Sort Paralelo (Odd-Even);true;1000;RANDOM;4;3;1516600;1.5166
Bubble Sort Paralelo (Odd-Even);true;1000;RANDOM;4;4;1467200;1.4672
Bubble Sort Paralelo (Odd-Even);true;1000;RANDOM;4;5;1841300;1.8413
Bubble Sort Paralelo (Odd-Even);true;1000;RANDOM;8;1;2426500;2.4265
Bubble Sort Paralelo (Odd-Even);true;1000;RANDOM;8;2;2598200;2.5982
Bubble Sort Paralelo (Odd-Even);true;1000;RANDOM;8;3;6916300;6.9163
Bubble Sort Paralelo (Odd-Even);true;1000;RANDOM;8;4;21716200;21.7162
Bubble Sort Paralelo (Odd-Even);true;1000;RANDOM;8;5;28086200;28.0862
Insertion Sort Serial;false;1000;RANDOM;1;1;129300;0.1293
Insertion Sort Serial;false;1000;RANDOM;1;2;124600;0.1246
Insertion Sort Serial;false;1000;RANDOM;1;3;123000;0.1230
Insertion Sort Serial;false;1000;RANDOM;1;4;123200;0.1232
Insertion Sort Serial;false;1000;RANDOM;1;5;150700;0.1507
Insertion Sort Paralelo (ForkJoin);true;1000;RANDOM;2;1;1329900;1.3299
Insertion Sort Paralelo (ForkJoin);true;1000;RANDOM;2;2;2516300;2.5163
Insertion Sort Paralelo (ForkJoin);true;1000;RANDOM;2;3;1397000;1.3970
Insertion Sort Paralelo (ForkJoin);true;1000;RANDOM;2;4;1037900;1.0379
Insertion Sort Paralelo (ForkJoin);true;1000;RANDOM;2;5;2044100;2.0441
Insertion Sort Paralelo (ForkJoin);true;1000;RANDOM;4;1;1319000;1.3190
Insertion Sort Paralelo (ForkJoin);true;1000;RANDOM;4;2;1209500;1.2095
Insertion Sort Paralelo (ForkJoin);true;1000;RANDOM;4;3;1112700;1.1127
Insertion Sort Paralelo (ForkJoin);true;1000;RANDOM;4;4;1203400;1.2034
Insertion Sort Paralelo (ForkJoin);true;1000;RANDOM;4;5;1115900;1.1159
Insertion Sort Paralelo (ForkJoin);true;1000;RANDOM;8;1;1527000;1.5270
Insertion Sort Paralelo (ForkJoin);true;1000;RANDOM;8;2;1210400;1.2104
Insertion Sort Paralelo (ForkJoin);true;1000;RANDOM;8;3;1105400;1.1054
Insertion Sort Paralelo (ForkJoin);true;1000;RANDOM;8;4;1469400;1.4694
Insertion Sort Paralelo (ForkJoin);true;1000;RANDOM;8;5;1162200;1.1622
Quick Sort Serial;false;1000;RANDOM;1;1;87400;0.0874
Quick Sort Serial;false;1000;RANDOM;1;2;84000;0.0840
Quick Sort Serial;false;1000;RANDOM;1;3;96200;0.0962
Quick Sort Serial;false;1000;RANDOM;1;4;81400;0.0814
Quick Sort Serial;false;1000;RANDOM;1;5;83400;0.0834
Quick Sort Paralelo (ForkJoin);true;1000;RANDOM;2;1;1055900;1.0559
Quick Sort Paralelo (ForkJoin);true;1000;RANDOM;2;2;976300;0.9763
Quick Sort Paralelo (ForkJoin);true;1000;RANDOM;2;3;886100;0.8861
Quick Sort Paralelo (ForkJoin);true;1000;RANDOM;2;4;920500;0.9205
Quick Sort Paralelo (ForkJoin);true;1000;RANDOM;2;5;1036500;1.0365
Quick Sort Paralelo (ForkJoin);true;1000;RANDOM;4;1;1189000;1.1890
Quick Sort Paralelo (ForkJoin);true;1000;RANDOM;4;2;1717700;1.7177
Quick Sort Paralelo (ForkJoin);true;1000;RANDOM;4;3;852200;0.8522
Quick Sort Paralelo (ForkJoin);true;1000;RANDOM;4;4;1015100;1.0151
Quick Sort Paralelo (ForkJoin);true;1000;RANDOM;4;5;762200;0.7622
Quick Sort Paralelo (ForkJoin);true;1000;RANDOM;8;1;869400;0.8694
Quick Sort Paralelo (ForkJoin);true;1000;RANDOM;8;2;840100;0.8401
Quick Sort Paralelo (ForkJoin);true;1000;RANDOM;8;3;1018800;1.0188
Quick Sort Paralelo (ForkJoin);true;1000;RANDOM;8;4;883400;0.8834
Quick Sort Paralelo (ForkJoin);true;1000;RANDOM;8;5;1841300;1.8413
Merge Sort Serial;false;1000;RANDOM;1;1;250800;0.2508
Merge Sort Serial;false;1000;RANDOM;1;2;194600;0.1946
Merge Sort Serial;false;1000;RANDOM;1;3;245300;0.2453
Merge Sort Serial;false;1000;RANDOM;1;4;188000;0.1880
Merge Sort Serial;false;1000;RANDOM;1;5;229700;0.2297
Merge Sort Paralelo (ForkJoin);true;1000;RANDOM;2;1;1048500;1.0485
Merge Sort Paralelo (ForkJoin);true;1000;RANDOM;2;2;927500;0.9275
Merge Sort Paralelo (ForkJoin);true;1000;RANDOM;2;3;1000400;1.0004
Merge Sort Paralelo (ForkJoin);true;1000;RANDOM;2;4;1197500;1.1975
Merge Sort Paralelo (ForkJoin);true;1000;RANDOM;2;5;920800;0.9208
Merge Sort Paralelo (ForkJoin);true;1000;RANDOM;4;1;1031100;1.0311
Merge Sort Paralelo (ForkJoin);true;1000;RANDOM;4;2;869600;0.8696
Merge Sort Paralelo (ForkJoin);true;1000;RANDOM;4;3;868400;0.8684
Merge Sort Paralelo (ForkJoin);true;1000;RANDOM;4;4;1024300;1.0243
Merge Sort Paralelo (ForkJoin);true;1000;RANDOM;4;5;895100;0.8951
Merge Sort Paralelo (ForkJoin);true;1000;RANDOM;8;1;977300;0.9773
Merge Sort Paralelo (ForkJoin);true;1000;RANDOM;8;2;1574500;1.5745
Merge Sort Paralelo (ForkJoin);true;1000;RANDOM;8;3;1104000;1.1040
Merge Sort Paralelo (ForkJoin);true;1000;RANDOM;8;4;945700;0.9457
Merge Sort Paralelo (ForkJoin);true;1000;RANDOM;8;5;987000;0.9870
Bubble Sort Serial;false;2500;RANDOM;1;1;5768400;5.7684
Bubble Sort Serial;false;2500;RANDOM;1;2;6270100;6.2701
Bubble Sort Serial;false;2500;RANDOM;1;3;5724400;5.7244
Bubble Sort Serial;false;2500;RANDOM;1;4;5849600;5.8496
Bubble Sort Serial;false;2500;RANDOM;1;5;6615900;6.6159
Bubble Sort Paralelo (Odd-Even);true;2500;RANDOM;2;1;4638200;4.6382
Bubble Sort Paralelo (Odd-Even);true;2500;RANDOM;2;2;3996800;3.9968
Bubble Sort Paralelo (Odd-Even);true;2500;RANDOM;2;3;4574400;4.5744
Bubble Sort Paralelo (Odd-Even);true;2500;RANDOM;2;4;5920100;5.9201
Bubble Sort Paralelo (Odd-Even);true;2500;RANDOM;2;5;3674800;3.6748
Bubble Sort Paralelo (Odd-Even);true;2500;RANDOM;4;1;3247400;3.2474
Bubble Sort Paralelo (Odd-Even);true;2500;RANDOM;4;2;3302800;3.3028
Bubble Sort Paralelo (Odd-Even);true;2500;RANDOM;4;3;3334400;3.3344
Bubble Sort Paralelo (Odd-Even);true;2500;RANDOM;4;4;5186600;5.1866
Bubble Sort Paralelo (Odd-Even);true;2500;RANDOM;4;5;4277600;4.2776
Bubble Sort Paralelo (Odd-Even);true;2500;RANDOM;8;1;33150700;33.1507
Bubble Sort Paralelo (Odd-Even);true;2500;RANDOM;8;2;20179700;20.1797
Bubble Sort Paralelo (Odd-Even);true;2500;RANDOM;8;3;10243800;10.2438
Bubble Sort Paralelo (Odd-Even);true;2500;RANDOM;8;4;7947500;7.9475
Bubble Sort Paralelo (Odd-Even);true;2500;RANDOM;8;5;22113400;22.1134
Insertion Sort Serial;false;2500;RANDOM;1;1;1158700;1.1587
Insertion Sort Serial;false;2500;RANDOM;1;2;684800;0.6848
Insertion Sort Serial;false;2500;RANDOM;1;3;679500;0.6795
Insertion Sort Serial;false;2500;RANDOM;1;4;1185700;1.1857
Insertion Sort Serial;false;2500;RANDOM;1;5;721200;0.7212
Insertion Sort Paralelo (ForkJoin);true;2500;RANDOM;2;1;1569900;1.5699
Insertion Sort Paralelo (ForkJoin);true;2500;RANDOM;2;2;1865900;1.8659
Insertion Sort Paralelo (ForkJoin);true;2500;RANDOM;2;3;2276200;2.2762
Insertion Sort Paralelo (ForkJoin);true;2500;RANDOM;2;4;1752900;1.7529
Insertion Sort Paralelo (ForkJoin);true;2500;RANDOM;2;5;2581400;2.5814
Insertion Sort Paralelo (ForkJoin);true;2500;RANDOM;4;1;1829200;1.8292
Insertion Sort Paralelo (ForkJoin);true;2500;RANDOM;4;2;2086700;2.0867
Insertion Sort Paralelo (ForkJoin);true;2500;RANDOM;4;3;1665700;1.6657
Insertion Sort Paralelo (ForkJoin);true;2500;RANDOM;4;4;2063600;2.0636
Insertion Sort Paralelo (ForkJoin);true;2500;RANDOM;4;5;1383400;1.3834
Insertion Sort Paralelo (ForkJoin);true;2500;RANDOM;8;1;1492200;1.4922
Insertion Sort Paralelo (ForkJoin);true;2500;RANDOM;8;2;3095200;3.0952
Insertion Sort Paralelo (ForkJoin);true;2500;RANDOM;8;3;2266000;2.2660
Insertion Sort Paralelo (ForkJoin);true;2500;RANDOM;8;4;1854700;1.8547
Insertion Sort Paralelo (ForkJoin);true;2500;RANDOM;8;5;2142900;2.1429
Quick Sort Serial;false;2500;RANDOM;1;1;272900;0.2729
Quick Sort Serial;false;2500;RANDOM;1;2;246100;0.2461
Quick Sort Serial;false;2500;RANDOM;1;3;218000;0.2180
Quick Sort Serial;false;2500;RANDOM;1;4;213000;0.2130
Quick Sort Serial;false;2500;RANDOM;1;5;241600;0.2416
Quick Sort Paralelo (ForkJoin);true;2500;RANDOM;2;1;1362900;1.3629
Quick Sort Paralelo (ForkJoin);true;2500;RANDOM;2;2;1045400;1.0454
Quick Sort Paralelo (ForkJoin);true;2500;RANDOM;2;3;1175700;1.1757
Quick Sort Paralelo (ForkJoin);true;2500;RANDOM;2;4;1273500;1.2735
Quick Sort Paralelo (ForkJoin);true;2500;RANDOM;2;5;1336900;1.3369
Quick Sort Paralelo (ForkJoin);true;2500;RANDOM;4;1;1589300;1.5893
Quick Sort Paralelo (ForkJoin);true;2500;RANDOM;4;2;1442200;1.4422
Quick Sort Paralelo (ForkJoin);true;2500;RANDOM;4;3;1310300;1.3103
Quick Sort Paralelo (ForkJoin);true;2500;RANDOM;4;4;1790000;1.7900
Quick Sort Paralelo (ForkJoin);true;2500;RANDOM;4;5;1344800;1.3448
Quick Sort Paralelo (ForkJoin);true;2500;RANDOM;8;1;1353500;1.3535
Quick Sort Paralelo (ForkJoin);true;2500;RANDOM;8;2;1663000;1.6630
Quick Sort Paralelo (ForkJoin);true;2500;RANDOM;8;3;1219600;1.2196
Quick Sort Paralelo (ForkJoin);true;2500;RANDOM;8;4;1136500;1.1365
Quick Sort Paralelo (ForkJoin);true;2500;RANDOM;8;5;1680900;1.6809
Merge Sort Serial;false;2500;RANDOM;1;1;627600;0.6276
Merge Sort Serial;false;2500;RANDOM;1;2;723900;0.7239
Merge Sort Serial;false;2500;RANDOM;1;3;457600;0.4576
Merge Sort Serial;false;2500;RANDOM;1;4;491900;0.4919
Merge Sort Serial;false;2500;RANDOM;1;5;573700;0.5737
Merge Sort Paralelo (ForkJoin);true;2500;RANDOM;2;1;1816600;1.8166
Merge Sort Paralelo (ForkJoin);true;2500;RANDOM;2;2;1322600;1.3226
Merge Sort Paralelo (ForkJoin);true;2500;RANDOM;2;3;1964300;1.9643
Merge Sort Paralelo (ForkJoin);true;2500;RANDOM;2;4;1163200;1.1632
Merge Sort Paralelo (ForkJoin);true;2500;RANDOM;2;5;1505100;1.5051
Merge Sort Paralelo (ForkJoin);true;2500;RANDOM;4;1;1342300;1.3423
Merge Sort Paralelo (ForkJoin);true;2500;RANDOM;4;2;1382500;1.3825
Merge Sort Paralelo (ForkJoin);true;2500;RANDOM;4;3;1435800;1.4358
Merge Sort Paralelo (ForkJoin);true;2500;RANDOM;4;4;2160200;2.1602
Merge Sort Paralelo (ForkJoin);true;2500;RANDOM;4;5;1268600;1.2686
Merge Sort Paralelo (ForkJoin);true;2500;RANDOM;8;1;1224500;1.2245
Merge Sort Paralelo (ForkJoin);true;2500;RANDOM;8;2;1222400;1.2224
Merge Sort Paralelo (ForkJoin);true;2500;RANDOM;8;3;1437000;1.4370
Merge Sort Paralelo (ForkJoin);true;2500;RANDOM;8;4;1438000;1.4380
Merge Sort Paralelo (ForkJoin);true;2500;RANDOM;8;5;1499100;1.4991
Bubble Sort Serial;false;5000;RANDOM;1;1;25694300;25.6943
Bubble Sort Serial;false;5000;RANDOM;1;2;24403300;24.4033
Bubble Sort Serial;false;5000;RANDOM;1;3;22971900;22.9719
Bubble Sort Serial;false;5000;RANDOM;1;4;23265900;23.2659
Bubble Sort Serial;false;5000;RANDOM;1;5;26370000;26.3700
Bubble Sort Paralelo (Odd-Even);true;5000;RANDOM;2;1;13374900;13.3749
Bubble Sort Paralelo (Odd-Even);true;5000;RANDOM;2;2;9650400;9.6504
Bubble Sort Paralelo (Odd-Even);true;5000;RANDOM;2;3;11299500;11.2995
Bubble Sort Paralelo (Odd-Even);true;5000;RANDOM;2;4;11790900;11.7909
Bubble Sort Paralelo (Odd-Even);true;5000;RANDOM;2;5;11894400;11.8944
Bubble Sort Paralelo (Odd-Even);true;5000;RANDOM;4;1;11052000;11.0520
Bubble Sort Paralelo (Odd-Even);true;5000;RANDOM;4;2;14448500;14.4485
Bubble Sort Paralelo (Odd-Even);true;5000;RANDOM;4;3;9574500;9.5745
Bubble Sort Paralelo (Odd-Even);true;5000;RANDOM;4;4;11647900;11.6479
Bubble Sort Paralelo (Odd-Even);true;5000;RANDOM;4;5;9099900;9.0999
Bubble Sort Paralelo (Odd-Even);true;5000;RANDOM;8;1;110155900;110.1559
Bubble Sort Paralelo (Odd-Even);true;5000;RANDOM;8;2;31007200;31.0072
Bubble Sort Paralelo (Odd-Even);true;5000;RANDOM;8;3;12198600;12.1986
Bubble Sort Paralelo (Odd-Even);true;5000;RANDOM;8;4;53337100;53.3371
Bubble Sort Paralelo (Odd-Even);true;5000;RANDOM;8;5;24944600;24.9446
Insertion Sort Serial;false;5000;RANDOM;1;1;3662400;3.6624
Insertion Sort Serial;false;5000;RANDOM;1;2;3454000;3.4540
Insertion Sort Serial;false;5000;RANDOM;1;3;3294500;3.2945
Insertion Sort Serial;false;5000;RANDOM;1;4;2775800;2.7758
Insertion Sort Serial;false;5000;RANDOM;1;5;2772100;2.7721
Insertion Sort Paralelo (ForkJoin);true;5000;RANDOM;2;1;5181600;5.1816
Insertion Sort Paralelo (ForkJoin);true;5000;RANDOM;2;2;3891300;3.8913
Insertion Sort Paralelo (ForkJoin);true;5000;RANDOM;2;3;3040200;3.0402
Insertion Sort Paralelo (ForkJoin);true;5000;RANDOM;2;4;3484700;3.4847
Insertion Sort Paralelo (ForkJoin);true;5000;RANDOM;2;5;3108300;3.1083
Insertion Sort Paralelo (ForkJoin);true;5000;RANDOM;4;1;2525200;2.5252
Insertion Sort Paralelo (ForkJoin);true;5000;RANDOM;4;2;1888400;1.8884
Insertion Sort Paralelo (ForkJoin);true;5000;RANDOM;4;3;1939600;1.9396
Insertion Sort Paralelo (ForkJoin);true;5000;RANDOM;4;4;2054800;2.0548
Insertion Sort Paralelo (ForkJoin);true;5000;RANDOM;4;5;1937500;1.9375
Insertion Sort Paralelo (ForkJoin);true;5000;RANDOM;8;1;2413900;2.4139
Insertion Sort Paralelo (ForkJoin);true;5000;RANDOM;8;2;2085200;2.0852
Insertion Sort Paralelo (ForkJoin);true;5000;RANDOM;8;3;1863800;1.8638
Insertion Sort Paralelo (ForkJoin);true;5000;RANDOM;8;4;2378300;2.3783
Insertion Sort Paralelo (ForkJoin);true;5000;RANDOM;8;5;2801100;2.8011
Quick Sort Serial;false;5000;RANDOM;1;1;551900;0.5519
Quick Sort Serial;false;5000;RANDOM;1;2;465100;0.4651
Quick Sort Serial;false;5000;RANDOM;1;3;547700;0.5477
Quick Sort Serial;false;5000;RANDOM;1;4;446700;0.4467
Quick Sort Serial;false;5000;RANDOM;1;5;444000;0.4440
Quick Sort Paralelo (ForkJoin);true;5000;RANDOM;2;1;1341400;1.3414
Quick Sort Paralelo (ForkJoin);true;5000;RANDOM;2;2;1168400;1.1684
Quick Sort Paralelo (ForkJoin);true;5000;RANDOM;2;3;1212000;1.2120
Quick Sort Paralelo (ForkJoin);true;5000;RANDOM;2;4;1778500;1.7785
Quick Sort Paralelo (ForkJoin);true;5000;RANDOM;2;5;1733800;1.7338
Quick Sort Paralelo (ForkJoin);true;5000;RANDOM;4;1;1495400;1.4954
Quick Sort Paralelo (ForkJoin);true;5000;RANDOM;4;2;2522400;2.5224
Quick Sort Paralelo (ForkJoin);true;5000;RANDOM;4;3;2382600;2.3826
Quick Sort Paralelo (ForkJoin);true;5000;RANDOM;4;4;1853400;1.8534
Quick Sort Paralelo (ForkJoin);true;5000;RANDOM;4;5;1454000;1.4540
Quick Sort Paralelo (ForkJoin);true;5000;RANDOM;8;1;2714800;2.7148
Quick Sort Paralelo (ForkJoin);true;5000;RANDOM;8;2;1379300;1.3793
Quick Sort Paralelo (ForkJoin);true;5000;RANDOM;8;3;1345900;1.3459
Quick Sort Paralelo (ForkJoin);true;5000;RANDOM;8;4;1412000;1.4120
Quick Sort Paralelo (ForkJoin);true;5000;RANDOM;8;5;1362700;1.3627
Merge Sort Serial;false;5000;RANDOM;1;1;1034000;1.0340
Merge Sort Serial;false;5000;RANDOM;1;2;945900;0.9459
Merge Sort Serial;false;5000;RANDOM;1;3;1233400;1.2334
Merge Sort Serial;false;5000;RANDOM;1;4;980800;0.9808
Merge Sort Serial;false;5000;RANDOM;1;5;1434100;1.4341
Merge Sort Paralelo (ForkJoin);true;5000;RANDOM;2;1;1555600;1.5556
Merge Sort Paralelo (ForkJoin);true;5000;RANDOM;2;2;1760900;1.7609
Merge Sort Paralelo (ForkJoin);true;5000;RANDOM;2;3;1459200;1.4592
Merge Sort Paralelo (ForkJoin);true;5000;RANDOM;2;4;1748300;1.7483
Merge Sort Paralelo (ForkJoin);true;5000;RANDOM;2;5;2602500;2.6025
Merge Sort Paralelo (ForkJoin);true;5000;RANDOM;4;1;1832800;1.8328
Merge Sort Paralelo (ForkJoin);true;5000;RANDOM;4;2;1615200;1.6152
Merge Sort Paralelo (ForkJoin);true;5000;RANDOM;4;3;1611800;1.6118
Merge Sort Paralelo (ForkJoin);true;5000;RANDOM;4;4;3045600;3.0456
Merge Sort Paralelo (ForkJoin);true;5000;RANDOM;4;5;1520300;1.5203
Merge Sort Paralelo (ForkJoin);true;5000;RANDOM;8;1;1808600;1.8086
Merge Sort Paralelo (ForkJoin);true;5000;RANDOM;8;2;2234800;2.2348
Merge Sort Paralelo (ForkJoin);true;5000;RANDOM;8;3;1898800;1.8988
Merge Sort Paralelo (ForkJoin);true;5000;RANDOM;8;4;1951200;1.9512
Merge Sort Paralelo (ForkJoin);true;5000;RANDOM;8;5;2360900;2.3609
Bubble Sort Serial;false;100;NEARLY_SORTED;1;1;13900;0.0139
Bubble Sort Serial;false;100;NEARLY_SORTED;1;2;11200;0.0112
Bubble Sort Serial;false;100;NEARLY_SORTED;1;3;10700;0.0107
Bubble Sort Serial;false;100;NEARLY_SORTED;1;4;11300;0.0113
Bubble Sort Serial;false;100;NEARLY_SORTED;1;5;15900;0.0159
Bubble Sort Paralelo (Odd-Even);true;100;NEARLY_SORTED;2;1;915400;0.9154
Bubble Sort Paralelo (Odd-Even);true;100;NEARLY_SORTED;2;2;678200;0.6782
Bubble Sort Paralelo (Odd-Even);true;100;NEARLY_SORTED;2;3;689100;0.6891
Bubble Sort Paralelo (Odd-Even);true;100;NEARLY_SORTED;2;4;661900;0.6619
Bubble Sort Paralelo (Odd-Even);true;100;NEARLY_SORTED;2;5;639100;0.6391
Bubble Sort Paralelo (Odd-Even);true;100;NEARLY_SORTED;4;1;1160500;1.1605
Bubble Sort Paralelo (Odd-Even);true;100;NEARLY_SORTED;4;2;1073600;1.0736
Bubble Sort Paralelo (Odd-Even);true;100;NEARLY_SORTED;4;3;1267200;1.2672
Bubble Sort Paralelo (Odd-Even);true;100;NEARLY_SORTED;4;4;6412300;6.4123
Bubble Sort Paralelo (Odd-Even);true;100;NEARLY_SORTED;4;5;2321600;2.3216
Bubble Sort Paralelo (Odd-Even);true;100;NEARLY_SORTED;8;1;5209000;5.2090
Bubble Sort Paralelo (Odd-Even);true;100;NEARLY_SORTED;8;2;5308900;5.3089
Bubble Sort Paralelo (Odd-Even);true;100;NEARLY_SORTED;8;3;4407600;4.4076
Bubble Sort Paralelo (Odd-Even);true;100;NEARLY_SORTED;8;4;5094100;5.0941
Bubble Sort Paralelo (Odd-Even);true;100;NEARLY_SORTED;8;5;4174700;4.1747
Insertion Sort Serial;false;100;NEARLY_SORTED;1;1;7600;0.0076
Insertion Sort Serial;false;100;NEARLY_SORTED;1;2;6100;0.0061
Insertion Sort Serial;false;100;NEARLY_SORTED;1;3;6300;0.0063
Insertion Sort Serial;false;100;NEARLY_SORTED;1;4;7300;0.0073
Insertion Sort Serial;false;100;NEARLY_SORTED;1;5;6700;0.0067
Insertion Sort Paralelo (ForkJoin);true;100;NEARLY_SORTED;2;1;725300;0.7253
Insertion Sort Paralelo (ForkJoin);true;100;NEARLY_SORTED;2;2;1154400;1.1544
Insertion Sort Paralelo (ForkJoin);true;100;NEARLY_SORTED;2;3;776000;0.7760
Insertion Sort Paralelo (ForkJoin);true;100;NEARLY_SORTED;2;4;724200;0.7242
Insertion Sort Paralelo (ForkJoin);true;100;NEARLY_SORTED;2;5;1084700;1.0847
Insertion Sort Paralelo (ForkJoin);true;100;NEARLY_SORTED;4;1;1062500;1.0625
Insertion Sort Paralelo (ForkJoin);true;100;NEARLY_SORTED;4;2;685600;0.6856
Insertion Sort Paralelo (ForkJoin);true;100;NEARLY_SORTED;4;3;951700;0.9517
Insertion Sort Paralelo (ForkJoin);true;100;NEARLY_SORTED;4;4;815000;0.8150
Insertion Sort Paralelo (ForkJoin);true;100;NEARLY_SORTED;4;5;729000;0.7290
Insertion Sort Paralelo (ForkJoin);true;100;NEARLY_SORTED;8;1;684000;0.6840
Insertion Sort Paralelo (ForkJoin);true;100;NEARLY_SORTED;8;2;792800;0.7928
Insertion Sort Paralelo (ForkJoin);true;100;NEARLY_SORTED;8;3;734800;0.7348
Insertion Sort Paralelo (ForkJoin);true;100;NEARLY_SORTED;8;4;641800;0.6418
Insertion Sort Paralelo (ForkJoin);true;100;NEARLY_SORTED;8;5;796800;0.7968
Quick Sort Serial;false;100;NEARLY_SORTED;1;1;14000;0.0140
Quick Sort Serial;false;100;NEARLY_SORTED;1;2;54300;0.0543
Quick Sort Serial;false;100;NEARLY_SORTED;1;3;13100;0.0131
Quick Sort Serial;false;100;NEARLY_SORTED;1;4;16200;0.0162
Quick Sort Serial;false;100;NEARLY_SORTED;1;5;14500;0.0145
Quick Sort Paralelo (ForkJoin);true;100;NEARLY_SORTED;2;1;881900;0.8819
Quick Sort Paralelo (ForkJoin);true;100;NEARLY_SORTED;2;2;797500;0.7975
Quick Sort Paralelo (ForkJoin);true;100;NEARLY_SORTED;2;3;847500;0.8475
Quick Sort Paralelo (ForkJoin);true;100;NEARLY_SORTED;2;4;751500;0.7515
Quick Sort Paralelo (ForkJoin);true;100;NEARLY_SORTED;2;5;1185100;1.1851
Quick Sort Paralelo (ForkJoin);true;100;NEARLY_SORTED;4;1;761000;0.7610
Quick Sort Paralelo (ForkJoin);true;100;NEARLY_SORTED;4;2;978000;0.9780
Quick Sort Paralelo (ForkJoin);true;100;NEARLY_SORTED;4;3;792900;0.7929
Quick Sort Paralelo (ForkJoin);true;100;NEARLY_SORTED;4;4;661200;0.6612
Quick Sort Paralelo (ForkJoin);true;100;NEARLY_SORTED;4;5;1335200;1.3352
Quick Sort Paralelo (ForkJoin);true;100;NEARLY_SORTED;8;1;879500;0.8795
Quick Sort Paralelo (ForkJoin);true;100;NEARLY_SORTED;8;2;875200;0.8752
Quick Sort Paralelo (ForkJoin);true;100;NEARLY_SORTED;8;3;1057800;1.0578
Quick Sort Paralelo (ForkJoin);true;100;NEARLY_SORTED;8;4;709000;0.7090
Quick Sort Paralelo (ForkJoin);true;100;NEARLY_SORTED;8;5;689400;0.6894
Merge Sort Serial;false;100;NEARLY_SORTED;1;1;52100;0.0521
Merge Sort Serial;false;100;NEARLY_SORTED;1;2;34100;0.0341
Merge Sort Serial;false;100;NEARLY_SORTED;1;3;43600;0.0436
Merge Sort Serial;false;100;NEARLY_SORTED;1;4;42200;0.0422
Merge Sort Serial;false;100;NEARLY_SORTED;1;5;36900;0.0369
Merge Sort Paralelo (ForkJoin);true;100;NEARLY_SORTED;2;1;734800;0.7348
Merge Sort Paralelo (ForkJoin);true;100;NEARLY_SORTED;2;2;712900;0.7129
Merge Sort Paralelo (ForkJoin);true;100;NEARLY_SORTED;2;3;766000;0.7660
Merge Sort Paralelo (ForkJoin);true;100;NEARLY_SORTED;2;4;1079700;1.0797
Merge Sort Paralelo (ForkJoin);true;100;NEARLY_SORTED;2;5;1104000;1.1040
Merge Sort Paralelo (ForkJoin);true;100;NEARLY_SORTED;4;1;787400;0.7874
Merge Sort Paralelo (ForkJoin);true;100;NEARLY_SORTED;4;2;832800;0.8328
Merge Sort Paralelo (ForkJoin);true;100;NEARLY_SORTED;4;3;756100;0.7561
Merge Sort Paralelo (ForkJoin);true;100;NEARLY_SORTED;4;4;755100;0.7551
Merge Sort Paralelo (ForkJoin);true;100;NEARLY_SORTED;4;5;1122200;1.1222
Merge Sort Paralelo (ForkJoin);true;100;NEARLY_SORTED;8;1;1238700;1.2387
Merge Sort Paralelo (ForkJoin);true;100;NEARLY_SORTED;8;2;771500;0.7715
Merge Sort Paralelo (ForkJoin);true;100;NEARLY_SORTED;8;3;772000;0.7720
Merge Sort Paralelo (ForkJoin);true;100;NEARLY_SORTED;8;4;786800;0.7868
Merge Sort Paralelo (ForkJoin);true;100;NEARLY_SORTED;8;5;758800;0.7588
Bubble Sort Serial;false;500;NEARLY_SORTED;1;1;90600;0.0906
Bubble Sort Serial;false;500;NEARLY_SORTED;1;2;219300;0.2193
Bubble Sort Serial;false;500;NEARLY_SORTED;1;3;113000;0.1130
Bubble Sort Serial;false;500;NEARLY_SORTED;1;4;115300;0.1153
Bubble Sort Serial;false;500;NEARLY_SORTED;1;5;133800;0.1338
Bubble Sort Paralelo (Odd-Even);true;500;NEARLY_SORTED;2;1;915400;0.9154
Bubble Sort Paralelo (Odd-Even);true;500;NEARLY_SORTED;2;2;1148000;1.1480
Bubble Sort Paralelo (Odd-Even);true;500;NEARLY_SORTED;2;3;1012600;1.0126
Bubble Sort Paralelo (Odd-Even);true;500;NEARLY_SORTED;2;4;34163600;34.1636
Bubble Sort Paralelo (Odd-Even);true;500;NEARLY_SORTED;2;5;41517800;41.5178
Bubble Sort Paralelo (Odd-Even);true;500;NEARLY_SORTED;4;1;38444900;38.4449
Bubble Sort Paralelo (Odd-Even);true;500;NEARLY_SORTED;4;2;1337300;1.3373
Bubble Sort Paralelo (Odd-Even);true;500;NEARLY_SORTED;4;3;3763300;3.7633
Bubble Sort Paralelo (Odd-Even);true;500;NEARLY_SORTED;4;4;1631900;1.6319
Bubble Sort Paralelo (Odd-Even);true;500;NEARLY_SORTED;4;5;5188000;5.1880
Bubble Sort Paralelo (Odd-Even);true;500;NEARLY_SORTED;8;1;4851300;4.8513
Bubble Sort Paralelo (Odd-Even);true;500;NEARLY_SORTED;8;2;11895200;11.8952
Bubble Sort Paralelo (Odd-Even);true;500;NEARLY_SORTED;8;3;22383000;22.3830
Bubble Sort Paralelo (Odd-Even);true;500;NEARLY_SORTED;8;4;2190800;2.1908
Bubble Sort Paralelo (Odd-Even);true;500;NEARLY_SORTED;8;5;2093200;2.0932
Insertion Sort Serial;false;500;NEARLY_SORTED;1;1;17200;0.0172
Insertion Sort Serial;false;500;NEARLY_SORTED;1;2;15200;0.0152
Insertion Sort Serial;false;500;NEARLY_SORTED;1;3;14200;0.0142
Insertion Sort Serial;false;500;NEARLY_SORTED;1;4;14000;0.0140
Insertion Sort Serial;false;500;NEARLY_SORTED;1;5;17400;0.0174
Insertion Sort Paralelo (ForkJoin);true;500;NEARLY_SORTED;2;1;987900;0.9879
Insertion Sort Paralelo (ForkJoin);true;500;NEARLY_SORTED;2;2;692900;0.6929
Insertion Sort Paralelo (ForkJoin);true;500;NEARLY_SORTED;2;3;882900;0.8829
Insertion Sort Paralelo (ForkJoin);true;500;NEARLY_SORTED;2;4;963100;0.9631
Insertion Sort Paralelo (ForkJoin);true;500;NEARLY_SORTED;2;5;787300;0.7873
Insertion Sort Paralelo (ForkJoin);true;500;NEARLY_SORTED;4;1;769200;0.7692
Insertion Sort Paralelo (ForkJoin);true;500;NEARLY_SORTED;4;2;666500;0.6665
Insertion Sort Paralelo (ForkJoin);true;500;NEARLY_SORTED;4;3;1400600;1.4006
Insertion Sort Paralelo (ForkJoin);true;500;NEARLY_SORTED;4;4;1731000;1.7310
Insertion Sort Paralelo (ForkJoin);true;500;NEARLY_SORTED;4;5;834200;0.8342
Insertion Sort Paralelo (ForkJoin);true;500;NEARLY_SORTED;8;1;767600;0.7676
Insertion Sort Paralelo (ForkJoin);true;500;NEARLY_SORTED;8;2;935900;0.9359
Insertion Sort Paralelo (ForkJoin);true;500;NEARLY_SORTED;8;3;812500;0.8125
Insertion Sort Paralelo (ForkJoin);true;500;NEARLY_SORTED;8;4;905500;0.9055
Insertion Sort Paralelo (ForkJoin);true;500;NEARLY_SORTED;8;5;637800;0.6378
Quick Sort Serial;false;500;NEARLY_SORTED;1;1;32300;0.0323
Quick Sort Serial;false;500;NEARLY_SORTED;1;2;43600;0.0436
Quick Sort Serial;false;500;NEARLY_SORTED;1;3;33700;0.0337
Quick Sort Serial;false;500;NEARLY_SORTED;1;4;29800;0.0298
Quick Sort Serial;false;500;NEARLY_SORTED;1;5;32500;0.0325
Quick Sort Paralelo (ForkJoin);true;500;NEARLY_SORTED;2;1;1391200;1.3912
Quick Sort Paralelo (ForkJoin);true;500;NEARLY_SORTED;2;2;854100;0.8541
Quick Sort Paralelo (ForkJoin);true;500;NEARLY_SORTED;2;3;929400;0.9294
Quick Sort Paralelo (ForkJoin);true;500;NEARLY_SORTED;2;4;7529500;7.5295
Quick Sort Paralelo (ForkJoin);true;500;NEARLY_SORTED;2;5;828300;0.8283
Quick Sort Paralelo (ForkJoin);true;500;NEARLY_SORTED;4;1;746500;0.7465
Quick Sort Paralelo (ForkJoin);true;500;NEARLY_SORTED;4;2;746800;0.7468
Quick Sort Paralelo (ForkJoin);true;500;NEARLY_SORTED;4;3;1170900;1.1709
Quick Sort Paralelo (ForkJoin);true;500;NEARLY_SORTED;4;4;929200;0.9292
Quick Sort Paralelo (ForkJoin);true;500;NEARLY_SORTED;4;5;804100;0.8041
Quick Sort Paralelo (ForkJoin);true;500;NEARLY_SORTED;8;1;721400;0.7214
Quick Sort Paralelo (ForkJoin);true;500;NEARLY_SORTED;8;2;682400;0.6824
Quick Sort Paralelo (ForkJoin);true;500;NEARLY_SORTED;8;3;769100;0.7691
Quick Sort Paralelo (ForkJoin);true;500;NEARLY_SORTED;8;4;796400;0.7964
Quick Sort Paralelo (ForkJoin);true;500;NEARLY_SORTED;8;5;1266300;1.2663
Merge Sort Serial;false;500;NEARLY_SORTED;1;1;81100;0.0811
Merge Sort Serial;false;500;NEARLY_SORTED;1;2;106800;0.1068
Merge Sort Serial;false;500;NEARLY_SORTED;1;3;111700;0.1117
Merge Sort Serial;false;500;NEARLY_SORTED;1;4;86300;0.0863
Merge Sort Serial;false;500;NEARLY_SORTED;1;5;113600;0.1136
Merge Sort Paralelo (ForkJoin);true;500;NEARLY_SORTED;2;1;936900;0.9369
Merge Sort Paralelo (ForkJoin);true;500;NEARLY_SORTED;2;2;782400;0.7824
Merge Sort Paralelo (ForkJoin);true;500;NEARLY_SORTED;2;3;835700;0.8357
Merge Sort Paralelo (ForkJoin);true;500;NEARLY_SORTED;2;4;746100;0.7461
Merge Sort Paralelo (ForkJoin);true;500;NEARLY_SORTED;2;5;1457200;1.4572
Merge Sort Paralelo (ForkJoin);true;500;NEARLY_SORTED;4;1;729800;0.7298
Merge Sort Paralelo (ForkJoin);true;500;NEARLY_SORTED;4;2;753800;0.7538
Merge Sort Paralelo (ForkJoin);true;500;NEARLY_SORTED;4;3;668200;0.6682
Merge Sort Paralelo (ForkJoin);true;500;NEARLY_SORTED;4;4;703100;0.7031
Merge Sort Paralelo (ForkJoin);true;500;NEARLY_SORTED;4;5;1170700;1.1707
Merge Sort Paralelo (ForkJoin);true;500;NEARLY_SORTED;8;1;880200;0.8802
Merge Sort Paralelo (ForkJoin);true;500;NEARLY_SORTED;8;2;757400;0.7574
Merge Sort Paralelo (ForkJoin);true;500;NEARLY_SORTED;8;3;738200;0.7382
Merge Sort Paralelo (ForkJoin);true;500;NEARLY_SORTED;8;4;1065900;1.0659
Merge Sort Paralelo (ForkJoin);true;500;NEARLY_SORTED;8;5;861400;0.8614
Bubble Sort Serial;false;1000;NEARLY_SORTED;1;1;703400;0.7034
Bubble Sort Serial;false;1000;NEARLY_SORTED;1;2;417500;0.4175
Bubble Sort Serial;false;1000;NEARLY_SORTED;1;3;392400;0.3924
Bubble Sort Serial;false;1000;NEARLY_SORTED;1;4;538400;0.5384
Bubble Sort Serial;false;1000;NEARLY_SORTED;1;5;389200;0.3892
Bubble Sort Paralelo (Odd-Even);true;1000;NEARLY_SORTED;2;1;1210000;1.2100
Bubble Sort Paralelo (Odd-Even);true;1000;NEARLY_SORTED;2;2;1129700;1.1297
Bubble Sort Paralelo (Odd-Even);true;1000;NEARLY_SORTED;2;3;1412800;1.4128
Bubble Sort Paralelo (Odd-Even);true;1000;NEARLY_SORTED;2;4;1197100;1.1971
Bubble Sort Paralelo (Odd-Even);true;1000;NEARLY_SORTED;2;5;1426200;1.4262
Bubble Sort Paralelo (Odd-Even);true;1000;NEARLY_SORTED;4;1;1557000;1.5570
Bubble Sort Paralelo (Odd-Even);true;1000;NEARLY_SORTED;4;2;1583100;1.5831
Bubble Sort Paralelo (Odd-Even);true;1000;NEARLY_SORTED;4;3;1801000;1.8010
Bubble Sort Paralelo (Odd-Even);true;1000;NEARLY_SORTED;4;4;1583200;1.5832
Bubble Sort Paralelo (Odd-Even);true;1000;NEARLY_SORTED;4;5;1585300;1.5853
Bubble Sort Paralelo (Odd-Even);true;1000;NEARLY_SORTED;8;1;20290400;20.2904
Bubble Sort Paralelo (Odd-Even);true;1000;NEARLY_SORTED;8;2;14706100;14.7061
Bubble Sort Paralelo (Odd-Even);true;1000;NEARLY_SORTED;8;3;2317900;2.3179
Bubble Sort Paralelo (Odd-Even);true;1000;NEARLY_SORTED;8;4;49503900;49.5039
Bubble Sort Paralelo (Odd-Even);true;1000;NEARLY_SORTED;8;5;4980600;4.9806
Insertion Sort Serial;false;1000;NEARLY_SORTED;1;1;26800;0.0268
Insertion Sort Serial;false;1000;NEARLY_SORTED;1;2;45400;0.0454
Insertion Sort Serial;false;1000;NEARLY_SORTED;1;3;27200;0.0272
Insertion Sort Serial;false;1000;NEARLY_SORTED;1;4;29600;0.0296
Insertion Sort Serial;false;1000;NEARLY_SORTED;1;5;42600;0.0426
Insertion Sort Paralelo (ForkJoin);true;1000;NEARLY_SORTED;2;1;914000;0.9140
Insertion Sort Paralelo (ForkJoin);true;1000;NEARLY_SORTED;2;2;757200;0.7572
Insertion Sort Paralelo (ForkJoin);true;1000;NEARLY_SORTED;2;3;1053100;1.0531
Insertion Sort Paralelo (ForkJoin);true;1000;NEARLY_SORTED;2;4;1305900;1.3059
Insertion Sort Paralelo (ForkJoin);true;1000;NEARLY_SORTED;2;5;947400;0.9474
Insertion Sort Paralelo (ForkJoin);true;1000;NEARLY_SORTED;4;1;1261700;1.2617
Insertion Sort Paralelo (ForkJoin);true;1000;NEARLY_SORTED;4;2;2279100;2.2791
Insertion Sort Paralelo (ForkJoin);true;1000;NEARLY_SORTED;4;3;853500;0.8535
Insertion Sort Paralelo (ForkJoin);true;1000;NEARLY_SORTED;4;4;815500;0.8155
Insertion Sort Paralelo (ForkJoin);true;1000;NEARLY_SORTED;4;5;839600;0.8396
Insertion Sort Paralelo (ForkJoin);true;1000;NEARLY_SORTED;8;1;738000;0.7380
Insertion Sort Paralelo (ForkJoin);true;1000;NEARLY_SORTED;8;2;963400;0.9634
Insertion Sort Paralelo (ForkJoin);true;1000;NEARLY_SORTED;8;3;1278000;1.2780
Insertion Sort Paralelo (ForkJoin);true;1000;NEARLY_SORTED;8;4;1048000;1.0480
Insertion Sort Paralelo (ForkJoin);true;1000;NEARLY_SORTED;8;5;1204100;1.2041
Quick Sort Serial;false;1000;NEARLY_SORTED;1;1;80800;0.0808
Quick Sort Serial;false;1000;NEARLY_SORTED;1;2;57000;0.0570
Quick Sort Serial;false;1000;NEARLY_SORTED;1;3;58800;0.0588
Quick Sort Serial;false;1000;NEARLY_SORTED;1;4;75000;0.0750
Quick Sort Serial;false;1000;NEARLY_SORTED;1;5;71200;0.0712
Quick Sort Paralelo (ForkJoin);true;1000;NEARLY_SORTED;2;1;935400;0.9354
Quick Sort Paralelo (ForkJoin);true;1000;NEARLY_SORTED;2;2;952800;0.9528
Quick Sort Paralelo (ForkJoin);true;1000;NEARLY_SORTED;2;3;813200;0.8132
Quick Sort Paralelo (ForkJoin);true;1000;NEARLY_SORTED;2;4;971000;0.9710
Quick Sort Paralelo (ForkJoin);true;1000;NEARLY_SORTED;2;5;1667500;1.6675
Quick Sort Paralelo (ForkJoin);true;1000;NEARLY_SORTED;4;1;1183300;1.1833
Quick Sort Paralelo (ForkJoin);true;1000;NEARLY_SORTED;4;2;709000;0.7090
Quick Sort Paralelo (ForkJoin);true;1000;NEARLY_SORTED;4;3;790000;0.7900
Quick Sort Paralelo (ForkJoin);true;1000;NEARLY_SORTED;4;4;987600;0.9876
Quick Sort Paralelo (ForkJoin);true;1000;NEARLY_SORTED;4;5;805600;0.8056
Quick Sort Paralelo (ForkJoin);true;1000;NEARLY_SORTED;8;1;721700;0.7217
Quick Sort Paralelo (ForkJoin);true;1000;NEARLY_SORTED;8;2;1226500;1.2265
Quick Sort Paralelo (ForkJoin);true;1000;NEARLY_SORTED;8;3;1006200;1.0062
Quick Sort Paralelo (ForkJoin);true;1000;NEARLY_SORTED;8;4;961700;0.9617
Quick Sort Paralelo (ForkJoin);true;1000;NEARLY_SORTED;8;5;1003500;1.0035
Merge Sort Serial;false;1000;NEARLY_SORTED;1;1;136300;0.1363
Merge Sort Serial;false;1000;NEARLY_SORTED;1;2;183900;0.1839
Merge Sort Serial;false;1000;NEARLY_SORTED;1;3;133400;0.1334
Merge Sort Serial;false;1000;NEARLY_SORTED;1;4;191100;0.1911
Merge Sort Serial;false;1000;NEARLY_SORTED;1;5;220100;0.2201
Merge Sort Paralelo (ForkJoin);true;1000;NEARLY_SORTED;2;1;960400;0.9604
Merge Sort Paralelo (ForkJoin);true;1000;NEARLY_SORTED;2;2;1089800;1.0898
Merge Sort Paralelo (ForkJoin);true;1000;NEARLY_SORTED;2;3;871100;0.8711
Merge Sort Paralelo (ForkJoin);true;1000;NEARLY_SORTED;2;4;1075000;1.0750
Merge Sort Paralelo (ForkJoin);true;1000;NEARLY_SORTED;2;5;1743100;1.7431
Merge Sort Paralelo (ForkJoin);true;1000;NEARLY_SORTED;4;1;890500;0.8905
Merge Sort Paralelo (ForkJoin);true;1000;NEARLY_SORTED;4;2;1111200;1.1112
Merge Sort Paralelo (ForkJoin);true;1000;NEARLY_SORTED;4;3;909100;0.9091
Merge Sort Paralelo (ForkJoin);true;1000;NEARLY_SORTED;4;4;767000;0.7670
Merge Sort Paralelo (ForkJoin);true;1000;NEARLY_SORTED;4;5;992100;0.9921
Merge Sort Paralelo (ForkJoin);true;1000;NEARLY_SORTED;8;1;959200;0.9592
Merge Sort Paralelo (ForkJoin);true;1000;NEARLY_SORTED;8;2;828200;0.8282
Merge Sort Paralelo (ForkJoin);true;1000;NEARLY_SORTED;8;3;915300;0.9153
Merge Sort Paralelo (ForkJoin);true;1000;NEARLY_SORTED;8;4;953100;0.9531
Merge Sort Paralelo (ForkJoin);true;1000;NEARLY_SORTED;8;5;887800;0.8878
Bubble Sort Serial;false;2500;NEARLY_SORTED;1;1;2700500;2.7005
Bubble Sort Serial;false;2500;NEARLY_SORTED;1;2;2370400;2.3704
Bubble Sort Serial;false;2500;NEARLY_SORTED;1;3;2332900;2.3329
Bubble Sort Serial;false;2500;NEARLY_SORTED;1;4;3820300;3.8203
Bubble Sort Serial;false;2500;NEARLY_SORTED;1;5;2300300;2.3003
Bubble Sort Paralelo (Odd-Even);true;2500;NEARLY_SORTED;2;1;3782800;3.7828
Bubble Sort Paralelo (Odd-Even);true;2500;NEARLY_SORTED;2;2;2865100;2.8651
Bubble Sort Paralelo (Odd-Even);true;2500;NEARLY_SORTED;2;3;2815800;2.8158
Bubble Sort Paralelo (Odd-Even);true;2500;NEARLY_SORTED;2;4;4904600;4.9046
Bubble Sort Paralelo (Odd-Even);true;2500;NEARLY_SORTED;2;5;3349600;3.3496
Bubble Sort Paralelo (Odd-Even);true;2500;NEARLY_SORTED;4;1;3266800;3.2668
Bubble Sort Paralelo (Odd-Even);true;2500;NEARLY_SORTED;4;2;3135500;3.1355
Bubble Sort Paralelo (Odd-Even);true;2500;NEARLY_SORTED;4;3;2966900;2.9669
Bubble Sort Paralelo (Odd-Even);true;2500;NEARLY_SORTED;4;4;3062700;3.0627
Bubble Sort Paralelo (Odd-Even);true;2500;NEARLY_SORTED;4;5;2797300;2.7973
Bubble Sort Paralelo (Odd-Even);true;2500;NEARLY_SORTED;8;1;49998900;49.9989
Bubble Sort Paralelo (Odd-Even);true;2500;NEARLY_SORTED;8;2;38184200;38.1842
Bubble Sort Paralelo (Odd-Even);true;2500;NEARLY_SORTED;8;3;5159700;5.1597
Bubble Sort Paralelo (Odd-Even);true;2500;NEARLY_SORTED;8;4;15335000;15.3350
Bubble Sort Paralelo (Odd-Even);true;2500;NEARLY_SORTED;8;5;47934900;47.9349
Insertion Sort Serial;false;2500;NEARLY_SORTED;1;1;148800;0.1488
Insertion Sort Serial;false;2500;NEARLY_SORTED;1;2;92900;0.0929
Insertion Sort Serial;false;2500;NEARLY_SORTED;1;3;129000;0.1290
Insertion Sort Serial;false;2500;NEARLY_SORTED;1;4;94000;0.0940
Insertion Sort Serial;false;2500;NEARLY_SORTED;1;5;92300;0.0923
Insertion Sort Paralelo (ForkJoin);true;2500;NEARLY_SORTED;2;1;1139300;1.1393
Insertion Sort Paralelo (ForkJoin);true;2500;NEARLY_SORTED;2;2;1028300;1.0283
Insertion Sort Paralelo (ForkJoin);true;2500;NEARLY_SORTED;2;3;1119500;1.1195
Insertion Sort Paralelo (ForkJoin);true;2500;NEARLY_SORTED;2;4;1568000;1.5680
Insertion Sort Paralelo (ForkJoin);true;2500;NEARLY_SORTED;2;5;1729100;1.7291
Insertion Sort Paralelo (ForkJoin);true;2500;NEARLY_SORTED;4;1;1266800;1.2668
Insertion Sort Paralelo (ForkJoin);true;2500;NEARLY_SORTED;4;2;986600;0.9866
Insertion Sort Paralelo (ForkJoin);true;2500;NEARLY_SORTED;4;3;1115200;1.1152
Insertion Sort Paralelo (ForkJoin);true;2500;NEARLY_SORTED;4;4;1227200;1.2272
Insertion Sort Paralelo (ForkJoin);true;2500;NEARLY_SORTED;4;5;1017000;1.0170
Insertion Sort Paralelo (ForkJoin);true;2500;NEARLY_SORTED;8;1;1068100;1.0681
Insertion Sort Paralelo (ForkJoin);true;2500;NEARLY_SORTED;8;2;1128900;1.1289
Insertion Sort Paralelo (ForkJoin);true;2500;NEARLY_SORTED;8;3;1059200;1.0592
Insertion Sort Paralelo (ForkJoin);true;2500;NEARLY_SORTED;8;4;1053100;1.0531
Insertion Sort Paralelo (ForkJoin);true;2500;NEARLY_SORTED;8;5;1158500;1.1585
Quick Sort Serial;false;2500;NEARLY_SORTED;1;1;148400;0.1484
Quick Sort Serial;false;2500;NEARLY_SORTED;1;2;166500;0.1665
Quick Sort Serial;false;2500;NEARLY_SORTED;1;3;151200;0.1512
Quick Sort Serial;false;2500;NEARLY_SORTED;1;4;134100;0.1341
Quick Sort Serial;false;2500;NEARLY_SORTED;1;5;175200;0.1752
Quick Sort Paralelo (ForkJoin);true;2500;NEARLY_SORTED;2;1;1034500;1.0345
Quick Sort Paralelo (ForkJoin);true;2500;NEARLY_SORTED;2;2;1728800;1.7288
Quick Sort Paralelo (ForkJoin);true;2500;NEARLY_SORTED;2;3;1104100;1.1041
Quick Sort Paralelo (ForkJoin);true;2500;NEARLY_SORTED;2;4;1722100;1.7221
Quick Sort Paralelo (ForkJoin);true;2500;NEARLY_SORTED;2;5;1540100;1.5401
Quick Sort Paralelo (ForkJoin);true;2500;NEARLY_SORTED;4;1;1329100;1.3291
Quick Sort Paralelo (ForkJoin);true;2500;NEARLY_SORTED;4;2;1242100;1.2421
Quick Sort Paralelo (ForkJoin);true;2500;NEARLY_SORTED;4;3;1086200;1.0862
Quick Sort Paralelo (ForkJoin);true;2500;NEARLY_SORTED;4;4;1663300;1.6633
Quick Sort Paralelo (ForkJoin);true;2500;NEARLY_SORTED;4;5;1053200;1.0532
Quick Sort Paralelo (ForkJoin);true;2500;NEARLY_SORTED;8;1;1409400;1.4094
Quick Sort Paralelo (ForkJoin);true;2500;NEARLY_SORTED;8;2;997700;0.9977
Quick Sort Paralelo (ForkJoin);true;2500;NEARLY_SORTED;8;3;1150900;1.1509
Quick Sort Paralelo (ForkJoin);true;2500;NEARLY_SORTED;8;4;1142400;1.1424
Quick Sort Paralelo (ForkJoin);true;2500;NEARLY_SORTED;8;5;974600;0.9746
Merge Sort Serial;false;2500;NEARLY_SORTED;1;1;727000;0.7270
Merge Sort Serial;false;2500;NEARLY_SORTED;1;2;430100;0.4301
Merge Sort Serial;false;2500;NEARLY_SORTED;1;3;339300;0.3393
Merge Sort Serial;false;2500;NEARLY_SORTED;1;4;551400;0.5514
Merge Sort Serial;false;2500;NEARLY_SORTED;1;5;297000;0.2970
Merge Sort Paralelo (ForkJoin);true;2500;NEARLY_SORTED;2;1;1330100;1.3301
Merge Sort Paralelo (ForkJoin);true;2500;NEARLY_SORTED;2;2;1116400;1.1164
Merge Sort Paralelo (ForkJoin);true;2500;NEARLY_SORTED;2;3;1172700;1.1727
Merge Sort Paralelo (ForkJoin);true;2500;NEARLY_SORTED;2;4;1440600;1.4406
Merge Sort Paralelo (ForkJoin);true;2500;NEARLY_SORTED;2;5;2611400;2.6114
Merge Sort Paralelo (ForkJoin);true;2500;NEARLY_SORTED;4;1;1065300;1.0653
Merge Sort Paralelo (ForkJoin);true;2500;NEARLY_SORTED;4;2;1199000;1.1990
Merge Sort Paralelo (ForkJoin);true;2500;NEARLY_SORTED;4;3;1280000;1.2800
Merge Sort Paralelo (ForkJoin);true;2500;NEARLY_SORTED;4;4;1483800;1.4838
Merge Sort Paralelo (ForkJoin);true;2500;NEARLY_SORTED;4;5;1586400;1.5864
Merge Sort Paralelo (ForkJoin);true;2500;NEARLY_SORTED;8;1;1424300;1.4243
Merge Sort Paralelo (ForkJoin);true;2500;NEARLY_SORTED;8;2;1126400;1.1264
Merge Sort Paralelo (ForkJoin);true;2500;NEARLY_SORTED;8;3;1509300;1.5093
Merge Sort Paralelo (ForkJoin);true;2500;NEARLY_SORTED;8;4;1316000;1.3160
Merge Sort Paralelo (ForkJoin);true;2500;NEARLY_SORTED;8;5;1073100;1.0731
Bubble Sort Serial;false;5000;NEARLY_SORTED;1;1;10112500;10.1125
Bubble Sort Serial;false;5000;NEARLY_SORTED;1;2;10722000;10.7220
Bubble Sort Serial;false;5000;NEARLY_SORTED;1;3;11384500;11.3845
Bubble Sort Serial;false;5000;NEARLY_SORTED;1;4;11088500;11.0885
Bubble Sort Serial;false;5000;NEARLY_SORTED;1;5;9413000;9.4130
Bubble Sort Paralelo (Odd-Even);true;5000;NEARLY_SORTED;2;1;10546000;10.5460
Bubble Sort Paralelo (Odd-Even);true;5000;NEARLY_SORTED;2;2;12872200;12.8722
Bubble Sort Paralelo (Odd-Even);true;5000;NEARLY_SORTED;2;3;9146600;9.1466
Bubble Sort Paralelo (Odd-Even);true;5000;NEARLY_SORTED;2;4;8678900;8.6789
Bubble Sort Paralelo (Odd-Even);true;5000;NEARLY_SORTED;2;5;8524900;8.5249
Bubble Sort Paralelo (Odd-Even);true;5000;NEARLY_SORTED;4;1;8071500;8.0715
Bubble Sort Paralelo (Odd-Even);true;5000;NEARLY_SORTED;4;2;7889700;7.8897
Bubble Sort Paralelo (Odd-Even);true;5000;NEARLY_SORTED;4;3;8804800;8.8048
Bubble Sort Paralelo (Odd-Even);true;5000;NEARLY_SORTED;4;4;8046600;8.0466
Bubble Sort Paralelo (Odd-Even);true;5000;NEARLY_SORTED;4;5;8130700;8.1307
Bubble Sort Paralelo (Odd-Even);true;5000;NEARLY_SORTED;8;1;15166800;15.1668
Bubble Sort Paralelo (Odd-Even);true;5000;NEARLY_SORTED;8;2;46587700;46.5877
Bubble Sort Paralelo (Odd-Even);true;5000;NEARLY_SORTED;8;3;33416700;33.4167
Bubble Sort Paralelo (Odd-Even);true;5000;NEARLY_SORTED;8;4;41175000;41.1750
Bubble Sort Paralelo (Odd-Even);true;5000;NEARLY_SORTED;8;5;41995300;41.9953
Insertion Sort Serial;false;5000;NEARLY_SORTED;1;1;372900;0.3729
Insertion Sort Serial;false;5000;NEARLY_SORTED;1;2;508800;0.5088
Insertion Sort Serial;false;5000;NEARLY_SORTED;1;3;372500;0.3725
Insertion Sort Serial;false;5000;NEARLY_SORTED;1;4;630200;0.6302
Insertion Sort Serial;false;5000;NEARLY_SORTED;1;5;425900;0.4259
Insertion Sort Paralelo (ForkJoin);true;5000;NEARLY_SORTED;2;1;1455300;1.4553
Insertion Sort Paralelo (ForkJoin);true;5000;NEARLY_SORTED;2;2;1486800;1.4868
Insertion Sort Paralelo (ForkJoin);true;5000;NEARLY_SORTED;2;3;1317700;1.3177
Insertion Sort Paralelo (ForkJoin);true;5000;NEARLY_SORTED;2;4;2354400;2.3544
Insertion Sort Paralelo (ForkJoin);true;5000;NEARLY_SORTED;2;5;1635000;1.6350
Insertion Sort Paralelo (ForkJoin);true;5000;NEARLY_SORTED;4;1;1257700;1.2577
Insertion Sort Paralelo (ForkJoin);true;5000;NEARLY_SORTED;4;2;2792500;2.7925
Insertion Sort Paralelo (ForkJoin);true;5000;NEARLY_SORTED;4;3;1449400;1.4494
Insertion Sort Paralelo (ForkJoin);true;5000;NEARLY_SORTED;4;4;1961400;1.9614
Insertion Sort Paralelo (ForkJoin);true;5000;NEARLY_SORTED;4;5;3393000;3.3930
Insertion Sort Paralelo (ForkJoin);true;5000;NEARLY_SORTED;8;1;1310800;1.3108
Insertion Sort Paralelo (ForkJoin);true;5000;NEARLY_SORTED;8;2;1787100;1.7871
Insertion Sort Paralelo (ForkJoin);true;5000;NEARLY_SORTED;8;3;2084800;2.0848
Insertion Sort Paralelo (ForkJoin);true;5000;NEARLY_SORTED;8;4;1642200;1.6422
Insertion Sort Paralelo (ForkJoin);true;5000;NEARLY_SORTED;8;5;1967700;1.9677
Quick Sort Serial;false;5000;NEARLY_SORTED;1;1;297600;0.2976
Quick Sort Serial;false;5000;NEARLY_SORTED;1;2;287500;0.2875
Quick Sort Serial;false;5000;NEARLY_SORTED;1;3;285700;0.2857
Quick Sort Serial;false;5000;NEARLY_SORTED;1;4;348500;0.3485
Quick Sort Serial;false;5000;NEARLY_SORTED;1;5;284200;0.2842
Quick Sort Paralelo (ForkJoin);true;5000;NEARLY_SORTED;2;1;1057100;1.0571
Quick Sort Paralelo (ForkJoin);true;5000;NEARLY_SORTED;2;2;1074700;1.0747
Quick Sort Paralelo (ForkJoin);true;5000;NEARLY_SORTED;2;3;1009800;1.0098
Quick Sort Paralelo (ForkJoin);true;5000;NEARLY_SORTED;2;4;1247000;1.2470
Quick Sort Paralelo (ForkJoin);true;5000;NEARLY_SORTED;2;5;1603400;1.6034
Quick Sort Paralelo (ForkJoin);true;5000;NEARLY_SORTED;4;1;1278500;1.2785
Quick Sort Paralelo (ForkJoin);true;5000;NEARLY_SORTED;4;2;1119400;1.1194
Quick Sort Paralelo (ForkJoin);true;5000;NEARLY_SORTED;4;3;1892600;1.8926
Quick Sort Paralelo (ForkJoin);true;5000;NEARLY_SORTED;4;4;1297800;1.2978
Quick Sort Paralelo (ForkJoin);true;5000;NEARLY_SORTED;4;5;1217700;1.2177
Quick Sort Paralelo (ForkJoin);true;5000;NEARLY_SORTED;8;1;1469900;1.4699
Quick Sort Paralelo (ForkJoin);true;5000;NEARLY_SORTED;8;2;1255800;1.2558
Quick Sort Paralelo (ForkJoin);true;5000;NEARLY_SORTED;8;3;1278600;1.2786
Quick Sort Paralelo (ForkJoin);true;5000;NEARLY_SORTED;8;4;1829800;1.8298
Quick Sort Paralelo (ForkJoin);true;5000;NEARLY_SORTED;8;5;1348700;1.3487
Merge Sort Serial;false;5000;NEARLY_SORTED;1;1;732100;0.7321
Merge Sort Serial;false;5000;NEARLY_SORTED;1;2;659100;0.6591
Merge Sort Serial;false;5000;NEARLY_SORTED;1;3;597500;0.5975
Merge Sort Serial;false;5000;NEARLY_SORTED;1;4;596300;0.5963
Merge Sort Serial;false;5000;NEARLY_SORTED;1;5;596000;0.5960
Merge Sort Paralelo (ForkJoin);true;5000;NEARLY_SORTED;2;1;1229300;1.2293
Merge Sort Paralelo (ForkJoin);true;5000;NEARLY_SORTED;2;2;1268900;1.2689
Merge Sort Paralelo (ForkJoin);true;5000;NEARLY_SORTED;2;3;1321100;1.3211
Merge Sort Paralelo (ForkJoin);true;5000;NEARLY_SORTED;2;4;1966500;1.9665
Merge Sort Paralelo (ForkJoin);true;5000;NEARLY_SORTED;2;5;1716700;1.7167
Merge Sort Paralelo (ForkJoin);true;5000;NEARLY_SORTED;4;1;1795400;1.7954
Merge Sort Paralelo (ForkJoin);true;5000;NEARLY_SORTED;4;2;1594100;1.5941
Merge Sort Paralelo (ForkJoin);true;5000;NEARLY_SORTED;4;3;1383700;1.3837
Merge Sort Paralelo (ForkJoin);true;5000;NEARLY_SORTED;4;4;1597600;1.5976
Merge Sort Paralelo (ForkJoin);true;5000;NEARLY_SORTED;4;5;1578400;1.5784
Merge Sort Paralelo (ForkJoin);true;5000;NEARLY_SORTED;8;1;1639400;1.6394
Merge Sort Paralelo (ForkJoin);true;5000;NEARLY_SORTED;8;2;1987300;1.9873
Merge Sort Paralelo (ForkJoin);true;5000;NEARLY_SORTED;8;3;1668300;1.6683
Merge Sort Paralelo (ForkJoin);true;5000;NEARLY_SORTED;8;4;2765000;2.7650
Merge Sort Paralelo (ForkJoin);true;5000;NEARLY_SORTED;8;5;4219700;4.2197
Bubble Sort Serial;false;100;REVERSED;1;1;123600;0.1236
Bubble Sort Serial;false;100;REVERSED;1;2;133600;0.1336
Bubble Sort Serial;false;100;REVERSED;1;3;101000;0.1010
Bubble Sort Serial;false;100;REVERSED;1;4;47000;0.0470
Bubble Sort Serial;false;100;REVERSED;1;5;140500;0.1405
Bubble Sort Paralelo (Odd-Even);true;100;REVERSED;2;1;748600;0.7486
Bubble Sort Paralelo (Odd-Even);true;100;REVERSED;2;2;674000;0.6740
Bubble Sort Paralelo (Odd-Even);true;100;REVERSED;2;3;674900;0.6749
Bubble Sort Paralelo (Odd-Even);true;100;REVERSED;2;4;1046000;1.0460
Bubble Sort Paralelo (Odd-Even);true;100;REVERSED;2;5;1310900;1.3109
Bubble Sort Paralelo (Odd-Even);true;100;REVERSED;4;1;1186600;1.1866
Bubble Sort Paralelo (Odd-Even);true;100;REVERSED;4;2;946700;0.9467
Bubble Sort Paralelo (Odd-Even);true;100;REVERSED;4;3;1113000;1.1130
Bubble Sort Paralelo (Odd-Even);true;100;REVERSED;4;4;1050900;1.0509
Bubble Sort Paralelo (Odd-Even);true;100;REVERSED;4;5;903100;0.9031
Bubble Sort Paralelo (Odd-Even);true;100;REVERSED;8;1;3433000;3.4330
Bubble Sort Paralelo (Odd-Even);true;100;REVERSED;8;2;2112600;2.1126
Bubble Sort Paralelo (Odd-Even);true;100;REVERSED;8;3;9577200;9.5772
Bubble Sort Paralelo (Odd-Even);true;100;REVERSED;8;4;5838400;5.8384
Bubble Sort Paralelo (Odd-Even);true;100;REVERSED;8;5;4609400;4.6094
Insertion Sort Serial;false;100;REVERSED;1;1;9300;0.0093
Insertion Sort Serial;false;100;REVERSED;1;2;12800;0.0128
Insertion Sort Serial;false;100;REVERSED;1;3;9200;0.0092
Insertion Sort Serial;false;100;REVERSED;1;4;10000;0.0100
Insertion Sort Serial;false;100;REVERSED;1;5;9800;0.0098
Insertion Sort Paralelo (ForkJoin);true;100;REVERSED;2;1;687000;0.6870
Insertion Sort Paralelo (ForkJoin);true;100;REVERSED;2;2;768200;0.7682
Insertion Sort Paralelo (ForkJoin);true;100;REVERSED;2;3;751800;0.7518
Insertion Sort Paralelo (ForkJoin);true;100;REVERSED;2;4;758300;0.7583
Insertion Sort Paralelo (ForkJoin);true;100;REVERSED;2;5;961300;0.9613
Insertion Sort Paralelo (ForkJoin);true;100;REVERSED;4;1;698500;0.6985
Insertion Sort Paralelo (ForkJoin);true;100;REVERSED;4;2;660500;0.6605
Insertion Sort Paralelo (ForkJoin);true;100;REVERSED;4;3;1012900;1.0129
Insertion Sort Paralelo (ForkJoin);true;100;REVERSED;4;4;689700;0.6897
Insertion Sort Paralelo (ForkJoin);true;100;REVERSED;4;5;632700;0.6327
Insertion Sort Paralelo (ForkJoin);true;100;REVERSED;8;1;1186100;1.1861
Insertion Sort Paralelo (ForkJoin);true;100;REVERSED;8;2;782200;0.7822
Insertion Sort Paralelo (ForkJoin);true;100;REVERSED;8;3;884300;0.8843
Insertion Sort Paralelo (ForkJoin);true;100;REVERSED;8;4;737200;0.7372
Insertion Sort Paralelo (ForkJoin);true;100;REVERSED;8;5;822100;0.8221
Quick Sort Serial;false;100;REVERSED;1;1;14300;0.0143
Quick Sort Serial;false;100;REVERSED;1;2;13100;0.0131
Quick Sort Serial;false;100;REVERSED;1;3;14300;0.0143
Quick Sort Serial;false;100;REVERSED;1;4;16400;0.0164
Quick Sort Serial;false;100;REVERSED;1;5;12700;0.0127
Quick Sort Paralelo (ForkJoin);true;100;REVERSED;2;1;662500;0.6625
Quick Sort Paralelo (ForkJoin);true;100;REVERSED;2;2;1077300;1.0773
Quick Sort Paralelo (ForkJoin);true;100;REVERSED;2;3;672100;0.6721
Quick Sort Paralelo (ForkJoin);true;100;REVERSED;2;4;741500;0.7415
Quick Sort Paralelo (ForkJoin);true;100;REVERSED;2;5;1054800;1.0548
Quick Sort Paralelo (ForkJoin);true;100;REVERSED;4;1;816300;0.8163
Quick Sort Paralelo (ForkJoin);true;100;REVERSED;4;2;704900;0.7049
Quick Sort Paralelo (ForkJoin);true;100;REVERSED;4;3;774900;0.7749
Quick Sort Paralelo (ForkJoin);true;100;REVERSED;4;4;1143800;1.1438
Quick Sort Paralelo (ForkJoin);true;100;REVERSED;4;5;699700;0.6997
Quick Sort Paralelo (ForkJoin);true;100;REVERSED;8;1;724400;0.7244
Quick Sort Paralelo (ForkJoin);true;100;REVERSED;8;2;894500;0.8945
Quick Sort Paralelo (ForkJoin);true;100;REVERSED;8;3;1218400;1.2184
Quick Sort Paralelo (ForkJoin);true;100;REVERSED;8;4;664800;0.6648
Quick Sort Paralelo (ForkJoin);true;100;REVERSED;8;5;710200;0.7102
Merge Sort Serial;false;100;REVERSED;1;1;28900;0.0289
Merge Sort Serial;false;100;REVERSED;1;2;22800;0.0228
Merge Sort Serial;false;100;REVERSED;1;3;32200;0.0322
Merge Sort Serial;false;100;REVERSED;1;4;32400;0.0324
Merge Sort Serial;false;100;REVERSED;1;5;44100;0.0441
Merge Sort Paralelo (ForkJoin);true;100;REVERSED;2;1;893800;0.8938
Merge Sort Paralelo (ForkJoin);true;100;REVERSED;2;2;811900;0.8119
Merge Sort Paralelo (ForkJoin);true;100;REVERSED;2;3;833000;0.8330
Merge Sort Paralelo (ForkJoin);true;100;REVERSED;2;4;1096000;1.0960
Merge Sort Paralelo (ForkJoin);true;100;REVERSED;2;5;1227400;1.2274
Merge Sort Paralelo (ForkJoin);true;100;REVERSED;4;1;888400;0.8884
Merge Sort Paralelo (ForkJoin);true;100;REVERSED;4;2;888600;0.8886
Merge Sort Paralelo (ForkJoin);true;100;REVERSED;4;3;812300;0.8123
Merge Sort Paralelo (ForkJoin);true;100;REVERSED;4;4;879400;0.8794
Merge Sort Paralelo (ForkJoin);true;100;REVERSED;4;5;834600;0.8346
Merge Sort Paralelo (ForkJoin);true;100;REVERSED;8;1;881700;0.8817
Merge Sort Paralelo (ForkJoin);true;100;REVERSED;8;2;985000;0.9850
Merge Sort Paralelo (ForkJoin);true;100;REVERSED;8;3;779500;0.7795
Merge Sort Paralelo (ForkJoin);true;100;REVERSED;8;4;945100;0.9451
Merge Sort Paralelo (ForkJoin);true;100;REVERSED;8;5;751300;0.7513
Bubble Sort Serial;false;500;REVERSED;1;1;492500;0.4925
Bubble Sort Serial;false;500;REVERSED;1;2;879800;0.8798
Bubble Sort Serial;false;500;REVERSED;1;3;494300;0.4943
Bubble Sort Serial;false;500;REVERSED;1;4;538000;0.5380
Bubble Sort Serial;false;500;REVERSED;1;5;568800;0.5688
Bubble Sort Paralelo (Odd-Even);true;500;REVERSED;2;1;830600;0.8306
Bubble Sort Paralelo (Odd-Even);true;500;REVERSED;2;2;2162000;2.1620
Bubble Sort Paralelo (Odd-Even);true;500;REVERSED;2;3;1052100;1.0521
Bubble Sort Paralelo (Odd-Even);true;500;REVERSED;2;4;1221400;1.2214
Bubble Sort Paralelo (Odd-Even);true;500;REVERSED;2;5;1689400;1.6894
Bubble Sort Paralelo (Odd-Even);true;500;REVERSED;4;1;1253300;1.2533
Bubble Sort Paralelo (Odd-Even);true;500;REVERSED;4;2;1195400;1.1954
Bubble Sort Paralelo (Odd-Even);true;500;REVERSED;4;3;1394300;1.3943
Bubble Sort Paralelo (Odd-Even);true;500;REVERSED;4;4;1323900;1.3239
Bubble Sort Paralelo (Odd-Even);true;500;REVERSED;4;5;1458000;1.4580
Bubble Sort Paralelo (Odd-Even);true;500;REVERSED;8;1;39325500;39.3255
Bubble Sort Paralelo (Odd-Even);true;500;REVERSED;8;2;24260100;24.2601
Bubble Sort Paralelo (Odd-Even);true;500;REVERSED;8;3;14716900;14.7169
Bubble Sort Paralelo (Odd-Even);true;500;REVERSED;8;4;2002800;2.0028
Bubble Sort Paralelo (Odd-Even);true;500;REVERSED;8;5;3185200;3.1852
Insertion Sort Serial;false;500;REVERSED;1;1;68100;0.0681
Insertion Sort Serial;false;500;REVERSED;1;2;63600;0.0636
Insertion Sort Serial;false;500;REVERSED;1;3;64800;0.0648
Insertion Sort Serial;false;500;REVERSED;1;4;63000;0.0630
Insertion Sort Serial;false;500;REVERSED;1;5;63900;0.0639
Insertion Sort Paralelo (ForkJoin);true;500;REVERSED;2;1;890800;0.8908
Insertion Sort Paralelo (ForkJoin);true;500;REVERSED;2;2;900200;0.9002
Insertion Sort Paralelo (ForkJoin);true;500;REVERSED;2;3;906800;0.9068
Insertion Sort Paralelo (ForkJoin);true;500;REVERSED;2;4;1218300;1.2183
Insertion Sort Paralelo (ForkJoin);true;500;REVERSED;2;5;1204400;1.2044
Insertion Sort Paralelo (ForkJoin);true;500;REVERSED;4;1;1178700;1.1787
Insertion Sort Paralelo (ForkJoin);true;500;REVERSED;4;2;1320800;1.3208
Insertion Sort Paralelo (ForkJoin);true;500;REVERSED;4;3;1214600;1.2146
Insertion Sort Paralelo (ForkJoin);true;500;REVERSED;4;4;1075700;1.0757
Insertion Sort Paralelo (ForkJoin);true;500;REVERSED;4;5;850500;0.8505
Insertion Sort Paralelo (ForkJoin);true;500;REVERSED;8;1;829100;0.8291
Insertion Sort Paralelo (ForkJoin);true;500;REVERSED;8;2;935600;0.9356
Insertion Sort Paralelo (ForkJoin);true;500;REVERSED;8;3;1199800;1.1998
Insertion Sort Paralelo (ForkJoin);true;500;REVERSED;8;4;1118200;1.1182
Insertion Sort Paralelo (ForkJoin);true;500;REVERSED;8;5;786500;0.7865
Quick Sort Serial;false;500;REVERSED;1;1;46000;0.0460
Quick Sort Serial;false;500;REVERSED;1;2;35400;0.0354
Quick Sort Serial;false;500;REVERSED;1;3;32200;0.0322
Quick Sort Serial;false;500;REVERSED;1;4;27500;0.0275
Quick Sort Serial;false;500;REVERSED;1;5;28400;0.0284
Quick Sort Paralelo (ForkJoin);true;500;REVERSED;2;1;789000;0.7890
Quick Sort Paralelo (ForkJoin);true;500;REVERSED;2;2;810400;0.8104
Quick Sort Paralelo (ForkJoin);true;500;REVERSED;2;3;733000;0.7330
Quick Sort Paralelo (ForkJoin);true;500;REVERSED;2;4;701700;0.7017
Quick Sort Paralelo (ForkJoin);true;500;REVERSED;2;5;813400;0.8134
Quick Sort Paralelo (ForkJoin);true;500;REVERSED;4;1;882300;0.8823
Quick Sort Paralelo (ForkJoin);true;500;REVERSED;4;2;711200;0.7112
Quick Sort Paralelo (ForkJoin);true;500;REVERSED;4;3;799200;0.7992
Quick Sort Paralelo (ForkJoin);true;500;REVERSED;4;4;877100;0.8771
Quick Sort Paralelo (ForkJoin);true;500;REVERSED;4;5;1119300;1.1193
Quick Sort Paralelo (ForkJoin);true;500;REVERSED;8;1;706200;0.7062
Quick Sort Paralelo (ForkJoin);true;500;REVERSED;8;2;1070200;1.0702
Quick Sort Paralelo (ForkJoin);true;500;REVERSED;8;3;775300;0.7753
Quick Sort Paralelo (ForkJoin);true;500;REVERSED;8;4;753200;0.7532
Quick Sort Paralelo (ForkJoin);true;500;REVERSED;8;5;882600;0.8826
Merge Sort Serial;false;500;REVERSED;1;1;149300;0.1493
Merge Sort Serial;false;500;REVERSED;1;2;70600;0.0706
Merge Sort Serial;false;500;REVERSED;1;3;72600;0.0726
Merge Sort Serial;false;500;REVERSED;1;4;91000;0.0910
Merge Sort Serial;false;500;REVERSED;1;5;93200;0.0932
Merge Sort Paralelo (ForkJoin);true;500;REVERSED;2;1;803800;0.8038
Merge Sort Paralelo (ForkJoin);true;500;REVERSED;2;2;869400;0.8694
Merge Sort Paralelo (ForkJoin);true;500;REVERSED;2;3;1114600;1.1146
Merge Sort Paralelo (ForkJoin);true;500;REVERSED;2;4;885200;0.8852
Merge Sort Paralelo (ForkJoin);true;500;REVERSED;2;5;1645400;1.6454
Merge Sort Paralelo (ForkJoin);true;500;REVERSED;4;1;897100;0.8971
Merge Sort Paralelo (ForkJoin);true;500;REVERSED;4;2;847800;0.8478
Merge Sort Paralelo (ForkJoin);true;500;REVERSED;4;3;712900;0.7129
Merge Sort Paralelo (ForkJoin);true;500;REVERSED;4;4;902100;0.9021
Merge Sort Paralelo (ForkJoin);true;500;REVERSED;4;5;774000;0.7740
Merge Sort Paralelo (ForkJoin);true;500;REVERSED;8;1;777100;0.7771
Merge Sort Paralelo (ForkJoin);true;500;REVERSED;8;2;718600;0.7186
Merge Sort Paralelo (ForkJoin);true;500;REVERSED;8;3;673800;0.6738
Merge Sort Paralelo (ForkJoin);true;500;REVERSED;8;4;724200;0.7242
Merge Sort Paralelo (ForkJoin);true;500;REVERSED;8;5;728700;0.7287
Bubble Sort Serial;false;1000;REVERSED;1;1;1540900;1.5409
Bubble Sort Serial;false;1000;REVERSED;1;2;1196100;1.1961
Bubble Sort Serial;false;1000;REVERSED;1;3;1155900;1.1559
Bubble Sort Serial;false;1000;REVERSED;1;4;1138700;1.1387
Bubble Sort Serial;false;1000;REVERSED;1;5;1128800;1.1288
Bubble Sort Paralelo (Odd-Even);true;1000;REVERSED;2;1;1519000;1.5190
Bubble Sort Paralelo (Odd-Even);true;1000;REVERSED;2;2;2212200;2.2122
Bubble Sort Paralelo (Odd-Even);true;1000;REVERSED;2;3;1264700;1.2647
Bubble Sort Paralelo (Odd-Even);true;1000;REVERSED;2;4;1740000;1.7400
Bubble Sort Paralelo (Odd-Even);true;1000;REVERSED;2;5;1380800;1.3808
Bubble Sort Paralelo (Odd-Even);true;1000;REVERSED;4;1;1687200;1.6872
Bubble Sort Paralelo (Odd-Even);true;1000;REVERSED;4;2;1992400;1.9924
Bubble Sort Paralelo (Odd-Even);true;1000;REVERSED;4;3;1574500;1.5745
Bubble Sort Paralelo (Odd-Even);true;1000;REVERSED;4;4;1987100;1.9871
Bubble Sort Paralelo (Odd-Even);true;1000;REVERSED;4;5;1515100;1.5151
Bubble Sort Paralelo (Odd-Even);true;1000;REVERSED;8;1;39103700;39.1037
Bubble Sort Paralelo (Odd-Even);true;1000;REVERSED;8;2;2345200;2.3452
Bubble Sort Paralelo (Odd-Even);true;1000;REVERSED;8;3;4310600;4.3106
Bubble Sort Paralelo (Odd-Even);true;1000;REVERSED;8;4;17346200;17.3462
Bubble Sort Paralelo (Odd-Even);true;1000;REVERSED;8;5;3019000;3.0190
Insertion Sort Serial;false;1000;REVERSED;1;1;221500;0.2215
Insertion Sort Serial;false;1000;REVERSED;1;2;221800;0.2218
Insertion Sort Serial;false;1000;REVERSED;1;3;222300;0.2223
Insertion Sort Serial;false;1000;REVERSED;1;4;306100;0.3061
Insertion Sort Serial;false;1000;REVERSED;1;5;279400;0.2794
Insertion Sort Paralelo (ForkJoin);true;1000;REVERSED;2;1;1284400;1.2844
Insertion Sort Paralelo (ForkJoin);true;1000;REVERSED;2;2;1264900;1.2649
Insertion Sort Paralelo (ForkJoin);true;1000;REVERSED;2;3;1656700;1.6567
Insertion Sort Paralelo (ForkJoin);true;1000;REVERSED;2;4;1147800;1.1478
Insertion Sort Paralelo (ForkJoin);true;1000;REVERSED;2;5;1463600;1.4636
Insertion Sort Paralelo (ForkJoin);true;1000;REVERSED;4;1;1206000;1.2060
Insertion Sort Paralelo (ForkJoin);true;1000;REVERSED;4;2;1311600;1.3116
Insertion Sort Paralelo (ForkJoin);true;1000;REVERSED;4;3;1464100;1.4641
Insertion Sort Paralelo (ForkJoin);true;1000;REVERSED;4;4;1141300;1.1413
Insertion Sort Paralelo (ForkJoin);true;1000;REVERSED;4;5;1307200;1.3072
Insertion Sort Paralelo (ForkJoin);true;1000;REVERSED;8;1;1167700;1.1677
Insertion Sort Paralelo (ForkJoin);true;1000;REVERSED;8;2;1149700;1.1497
Insertion Sort Paralelo (ForkJoin);true;1000;REVERSED;8;3;1230100;1.2301
Insertion Sort Paralelo (ForkJoin);true;1000;REVERSED;8;4;1135000;1.1350
Insertion Sort Paralelo (ForkJoin);true;1000;REVERSED;8;5;1136100;1.1361
Quick Sort Serial;false;1000;REVERSED;1;1;47700;0.0477
Quick Sort Serial;false;1000;REVERSED;1;2;77300;0.0773
Quick Sort Serial;false;1000;REVERSED;1;3;56300;0.0563
Quick Sort Serial;false;1000;REVERSED;1;4;82100;0.0821
Quick Sort Serial;false;1000;REVERSED;1;5;82900;0.0829
Quick Sort Paralelo (ForkJoin);true;1000;REVERSED;2;1;925700;0.9257
Quick Sort Paralelo (ForkJoin);true;1000;REVERSED;2;2;956100;0.9561
Quick Sort Paralelo (ForkJoin);true;1000;REVERSED;2;3;862500;0.8625
Quick Sort Paralelo (ForkJoin);true;1000;REVERSED;2;4;794900;0.7949
Quick Sort Paralelo (ForkJoin);true;1000;REVERSED;2;5;2882700;2.8827
Quick Sort Paralelo (ForkJoin);true;1000;REVERSED;4;1;1317300;1.3173
Quick Sort Paralelo (ForkJoin);true;1000;REVERSED;4;2;818800;0.8188
Quick Sort Paralelo (ForkJoin);true;1000;REVERSED;4;3;824600;0.8246
Quick Sort Paralelo (ForkJoin);true;1000;REVERSED;4;4;761200;0.7612
Quick Sort Paralelo (ForkJoin);true;1000;REVERSED;4;5;986800;0.9868
Quick Sort Paralelo (ForkJoin);true;1000;REVERSED;8;1;896200;0.8962
Quick Sort Paralelo (ForkJoin);true;1000;REVERSED;8;2;737900;0.7379
Quick Sort Paralelo (ForkJoin);true;1000;REVERSED;8;3;945400;0.9454
Quick Sort Paralelo (ForkJoin);true;1000;REVERSED;8;4;738200;0.7382
Quick Sort Paralelo (ForkJoin);true;1000;REVERSED;8;5;711700;0.7117
Merge Sort Serial;false;1000;REVERSED;1;1;127100;0.1271
Merge Sort Serial;false;1000;REVERSED;1;2;114600;0.1146
Merge Sort Serial;false;1000;REVERSED;1;3;115600;0.1156
Merge Sort Serial;false;1000;REVERSED;1;4;190700;0.1907
Merge Sort Serial;false;1000;REVERSED;1;5;194200;0.1942
Merge Sort Paralelo (ForkJoin);true;1000;REVERSED;2;1;1285500;1.2855
Merge Sort Paralelo (ForkJoin);true;1000;REVERSED;2;2;1236200;1.2362
Merge Sort Paralelo (ForkJoin);true;1000;REVERSED;2;3;738600;0.7386
Merge Sort Paralelo (ForkJoin);true;1000;REVERSED;2;4;912400;0.9124
Merge Sort Paralelo (ForkJoin);true;1000;REVERSED;2;5;1174800;1.1748
Merge Sort Paralelo (ForkJoin);true;1000;REVERSED;4;1;1041300;1.0413
Merge Sort Paralelo (ForkJoin);true;1000;REVERSED;4;2;871300;0.8713
Merge Sort Paralelo (ForkJoin);true;1000;REVERSED;4;3;865100;0.8651
Merge Sort Paralelo (ForkJoin);true;1000;REVERSED;4;4;799700;0.7997
Merge Sort Paralelo (ForkJoin);true;1000;REVERSED;4;5;863800;0.8638
Merge Sort Paralelo (ForkJoin);true;1000;REVERSED;8;1;997200;0.9972
Merge Sort Paralelo (ForkJoin);true;1000;REVERSED;8;2;1073300;1.0733
Merge Sort Paralelo (ForkJoin);true;1000;REVERSED;8;3;957200;0.9572
Merge Sort Paralelo (ForkJoin);true;1000;REVERSED;8;4;829300;0.8293
Merge Sort Paralelo (ForkJoin);true;1000;REVERSED;8;5;977500;0.9775
Bubble Sort Serial;false;2500;REVERSED;1;1;7021800;7.0218
Bubble Sort Serial;false;2500;REVERSED;1;2;7094400;7.0944
Bubble Sort Serial;false;2500;REVERSED;1;3;6984300;6.9843
Bubble Sort Serial;false;2500;REVERSED;1;4;7414000;7.4140
Bubble Sort Serial;false;2500;REVERSED;1;5;7321800;7.3218
Bubble Sort Paralelo (Odd-Even);true;2500;REVERSED;2;1;2700800;2.7008
Bubble Sort Paralelo (Odd-Even);true;2500;REVERSED;2;2;2897600;2.8976
Bubble Sort Paralelo (Odd-Even);true;2500;REVERSED;2;3;4758700;4.7587
Bubble Sort Paralelo (Odd-Even);true;2500;REVERSED;2;4;3295600;3.2956
Bubble Sort Paralelo (Odd-Even);true;2500;REVERSED;2;5;2665000;2.6650
Bubble Sort Paralelo (Odd-Even);true;2500;REVERSED;4;1;6097000;6.0970
Bubble Sort Paralelo (Odd-Even);true;2500;REVERSED;4;2;60987300;60.9873
Bubble Sort Paralelo (Odd-Even);true;2500;REVERSED;4;3;37561600;37.5616
Bubble Sort Paralelo (Odd-Even);true;2500;REVERSED;4;4;3517000;3.5170
Bubble Sort Paralelo (Odd-Even);true;2500;REVERSED;4;5;11732600;11.7326
Bubble Sort Paralelo (Odd-Even);true;2500;REVERSED;8;1;25621800;25.6218
Bubble Sort Paralelo (Odd-Even);true;2500;REVERSED;8;2;8487400;8.4874
Bubble Sort Paralelo (Odd-Even);true;2500;REVERSED;8;3;7634300;7.6343
Bubble Sort Paralelo (Odd-Even);true;2500;REVERSED;8;4;60660500;60.6605
Bubble Sort Paralelo (Odd-Even);true;2500;REVERSED;8;5;7051100;7.0511
Insertion Sort Serial;false;2500;REVERSED;1;1;1887200;1.8872
Insertion Sort Serial;false;2500;REVERSED;1;2;1337800;1.3378
Insertion Sort Serial;false;2500;REVERSED;1;3;1354800;1.3548
Insertion Sort Serial;false;2500;REVERSED;1;4;1772900;1.7729
Insertion Sort Serial;false;2500;REVERSED;1;5;2390100;2.3901
Insertion Sort Paralelo (ForkJoin);true;2500;REVERSED;2;1;2823700;2.8237
Insertion Sort Paralelo (ForkJoin);true;2500;REVERSED;2;2;2192400;2.1924
Insertion Sort Paralelo (ForkJoin);true;2500;REVERSED;2;3;2054600;2.0546
Insertion Sort Paralelo (ForkJoin);true;2500;REVERSED;2;4;5365100;5.3651
Insertion Sort Paralelo (ForkJoin);true;2500;REVERSED;2;5;1922200;1.9222
Insertion Sort Paralelo (ForkJoin);true;2500;REVERSED;4;1;1868000;1.8680
Insertion Sort Paralelo (ForkJoin);true;2500;REVERSED;4;2;1783800;1.7838
Insertion Sort Paralelo (ForkJoin);true;2500;REVERSED;4;3;1563300;1.5633
Insertion Sort Paralelo (ForkJoin);true;2500;REVERSED;4;4;1673000;1.6730
Insertion Sort Paralelo (ForkJoin);true;2500;REVERSED;4;5;1665200;1.6652
Insertion Sort Paralelo (ForkJoin);true;2500;REVERSED;8;1;1637100;1.6371
Insertion Sort Paralelo (ForkJoin);true;2500;REVERSED;8;2;1621700;1.6217
Insertion Sort Paralelo (ForkJoin);true;2500;REVERSED;8;3;1617800;1.6178
Insertion Sort Paralelo (ForkJoin);true;2500;REVERSED;8;4;2022100;2.0221
Insertion Sort Paralelo (ForkJoin);true;2500;REVERSED;8;5;1654800;1.6548
Quick Sort Serial;false;2500;REVERSED;1;1;173100;0.1731
Quick Sort Serial;false;2500;REVERSED;1;2;162500;0.1625
Quick Sort Serial;false;2500;REVERSED;1;3;101800;0.1018
Quick Sort Serial;false;2500;REVERSED;1;4;197700;0.1977
Quick Sort Serial;false;2500;REVERSED;1;5;96100;0.0961
Quick Sort Paralelo (ForkJoin);true;2500;REVERSED;2;1;1126200;1.1262
Quick Sort Paralelo (ForkJoin);true;2500;REVERSED;2;2;843800;0.8438
Quick Sort Paralelo (ForkJoin);true;2500;REVERSED;2;3;932500;0.9325
Quick Sort Paralelo (ForkJoin);true;2500;REVERSED;2;4;896100;0.8961
Quick Sort Paralelo (ForkJoin);true;2500;REVERSED;2;5;2192800;2.1928
Quick Sort Paralelo (ForkJoin);true;2500;REVERSED;4;1;1382400;1.3824
Quick Sort Paralelo (ForkJoin);true;2500;REVERSED;4;2;977200;0.9772
Quick Sort Paralelo (ForkJoin);true;2500;REVERSED;4;3;963000;0.9630
Quick Sort Paralelo (ForkJoin);true;2500;REVERSED;4;4;987100;0.9871
Quick Sort Paralelo (ForkJoin);true;2500;REVERSED;4;5;996200;0.9962
Quick Sort Paralelo (ForkJoin);true;2500;REVERSED;8;1;877500;0.8775
Quick Sort Paralelo (ForkJoin);true;2500;REVERSED;8;2;1504400;1.5044
Quick Sort Paralelo (ForkJoin);true;2500;REVERSED;8;3;940400;0.9404
Quick Sort Paralelo (ForkJoin);true;2500;REVERSED;8;4;1169500;1.1695
Quick Sort Paralelo (ForkJoin);true;2500;REVERSED;8;5;2568000;2.5680
Merge Sort Serial;false;2500;REVERSED;1;1;370100;0.3701
Merge Sort Serial;false;2500;REVERSED;1;2;246800;0.2468
Merge Sort Serial;false;2500;REVERSED;1;3;259400;0.2594
Merge Sort Serial;false;2500;REVERSED;1;4;243300;0.2433
Merge Sort Serial;false;2500;REVERSED;1;5;254000;0.2540
Merge Sort Paralelo (ForkJoin);true;2500;REVERSED;2;1;1651100;1.6511
Merge Sort Paralelo (ForkJoin);true;2500;REVERSED;2;2;1230400;1.2304
Merge Sort Paralelo (ForkJoin);true;2500;REVERSED;2;3;1320900;1.3209
Merge Sort Paralelo (ForkJoin);true;2500;REVERSED;2;4;1477500;1.4775
Merge Sort Paralelo (ForkJoin);true;2500;REVERSED;2;5;6829000;6.8290
Merge Sort Paralelo (ForkJoin);true;2500;REVERSED;4;1;1541300;1.5413
Merge Sort Paralelo (ForkJoin);true;2500;REVERSED;4;2;982300;0.9823
Merge Sort Paralelo (ForkJoin);true;2500;REVERSED;4;3;1411300;1.4113
Merge Sort Paralelo (ForkJoin);true;2500;REVERSED;4;4;2069000;2.0690
Merge Sort Paralelo (ForkJoin);true;2500;REVERSED;4;5;1277400;1.2774
Merge Sort Paralelo (ForkJoin);true;2500;REVERSED;8;1;1152200;1.1522
Merge Sort Paralelo (ForkJoin);true;2500;REVERSED;8;2;1473600;1.4736
Merge Sort Paralelo (ForkJoin);true;2500;REVERSED;8;3;1144700;1.1447
Merge Sort Paralelo (ForkJoin);true;2500;REVERSED;8;4;1079200;1.0792
Merge Sort Paralelo (ForkJoin);true;2500;REVERSED;8;5;1530700;1.5307
Bubble Sort Serial;false;5000;REVERSED;1;1;29139700;29.1397
Bubble Sort Serial;false;5000;REVERSED;1;2;28611900;28.6119
Bubble Sort Serial;false;5000;REVERSED;1;3;28777300;28.7773
Bubble Sort Serial;false;5000;REVERSED;1;4;28874900;28.8749
Bubble Sort Serial;false;5000;REVERSED;1;5;29812600;29.8126
Bubble Sort Paralelo (Odd-Even);true;5000;REVERSED;2;1;10018000;10.0180
Bubble Sort Paralelo (Odd-Even);true;5000;REVERSED;2;2;10077500;10.0775
Bubble Sort Paralelo (Odd-Even);true;5000;REVERSED;2;3;11196700;11.1967
Bubble Sort Paralelo (Odd-Even);true;5000;REVERSED;2;4;7697000;7.6970
Bubble Sort Paralelo (Odd-Even);true;5000;REVERSED;2;5;11907800;11.9078
Bubble Sort Paralelo (Odd-Even);true;5000;REVERSED;4;1;8103900;8.1039
Bubble Sort Paralelo (Odd-Even);true;5000;REVERSED;4;2;12583500;12.5835
Bubble Sort Paralelo (Odd-Even);true;5000;REVERSED;4;3;8131000;8.1310
Bubble Sort Paralelo (Odd-Even);true;5000;REVERSED;4;4;7804000;7.8040
Bubble Sort Paralelo (Odd-Even);true;5000;REVERSED;4;5;10178200;10.1782
Bubble Sort Paralelo (Odd-Even);true;5000;REVERSED;8;1;13897800;13.8978
Bubble Sort Paralelo (Odd-Even);true;5000;REVERSED;8;2;18456900;18.4569
Bubble Sort Paralelo (Odd-Even);true;5000;REVERSED;8;3;117993800;117.9938
Bubble Sort Paralelo (Odd-Even);true;5000;REVERSED;8;4;37001300;37.0013
Bubble Sort Paralelo (Odd-Even);true;5000;REVERSED;8;5;17711200;17.7112
Insertion Sort Serial;false;5000;REVERSED;1;1;5715700;5.7157
Insertion Sort Serial;false;5000;REVERSED;1;2;5453800;5.4538
Insertion Sort Serial;false;5000;REVERSED;1;3;5222900;5.2229
Insertion Sort Serial;false;5000;REVERSED;1;4;5508300;5.5083
Insertion Sort Serial;false;5000;REVERSED;1;5;7684400;7.6844
Insertion Sort Paralelo (ForkJoin);true;5000;REVERSED;2;1;5774700;5.7747
Insertion Sort Paralelo (ForkJoin);true;5000;REVERSED;2;2;7265000;7.2650
Insertion Sort Paralelo (ForkJoin);true;5000;REVERSED;2;3;11447300;11.4473
Insertion Sort Paralelo (ForkJoin);true;5000;REVERSED;2;4;5039700;5.0397
Insertion Sort Paralelo (ForkJoin);true;5000;REVERSED;2;5;5149900;5.1499
Insertion Sort Paralelo (ForkJoin);true;5000;REVERSED;4;1;2708800;2.7088
Insertion Sort Paralelo (ForkJoin);true;5000;REVERSED;4;2;2234200;2.2342
Insertion Sort Paralelo (ForkJoin);true;5000;REVERSED;4;3;2899600;2.8996
Insertion Sort Paralelo (ForkJoin);true;5000;REVERSED;4;4;5443500;5.4435
Insertion Sort Paralelo (ForkJoin);true;5000;REVERSED;4;5;2401700;2.4017
Insertion Sort Paralelo (ForkJoin);true;5000;REVERSED;8;1;2249800;2.2498
Insertion Sort Paralelo (ForkJoin);true;5000;REVERSED;8;2;2199900;2.1999
Insertion Sort Paralelo (ForkJoin);true;5000;REVERSED;8;3;2088900;2.0889
Insertion Sort Paralelo (ForkJoin);true;5000;REVERSED;8;4;2463300;2.4633
Insertion Sort Paralelo (ForkJoin);true;5000;REVERSED;8;5;1971600;1.9716
Quick Sort Serial;false;5000;REVERSED;1;1;251900;0.2519
Quick Sort Serial;false;5000;REVERSED;1;2;406900;0.4069
Quick Sort Serial;false;5000;REVERSED;1;3;199800;0.1998
Quick Sort Serial;false;5000;REVERSED;1;4;185700;0.1857
Quick Sort Serial;false;5000;REVERSED;1;5;192200;0.1922
Quick Sort Paralelo (ForkJoin);true;5000;REVERSED;2;1;1006000;1.0060
Quick Sort Paralelo (ForkJoin);true;5000;REVERSED;2;2;1213700;1.2137
Quick Sort Paralelo (ForkJoin);true;5000;REVERSED;2;3;1431600;1.4316
Quick Sort Paralelo (ForkJoin);true;5000;REVERSED;2;4;1080500;1.0805
Quick Sort Paralelo (ForkJoin);true;5000;REVERSED;2;5;2283400;2.2834
Quick Sort Paralelo (ForkJoin);true;5000;REVERSED;4;1;1179100;1.1791
Quick Sort Paralelo (ForkJoin);true;5000;REVERSED;4;2;1070400;1.0704
Quick Sort Paralelo (ForkJoin);true;5000;REVERSED;4;3;1082800;1.0828
Quick Sort Paralelo (ForkJoin);true;5000;REVERSED;4;4;1071200;1.0712
Quick Sort Paralelo (ForkJoin);true;5000;REVERSED;4;5;1551100;1.5511
Quick Sort Paralelo (ForkJoin);true;5000;REVERSED;8;1;1282200;1.2822
Quick Sort Paralelo (ForkJoin);true;5000;REVERSED;8;2;1654300;1.6543
Quick Sort Paralelo (ForkJoin);true;5000;REVERSED;8;3;1313900;1.3139
Quick Sort Paralelo (ForkJoin);true;5000;REVERSED;8;4;2509300;2.5093
Quick Sort Paralelo (ForkJoin);true;5000;REVERSED;8;5;1780200;1.7802
Merge Sort Serial;false;5000;REVERSED;1;1;493800;0.4938
Merge Sort Serial;false;5000;REVERSED;1;2;736100;0.7361
Merge Sort Serial;false;5000;REVERSED;1;3;578200;0.5782
Merge Sort Serial;false;5000;REVERSED;1;4;505200;0.5052
Merge Sort Serial;false;5000;REVERSED;1;5;493500;0.4935
Merge Sort Paralelo (ForkJoin);true;5000;REVERSED;2;1;2041300;2.0413
Merge Sort Paralelo (ForkJoin);true;5000;REVERSED;2;2;1272800;1.2728
Merge Sort Paralelo (ForkJoin);true;5000;REVERSED;2;3;1818900;1.8189
Merge Sort Paralelo (ForkJoin);true;5000;REVERSED;2;4;1362200;1.3622
Merge Sort Paralelo (ForkJoin);true;5000;REVERSED;2;5;2016400;2.0164
Merge Sort Paralelo (ForkJoin);true;5000;REVERSED;4;1;1600500;1.6005
Merge Sort Paralelo (ForkJoin);true;5000;REVERSED;4;2;1580300;1.5803
Merge Sort Paralelo (ForkJoin);true;5000;REVERSED;4;3;1503500;1.5035
Merge Sort Paralelo (ForkJoin);true;5000;REVERSED;4;4;1976300;1.9763
Merge Sort Paralelo (ForkJoin);true;5000;REVERSED;4;5;1311100;1.3111
Merge Sort Paralelo (ForkJoin);true;5000;REVERSED;8;1;2107900;2.1079
Merge Sort Paralelo (ForkJoin);true;5000;REVERSED;8;2;1904800;1.9048
Merge Sort Paralelo (ForkJoin);true;5000;REVERSED;8;3;1475300;1.4753
Merge Sort Paralelo (ForkJoin);true;5000;REVERSED;8;4;2045900;2.0459
Merge Sort Paralelo (ForkJoin);true;5000;REVERSED;8;5;1685300;1.6853
